url,id_inmueble,precio,titulo,tipo_inmueble,calle,colonia,alcaldia,cp,recamaras,banos,m2_construidos,estacionamientos,antiguedad,amenidades,precio_m2_colonia,latitud,longitud,fecha_extraccion
https://propiedades.com/inmuebles/departamento-en-venta-av-alvaro-obregon-hipodromo-df-30509729#pagina=17&tipos=residencial-venta&area=df&pos=30,30432884.0,7425000.0,"Departamento disponible en venta en Av. Álvaro Obregón, Colonia Hipódromo, C.P. 06100",Departamento,Avenida Álvaro Obregón,Hipódromo,Cuauhtémoc,6100.0,2.0,2.0,0.0,2.0,,[],62600.0,19.416286,-99.169398,2025-11-30 02:08:22
https://propiedades.com/inmuebles/departamento-en-venta-laguna-de-guzman-anahuac-i-secc-11320-ciudad-de-mexico-cdmx-anahuac-ii-seccion-df-30255443#pagina=26&tipos=residencial-venta&area=df&pos=6,30018056.0,3950000.0,"Se vende departamento en Laguna de Guzman, Anáhuac I Secc., 11320 Ciudad de México, CDMX, Colonia Anahuac II Sección, C.P. 11320",Departamento,Laguna de Guzman,Anahuac Ii Sección,Miguel Hidalgo,11320.0,1.0,2.0,,1.0,6.0,[],39760.0,19.407116,-99.190617,2025-11-30 02:08:37
https://propiedades.com/inmuebles/departamento-en-venta-celestun-heroes-de-padierna-df-27991302#pagina=9&tipos=residencial-venta&area=df&pos=29,30518753.0,3800000.0,"Departamento disponible en venta en Celestun, Colonia Héroes de Padierna, C.P. 14200",Departamento,Celestun,Héroes de Padierna,Tlalpan,14200.0,2.0,2.0,119.0,1.0,2.0,[],25680.0,19.283281,-99.221841,2025-11-30 02:08:53
https://propiedades.com/inmuebles/casa-en-venta-jaina-letran-valle-benito-juarez-03650-ciudad-de-mexico-cdmx-sn-letran-valle-df-30494524#pagina=23&tipos=residencial-venta&area=df&pos=40,30580553.0,11150000.0,"Se vende casa en Jaina, Letran Valle, Benito Juárez, 03650 Ciudad de México, CDMX #s/n, Colonia Letrán Valle, C.P. 03650",Casa,Jaina,Letrán Valle,Benito Juárez,3650.0,3.0,3.0,106.0,2.0,15.0,"['Cisterna', 'Telefonía']",41420.0,19.374119,-99.152255,2025-11-30 02:09:08
https://propiedades.com/inmuebles/departamento-en-venta-santa-fe-cuajimalpa-df-27223587#pagina=20&tipos=residencial-venta&area=df&pos=22,28792472.0,4800000.0,"Venta de departamento en _ , Colonia Santa Fe Cuajimalpa, C.P. 05348",Departamento,,Santa Fe Cuajimalpa,Cuajimalpa,5348.0,2.0,2.0,6.0,2.0,15.0,[],52900.0,19.358168,-99.272261,2025-11-30 02:09:25
https://propiedades.com/inmuebles/casa-en-venta-cjon-del-bosque-san-jeronimo-lidice-10200-ciudad-de-mexico-cdmx-24-san-jeronimo-lidice-df-30452682#pagina=7&tipos=residencial-venta&area=df&pos=33,27383582.0,12790000.0,"Venta de casa Cjon. del Bosque, San Jerónimo Lídice, 10200 Ciudad de México, CDMX #24, Colonia San Jerónimo Lídice, C.P. 10200",Casa,,San Jerónimo Lídice,La Magdalena Contreras,10200.0,4.0,4.0,290.0,2.0,19.0,['Cisterna'],31770.0,19.326719,-99.22256,2025-11-30 02:09:45
https://propiedades.com/inmuebles/departamento-en-venta-departamento-en-periferico-sur-los-alpes-con-amenidades-los-alpes-df-30094255#pagina=6&tipos=residencial-venta&area=df&pos=15,29409614.0,6179382.0,"Departamento en venta, DEPARTAMENTO EN PERIFERICO SUR LOS ALPES CON AMENIDADES , Colonia Los Alpes, C.P. 01010",Departamento,Periferico Sur LOS Alpes CON Amenidades,Los Alpes,Álvaro Obregón,1010.0,2.0,2.0,344.0,2.0,1.0,['Cisterna'],59230.0,19.359862,-99.193491,2025-11-30 02:10:01
https://propiedades.com/inmuebles/departamento-en-venta-cmonte-camerun-145-lomas-de-chapultepec-miguel-hidalgo-11000-ciudad-de-mexico-cdmx-145-lomas-de-chapultepec-v-seccion-df-30545194#pagina=12&tipos=residencial-venta&area=df&pos=14,27975207.0,15500000.0,"Venta departamento en C.Monte Camerun 145, Lomas de Chapultepec, Miguel Hidalgo, 11000 Ciudad de México, CDMX #145, Colonia Lomas de Chapultepec V Sección, C.P. 11000",Departamento,C.monte Camerun 145,Lomas de Chapultepec V Sección,Miguel Hidalgo,11000.0,3.0,3.0,223.0,2.0,1.0,[],58630.0,19.410697,-99.21981,2025-11-30 02:10:16
https://propiedades.com/inmuebles/departamento-en-venta-calzada-santa-cruz-privanza-santa-97-depto-201-torre-1-san-simon-ticumac-benito-juarez-cdmx-cp-san-simon-ticumac-df-29533164#tipos=residencial-venta&area=df&pos=9,30096667.0,2899000.0,"Se vende departamento Calzada Santa Cruz Privanza Santa 97, Depto 201 Torre 1, San Simon Ticumac, Benito Juárez, CDMX CP. , Colonia San Simón Ticumac, C.P. 03660",Departamento,,San Simón Ticumac,Benito Juárez,3660.0,1.0,2.0,67.0,1.0,19.0,[],35130.0,19.375563,-99.145668,2025-11-30 02:10:31
https://propiedades.com/inmuebles/departamento-en-venta-narvarte-poniente-pitagoras-03020-ciudad-de-mexico-cdmx-sn-narvarte-poniente-df-30417384#pagina=27&tipos=residencial-venta&area=df&pos=31,30517055.0,3695000.0,"Departamento en venta, Narvarte Poniente Pitagoras, 03020 Ciudad de México, CDMX #s/n, Colonia Narvarte Poniente, C.P. 03020",Departamento,Venta,Narvarte Poniente,Benito Juárez,3020.0,2.0,1.0,41.0,2.0,,['Cisterna'],41310.0,19.398537,-99.152126,2025-11-30 02:10:58
https://propiedades.com/inmuebles/departamento-en-venta-insurgentes-mixcoac-df-27477467#pagina=22&tipos=residencial-venta&area=df&pos=30,30439878.0,4500000.0,"Se vende departamento en , Colonia Insurgentes Mixcoac, C.P. 03920",Departamento,,Insurgentes Mixcoac,Benito Juárez,3920.0,2.0,2.0,0.0,1.0,,[],47820.0,19.372323,-99.183668,2025-11-30 02:11:11
https://propiedades.com/inmuebles/departamento-en-venta-paseo-de-los-laureles-bosques-de-las-lomas-bosques-de-las-lomas-df-29072579#pagina=20&tipos=residencial-venta&area=df&pos=12,29724679.0,12600000.0,"Departamento en venta disponible en Paseo de los Laureles, Bosques de las Lomas, Colonia Bosques de las Lomas, C.P. 05120",Departamento,Paseo de los Laureles,Bosques de las Lomas,Cuajimalpa,5120.0,3.0,2.0,0.0,3.0,35.0,[],46010.0,19.390378,-99.249462,2025-11-30 02:11:27
https://propiedades.com/inmuebles/departamento-en-venta-rio-hudson-15-cuauhtemoc-df-29893693#pagina=12&tipos=residencial-venta&area=df&pos=35,29922177.0,4400000.0,"Se vende departamento en Río Hudson #15, Colonia Cuauhtémoc, C.P. 06500",Departamento,Río Hudson #15,Cuauhtémoc,Cuauhtémoc,6500.0,1.0,1.0,55.0,,1.0,['Cisterna'],60120.0,19.426526,-99.174813,2025-11-30 02:11:45
https://propiedades.com/inmuebles/departamento-en-venta-avenida-palmitas-30--ch-palmitas-depto-504-citlalli-alcaldia-iztapalapa-ciudad-de-mexico-cdmx-citlalli-df-30327434#tipos=residencial-venta&area=df&pos=6,30366625.0,1221000.0,"Se vende departamento Avenida palmitas 30 C.H. Palmitas Depto. 504 Citlalli, Alcaldía Iztapalapa, Ciudad de México, CDMX,, Colonia Citlalli, C.P. 09660",Departamento,"Alcaldía Iztapalapa, Ciudad de México",Citlalli,Iztapalapa,9660.0,2.0,1.0,51.0,1.0,20.0,['Cisterna'],14750.0,19.342727,-99.022766,2025-11-30 02:12:01
https://propiedades.com/inmuebles/casa-en-condominio-en-venta-hortensia-florida-df-29834488#pagina=33&tipos=residencial-venta&area=df&pos=21,30036500.0,22450000.0,"Venta de casa en condominio en Hortensia, Colonia Florida, C.P. 01030",Casa,,Florida,Desconocida,1030.0,3.0,3.0,,,15.0,"['Cisterna', 'Telefonía']",,,,2025-11-30 02:12:16
https://propiedades.com/inmuebles/departamento-en-venta-coahuila-252-252-cuajimalpa-df-29493805#pagina=3&tipos=residencial-venta&area=df&pos=20,30073118.0,2040000.0,"Venta de departamento Coahuila 252 #252, Colonia Cuajimalpa, C.P. 05000",Departamento,,Cuajimalpa,Cuajimalpa,5000.0,1.0,1.0,58.0,1.0,10.0,['Cisterna'],35080.0,19.357981,-99.278199,2025-11-30 02:12:33
https://propiedades.com/inmuebles/departamento-en-venta-avenida-chapultepec-49-centro-area-4-df-29985608#pagina=12&tipos=residencial-venta&area=df&pos=47,30296274.0,2320000.0,"Venta de departamento Avenida Chapultepec #49, Colonia Centro (Área 4), C.P. 06040",Departamento,,Centro (área 4),Cuauhtémoc,6040.0,1.0,1.0,32.0,,,['Cisterna'],36970.0,19.43263,-99.133178,2025-11-30 02:12:52
https://propiedades.com/inmuebles/casa-en-condominio-en-venta-prolongacion-abasolo-valle-de-tepepan-df-30082482#pagina=31&tipos=residencial-venta&area=df&pos=46,17981034.0,7900000.0,"Venta de casa en condominio en Prolongación Abasolo, Colonia Valle de Tepepan, C.P. 14646",Casa,Condominio en Prolongación Abasolo,Valle de Tepepan,Xochimilco,14646.0,3.0,3.0,,,7.0,"['Cisterna', 'Telefonía']",,19.263361,-99.104738,2025-11-30 02:13:07
https://propiedades.com/inmuebles/departamento-en-venta-avenida-te-786-dpto-310-granjas-mexico-iztacalco-cdmx-cp-08400-granjas-mexico-df-30163320#tipos=residencial-venta&area=df&pos=1,30555960.0,3037000.0,"Departamento en venta disponible en Avenida Te 786, Dpto 310, Granjas México, Iztacalco, CDMX, C.P. 08400, Colonia Granjas México, C.P. 08400",Departamento,,Granjas México,Iztacalco,8400.0,2.0,1.0,58.0,1.0,15.0,['Cisterna'],29340.0,19.402445,-99.10514,2025-11-30 02:13:25
https://propiedades.com/inmuebles/departamento-en-venta-tercera-cerrada-de-minas--edificio-6c-depto-503-uh-lomas-de-becerra-i-01280-alvaro-obregon-cdmx-lomas-de-becerra-df-30327432#pagina=2&tipos=residencial-venta&area=df&pos=31,29686250.0,1478500.0,"Departamento disponible en venta en Tercera Cerrada de Minas Edificio 6C Depto 503, UH Lomas de Becerra I, 01280, Álvaro Obregón, CDMX, Colonia Lomas de Becerra, C.P. 01279",Departamento,,Lomas de Becerra,Álvaro Obregón,1280.0,1.0,1.0,51.0,1.0,27.0,[],15190.0,19.3818,-99.221075,2025-11-30 02:14:09
https://propiedades.com/inmuebles/departamento-en-venta-club-de-golf-bosques-club-de-golf-bosques-df-30354008#pagina=17&tipos=residencial-venta&area=df&pos=17,29271300.0,3200000.0,"Venta de departamento Club de Golf Bosques, Colonia Club de Golf Bosques, C.P. 05214",Departamento,,Club de Golf Bosques,Desconocida,5214.0,3.0,3.0,403.0,5.0,,[],111520.0,,,2025-11-30 02:14:24
https://propiedades.com/inmuebles/casa-en-condominio-en-venta-antiguo-camino-a-san-mateo-contadero-cuajimalpa-contadero-df-6228836#pagina=19&tipos=residencial-venta&area=df&pos=13,,18750000.0,"Casa en condominio en venta, ANTIGUO CAMINO A SAN MATEO, CONTADERO, CUAJIMALPA, Colonia Contadero, C.P. 05500",Casa,Condominio en Venta,Contadero,Cuajimalpa,5500.0,3.0,,,,48.0,[],,19.346598,-99.299359,2025-11-30 02:14:44
https://propiedades.com/inmuebles/casa-en-venta-privada-5-de-mayo-santa-maria-tepepan-df-24532541#pagina=20&tipos=residencial-venta&area=df&pos=6,30591196.0,10000000.0,"Se vende casa en Privada 5 de mayo, Colonia Santa María Tepepan, C.P. 16020",Casa,Privada 5 de Mayo,Santa María Tepepan,Xochimilco,16020.0,4.0,3.0,357.0,5.0,,[],23720.0,19.274411,-99.136268,2025-11-30 02:15:04
https://propiedades.com/inmuebles/casa-en-venta-cdad-victoria-43-alvaro-obregon-01780-alvaro-obregon-cdmx-43-olivar-de-los-padres-df-30498602#pagina=33&tipos=residencial-venta&area=df&pos=19,30444998.0,5783938.0,"Se vende casa Cdad. Victoria 43, Álvaro Obregón, 01780 Álvaro Obregón, CDMX #43, Colonia Olivar de los Padres, C.P. 01780",Casa,,Olivar de los Padres,Álvaro Obregón,1780.0,3.0,2.0,240.0,1.0,,[],33450.0,19.337409,-99.219657,2025-11-30 02:15:19
https://propiedades.com/inmuebles/casa-en-venta-lerdo-san-jeronimo-aculco-df-30071790#pagina=32&tipos=residencial-venta&area=df&pos=13,30354835.0,12100000.0,"Casa disponible en venta en LERDO, Colonia San Jerónimo Aculco, C.P. 01904",Casa,Lerdo,San Jerónimo Aculco,La Magdalena Contreras,1904.0,3.0,4.0,679.0,6.0,5.0,"['Cisterna', 'Telefonía']",31770.0,19.319946,-99.233711,2025-11-30 02:15:51
https://propiedades.com/inmuebles/departamento-en-venta-calle-republica-de-peru-87-int-14-colonia-centro-cuauhtemoc-ciudad-de-mexico-cp-06010-centro-area-2-df-30327543#tipos=residencial-venta&area=df&pos=18,29445816.0,2917000.0,"Venta de departamento Calle República de Perú 87, Int 14, Colonia Centro, Cuauhtémoc, Ciudad de México, C.P. 06010, Colonia Centro (Área 2), C.P. 06010",Departamento,"Cuauhtémoc, Ciudad de México",Centro (área 2),Cuauhtémoc,6010.0,2.0,1.0,30.0,0.0,6.0,[],36970.0,19.432448,-99.13609,2025-11-30 02:16:10
https://propiedades.com/inmuebles/casa-en-venta-belvedere-14720-ciudad-de-mexico-cdmx-belvedere-ajusco-df-30445178#pagina=7&tipos=residencial-venta&area=df&pos=41,20858558.0,3500000.0,"Casa en venta, Belvedere, 14720 Ciudad de México, CDMX, Colonia Belvedere Ajusco, C.P. 14720",Casa,Venta,Belvedere Ajusco,Desconocida,14720.0,3.0,2.0,,,20.0,"['Cisterna', 'Telefonía']",14570.0,,,2025-11-30 02:16:28
https://propiedades.com/inmuebles/casa-en-venta-moctezuma-aragon-la-villaaragon-07000-ciudad-de-mexico-cdmx-sn-aragon-la-villa-df-30519397#pagina=29&tipos=residencial-venta&area=df&pos=27,30216226.0,9700000.0,"Venta de casa en Moctezuma, Aragón La Villa(Aragón), 07000 Ciudad de México, CDMX #s/n, Colonia Aragón la Villa, C.P. 07000",Casa,Moctezuma,Aragón la Villa,Desconocida,7000.0,3.0,4.0,,6.0,,[],14210.0,,,2025-11-30 02:16:46
https://propiedades.com/inmuebles/departamento-en-venta-alpes-34-los-alpes-alvaro-obregon-01010-ciudad-de-mexico-cdmx-34-los-alpes-df-30518959#pagina=25&tipos=residencial-venta&area=df&pos=46,30304889.0,3871000.0,"Departamento disponible en venta en Alpes 34, Los Alpes, Álvaro Obregón, 01010 Ciudad de México, CDMX #34Int. A-701, Colonia Los Alpes, C.P. 01010",Departamento,Alpes 34,Los Alpes,Álvaro Obregón,1010.0,2.0,1.0,82.0,1.0,6.0,['Cisterna'],59230.0,19.362675,-99.190115,2025-11-30 02:17:03
https://propiedades.com/inmuebles/departamento-en-venta-c-del-fresno-236-sta-maria-la-ribera-cuauhtemoc-06400-ciudad-de-mexico-cdmx-236-santa-maria-la-ribera-df-30447805#pagina=8&tipos=residencial-venta&area=df&pos=28,30319683.0,4200000.0,"Venta departamento en C. del Fresno 236, Sta María la Ribera, Cuauhtémoc, 06400 Ciudad de México, CDMX #236, Colonia Santa Maria La Ribera, C.P. 06400",Departamento,C. del Fresno 236,Santa Maria la Ribera,Cuauhtémoc,6400.0,2.0,1.0,10.0,1.0,1.0,[],36890.0,19.448974,-99.157144,2025-11-30 02:17:34
https://propiedades.com/inmuebles/departamento-en-venta-calz-de-tlalpan-1159-san-simon-benito-juarez-03660-ciudad-de-mexico-cdmx-san-simon-ticumac-df-30327417#pagina=2&tipos=residencial-venta&area=df&pos=36,28979088.0,2666000.0,"Departamento disponible en venta en Calz. de Tlalpan 1159, San Simón, Benito Juárez, 03660 Ciudad de México, CDMX, Colonia San Simón Ticumac, C.P. 03660",Departamento,Calzada de Tlalpan 1159,San Simón Ticumac,Benito Juárez,3660.0,2.0,1.0,43.0,1.0,1.0,[],35130.0,19.367133,-99.142193,2025-11-30 02:17:49
https://propiedades.com/inmuebles/departamento-en-venta-providencia-del-valle-centro-df-29491319#pagina=21&tipos=residencial-venta&area=df&pos=11,29651060.0,13998980.0,"Venta de departamento en Providencia, Colonia Del Valle Centro, C.P. 03100",Departamento,Providencia,Del Valle Centro,Benito Juárez,3100.0,3.0,3.0,380.0,3.0,10.0,[],42630.0,19.386964,-99.169989,2025-11-30 02:18:06
https://propiedades.com/inmuebles/departamento-en-venta-calzada-de-tlalpan-nativitas-df-29547963#pagina=5&tipos=residencial-venta&area=df&pos=24,30473466.0,4308576.0,"Departamento en venta, Calzada de Tlalpan, Colonia Nativitas, C.P. 03500",Departamento,Venta,Nativitas,Tlalpan,3500.0,2.0,2.0,0.0,2026.0,,[],41860.0,19.379394,-99.1402,2025-11-30 02:18:23
https://propiedades.com/inmuebles/departamento-en-venta-del-valle-sur-df-27477064#pagina=23&tipos=residencial-venta&area=df&pos=16,29956004.0,3995000.0,"Se vende departamento en , Colonia Del Valle Sur, C.P. 03104",Departamento,"Benito Juárez, Ciudad de México",Del Valle Sur,Benito Juárez,3104.0,2.0,2.0,100.0,1.0,,[],42630.0,19.389128,-99.175683,2025-11-30 02:18:42
https://propiedades.com/inmuebles/casa-en-venta-fuego-jardines-del-pedregal-df-30087072#pagina=6&tipos=residencial-venta&area=df&pos=33,22864127.0,39500000.0,"Casa disponible en venta en Fuego, Colonia Jardines del Pedregal, C.P. 01900",Casa,Fuego,Jardines del Pedregal,Tlalpan,1900.0,3.0,3.0,200.0,8.0,40.0,"['Cisterna', 'Telefonía']",27820.0,19.2953,-99.209786,2025-11-30 02:19:01
https://propiedades.com/inmuebles/casa-en-venta-victorio-pedregal-de-santa-ursula-df-30369343#pagina=24&tipos=residencial-venta&area=df&pos=1,30355917.0,6290000.0,"Se vende casa en VICTORIO, Colonia Pedregal de Santa Ursula, C.P. 04600",Casa,Victorio,Pedregal de Santa Ursula,Tlalpan,4600.0,5.0,4.0,216.0,2.0,,[],10710.0,19.270487,-99.170138,2025-11-30 02:19:19
https://propiedades.com/inmuebles/departamento-en-venta-calz-de-tlalpan-605-alamos-benito-juarez-03400-ciudad-de-mexico-cdmx-605-alamos-df-30250446#pagina=11&tipos=residencial-venta&area=df&pos=21,30483091.0,2250000.0,"Departamento disponible en venta en Calz. de Tlalpan 605, Álamos, Benito Juárez, 03400 Ciudad de México, CDMX #605Int. 4, Colonia Álamos, C.P. 03400",Departamento,Calzada de Tlalpan 605,Álamos,Benito Juárez,3400.0,2.0,2.0,,,1.0,"['Cisterna', 'Telefonía']",38920.0,19.396509,-99.138054,2025-11-30 02:19:36
https://propiedades.com/inmuebles/departamento-en-venta-avenida-mazatlan-132-condesa-df-30007430#pagina=25&tipos=residencial-venta&area=df&pos=19,28884291.0,7490000.0,"Se vende departamento Avenida Mazatlan #132, Colonia Condesa, C.P. 06140",Departamento,"ubicada en la Condesa, Ciudad de México",Condesa,Cuauhtémoc,6140.0,2.0,2.0,136.0,1.0,,[],62600.0,19.414864,-99.176429,2025-11-30 02:19:52
https://propiedades.com/inmuebles/departamento-en-venta-ciudad-de-los-deportes-df-30549283#pagina=4&tipos=residencial-venta&area=df&pos=2,29912880.0,8670000.0,"Venta departamento en , Colonia Ciudad de los Deportes, C.P. 03710",Departamento,,Ciudad de los Deportes,Benito Juárez,3710.0,3.0,2.0,0.0,2.0,,[],45250.0,19.382422,-99.17616,2025-11-30 02:20:08
https://propiedades.com/inmuebles/departamento-en-venta-victor-hugo-portales-norte-df-30222866#pagina=25&tipos=residencial-venta&area=df&pos=8,30361918.0,3838000.0,"Venta de departamento en VICTOR HUGO, Colonia Portales Norte, C.P. 03303",Departamento,,Portales Norte,Benito Juárez,3303.0,2.0,2.0,60.0,1.0,,[],41970.0,19.368262,-99.149281,2025-11-30 02:20:57
https://propiedades.com/inmuebles/departamento-en-venta-aeropuerto-arenal-ciudad-de-mexico-cdmx-arenal-1a-seccion-df-30545179#pagina=32&tipos=residencial-venta&area=df&pos=34,27530220.0,1138600.0,"Departamento en venta, Aeropuerto Arenal, Ciudad de México, CDMX, Colonia Arenal 1a Sección, C.P. 15600",Departamento,"Aeropuerto Arenal, Ciudad de México",Arenal I Sección,Desconocida,15600.0,2.0,1.0,56.0,1.0,,[],12870.0,,,2025-11-30 02:21:18
https://propiedades.com/inmuebles/departamento-en-venta-satori-santa-fe-cuajimalpa-df-30453876#pagina=17&tipos=residencial-venta&area=df&pos=29,29100075.0,4841955.0,"Departamento en venta disponible en Satori, Colonia Santa Fe Cuajimalpa, C.P. 05348",Departamento,,Santa Fe Cuajimalpa,Cuajimalpa,5348.0,3.0,1.0,88.0,1.0,,[],52900.0,19.358168,-99.272261,2025-11-30 02:21:35
https://propiedades.com/inmuebles/departamento-en-venta-rio-churubusco-granjas-mexico-df-30089470#pagina=21&tipos=residencial-venta&area=df&pos=12,29916881.0,2261805.0,"Se vende departamento en Rio Churubusco, Colonia Granjas México, C.P. 08400",Departamento,Rio Churubusco,Granjas México,Iztacalco,8400.0,2.0,2.0,84.0,1.0,,[],29340.0,19.397143,-99.099153,2025-11-30 02:21:53
https://propiedades.com/inmuebles/departamento-en-venta-narvarte-poniente-03020-ciudad-de-mexico-cdmx-narvarte-poniente-df-30537953#pagina=2&tipos=residencial-venta&area=df&pos=20,30411835.0,5175000.0,"Venta de departamento en Narvarte Poniente, 03020 Ciudad de México, CDMX, Colonia Narvarte Poniente, C.P. 03020",Departamento,Narvarte Poniente,Narvarte Poniente,Benito Juárez,3020.0,2.0,2.0,81.0,2.0,1.0,['Cisterna'],41310.0,19.389297,-99.16122,2025-11-30 02:22:10
https://propiedades.com/inmuebles/departamento-en-venta-lago-andromaco-granada-11529-ciudad-de-mexico-cdmx-ampliacion-granada-df-30407480#pagina=28&tipos=residencial-venta&area=df&pos=16,8269139.0,5950000.0,"Departamento en venta disponible en Lago Andromaco, Granada, 11529 Ciudad de México, CDMX, Colonia Ampliación Granada, C.P. 11529",Departamento,Disponible en Lago Andromaco,Ampliación Granada,Desconocida,11529.0,2.0,2.0,77.0,2.0,10.0,['Cisterna'],65250.0,,,2025-11-30 02:22:26
https://propiedades.com/inmuebles/departamento-en-venta-c-antillas-portales-sur-df-30517687#pagina=26&tipos=residencial-venta&area=df&pos=31,28909306.0,4462908.0,"Venta departamento en C. Antillas , Colonia Portales Sur, C.P. 03300",Departamento,,Portales Sur,Benito Juárez,3300.0,2.0,2.0,4.0,1.0,1.0,['Cisterna'],41970.0,19.361694,-99.148914,2025-11-30 02:22:44
https://propiedades.com/inmuebles/departamento-en-venta-santa-fe-cuajimalpa-df-30569713#pagina=16&tipos=residencial-venta&area=df&pos=15,30390059.0,4.0,"Venta departamento en , Colonia Santa Fe Cuajimalpa, C.P. 05348",Departamento,,Santa Fe Cuajimalpa,Cuajimalpa,5348.0,1.0,1.0,60.0,1.0,17.0,[],52900.0,19.358168,-99.272261,2025-11-30 02:23:00
https://propiedades.com/inmuebles/departamento-en-venta-gabriel-mancera-del-valle-norte-df-30380430#pagina=17&tipos=residencial-venta&area=df&pos=18,29324443.0,2450000.0,"Departamento en venta disponible en Gabriel Mancera, Colonia Del Valle Norte, C.P. 03103",Departamento,Disponible en Gabriel Mancera,Del Valle Norte,Benito Juárez,3103.0,2.0,1.0,70.0,,65.0,[],42630.0,19.373635,-99.157408,2025-11-30 02:23:12
https://propiedades.com/inmuebles/casa-en-venta-prolongacion-5-de-mayo-san-pedro-martir-df-30113813#pagina=4&tipos=residencial-venta&area=df&pos=47,29838913.0,8140000.0,"Venta de casa Prolongación 5 de mayo, Colonia San Pedro Mártir, C.P. 14650",Casa,,San Pedro Mártir,Tlalpan,14650.0,4.0,5.0,650.0,4.0,25.0,[],21830.0,19.266621,-99.167191,2025-11-30 02:23:29
https://propiedades.com/inmuebles/casa-en-venta-abadejos-lomas-de-las-aguilas-df-30180655#pagina=31&tipos=residencial-venta&area=df&pos=32,30514929.0,11400000.0,"Se vende casa en Abadejos, Colonia Lomas de las Águilas, C.P. 01730",Casa,Abadejos,Lomas de las Águilas,Álvaro Obregón,1730.0,3.0,2.0,327.0,,5.0,"['Cisterna', 'Telefonía']",31010.0,19.343836,-99.232578,2025-11-30 02:25:23
https://propiedades.com/inmuebles/departamento-en-venta-reforma-santa-fe-santa-fe-df-5518595#pagina=21&tipos=residencial-venta&area=df&pos=42,29055096.0,765000.0,"Departamento en venta, REFORMA, SANTA FE, Colonia Santa Fe, C.P. 01210",Departamento,,Santa Fe,Álvaro Obregón,1210.0,3.0,5.0,286.0,3.0,5.0,[],52900.0,19.383964,-99.235094,2025-11-30 02:25:44
https://propiedades.com/inmuebles/departamento-en-venta-eje-central-lazaro-cardenas-1040-nueva-industrial-vallejo-gustavo-a-madero-07700-ciudad-de-mexic-1040-nueva-industrial-vallejo-df-30439972#pagina=31&tipos=residencial-venta&area=df&pos=18,30406373.0,2465000.0,"Venta de departamento Eje Central Lázaro Cárdenas 1040, Nueva Industrial Vallejo, Gustavo A. Madero, 07700 Ciudad de Méxic #1040, Colonia Nueva Industrial Vallejo, C.P. 07700",Departamento,,Nueva Industrial Vallejo,Gustavo A. Madero,7700.0,2.0,1.0,60.0,1.0,15.0,['Cisterna'],24860.0,19.512993,-99.152273,2025-11-30 02:26:02
https://propiedades.com/inmuebles/departamento-en-venta-del-valle-sur-df-30380535#pagina=18&tipos=residencial-venta&area=df&pos=5,30432676.0,6470000.0,"Venta de departamento , Colonia Del Valle Sur, C.P. 03104",Departamento,,Del Valle Sur,Benito Juárez,3104.0,2.0,2.0,82.0,2.0,,[],42630.0,19.389128,-99.175683,2025-11-30 02:26:19
https://propiedades.com/inmuebles/departamento-en-venta-departamento-con-terraza-en-barranca-del-muerto-merced-gomez-df-30554235#pagina=25&tipos=residencial-venta&area=df&pos=44,28284770.0,6978000.0,"Venta departamento en DEPARTAMENTO CON TERRAZA EN BARRANCA DEL MUERTO , Colonia Merced Gómez, C.P. 01600",Departamento,Departamento CON Terraza EN Barranca DEL Muerto,Merced Gómez,Álvaro Obregón,1600.0,2.0,2.0,120.0,2.0,1.0,['Cisterna'],45450.0,19.364683,-99.198554,2025-11-30 02:26:38
https://propiedades.com/inmuebles/casa-en-venta-san-bartolo-ameyalco-ciudad-de-mexico-cdmx-22-san-bartolo-ameyalco-df-30532976#pagina=23&tipos=residencial-venta&area=df&pos=21,29396256.0,7500000.0,"Casa en venta, San Bartolo Ameyalco, Ciudad de México, CDMX #22, Colonia San Bartolo Ameyalco, C.P. 01800",Casa,"San Bartolo Ameyalco, Ciudad de México",San Bartolo Ameyalco,Milpa Alta,1800.0,3.0,3.0,0.0,4.0,,[],19020.0,19.191609,-99.023376,2025-11-30 02:26:57
https://propiedades.com/inmuebles/casa-en-venta-avenida-picacho-jardines-del-pedregal-df-30152861#pagina=31&tipos=residencial-venta&area=df&pos=29,29885667.0,47900000.0,"Casa en venta disponible en Avenida Picacho, Colonia Jardines del Pedregal, C.P. 01900",Casa,Avenida Picacho,Jardines del Pedregal,Tlalpan,1900.0,3.0,3.0,120.0,8.0,5.0,"['Cisterna', 'Telefonía']",27820.0,19.2953,-99.209786,2025-11-30 02:27:13
https://propiedades.com/inmuebles/departamento-en-venta-romulo-ofarril-468-olivar-de-los-padres-df-27445420#pagina=29&tipos=residencial-venta&area=df&pos=15,30537820.0,5185000.0,"Departamento disponible en venta en Romulo O´Farril #468, Colonia Olivar de los Padres, C.P. 01780",Departamento,"Álvaro Obregón, Ciudad de México",Olivar de los Padres,Álvaro Obregón,1780.0,3.0,2.0,115.0,2.0,,[],38570.0,19.33758,-99.244896,2025-11-30 02:27:34
https://propiedades.com/inmuebles/departamento-en-venta-avenida-presidente-masaryk-14-14-polanco-v-seccion-df-30077795#pagina=11&tipos=residencial-venta&area=df&pos=24,29645686.0,13700000.0,"Venta de departamento Avenida Presidente Masaryk 14 #14, Colonia Polanco V Sección, C.P. 11560",Departamento,Avenida Presidente Masaryk 14 #14,Polanco V Sección,Miguel Hidalgo,11560.0,3.0,1.0,147.0,,25.0,"['Cisterna', 'Telefonía']",84460.0,19.429379,-99.196393,2025-11-30 02:27:47
https://propiedades.com/inmuebles/departamento-en-venta-doctor-ignacio-morones-prieto-60-doctores-df-30158500#pagina=11&tipos=residencial-venta&area=df&pos=14,30537149.0,2430000.0,"Departamento en venta, Doctor Ignacio Morones Prieto #60, Colonia Doctores, C.P. 06720",Departamento,Venta,Doctores,Cuauhtémoc,6720.0,2.0,2.0,58.0,1.0,1.0,[],20910.0,19.421442,-99.14322,2025-11-30 02:28:04
https://propiedades.com/inmuebles/departamento-en-venta-pedregal-de-santa-ursula-df-30350260#pagina=18&tipos=residencial-venta&area=df&pos=34,2.0,2205900.0,"Venta de departamento , Colonia Pedregal de Santa Ursula, C.P. 04600",Departamento,,Pedregal de Santa Ursula,Tlalpan,4600.0,2.0,1.0,47.0,1.0,,[],39430.0,19.270487,-99.170138,2025-11-30 02:28:55
https://propiedades.com/inmuebles/departamento-en-venta-departamento-con-roof-privado-cerca-del-metro-portales-zacahuitzco-df-30554260#pagina=25&tipos=residencial-venta&area=df&pos=25,30344535.0,4013000.0,"Se vende departamento DEPARTAMENTO CON ROOF PRIVADO CERCA DEL METRO PORTALES, Colonia Zacahuitzco, C.P. 03550",Departamento,,Zacahuitzco,Desconocida,3550.0,2.0,2.0,75.0,1.0,1.0,['Cisterna'],44200.0,,,2025-11-30 02:29:14
https://propiedades.com/inmuebles/departamento-en-venta-c-buenavista-17-pueblo-nuevo-bajo-la-magdalena-contreras-10640-ciudad-de-mexico-cdmx-17-pueblo-nuevo-bajo-df-30545163#pagina=29&tipos=residencial-venta&area=df&pos=16,30351798.0,7182400.0,"Departamento disponible en venta en C. Buenavista 17, Pueblo Nuevo Bajo, La Magdalena Contreras, 10640 Ciudad de México, CDMX #17, Colonia Pueblo Nuevo Bajo, C.P. 10640",Departamento,C. Buenavista 17,Pueblo Nuevo Bajo,La Magdalena Contreras,10640.0,3.0,1.0,114.0,2.0,,[],18060.0,19.307132,-99.245098,2025-11-30 02:29:33
https://propiedades.com/inmuebles/departamento-en-venta-ignacio-manuel-altamirano-7-san-rafael-df-30296242#pagina=12&tipos=residencial-venta&area=df&pos=33,27770320.0,1920000.0,"Venta de departamento Ignacio Manuel Altamirano #7, Colonia San Rafael, C.P. 06470",Departamento,,San Rafael,Cuauhtémoc,6470.0,1.0,1.0,22.0,,,['Cisterna'],44580.0,19.437945,-99.162422,2025-11-30 02:29:50
https://propiedades.com/inmuebles/departamento-en-venta-mexicotoluca-santa-fe-paseo-de-las-lomas-ciudad-de-mexico-cdmx-santa-fe-cuajimalpa-df-30498625#pagina=27&tipos=residencial-venta&area=df&pos=34,,43806224.0,"Departamento disponible en venta en México-Toluca, Santa Fe, Paseo de las Lomas, Ciudad de México, CDMXInt. 901, Colonia Santa Fe Cuajimalpa, C.P. 05348",Departamento,"Paseo de las Lomas, Ciudad de México",Santa Fe Cuajimalpa,Cuajimalpa,5348.0,4.0,2.0,,,,[],52900.0,19.365817,-99.266672,2025-11-30 02:30:09
https://propiedades.com/inmuebles/departamento-en-venta-hilario-perez-de-leon-84-depto-202-americas-unidas-03610-benito-juarez-cdmx-americas-unidas-df-30201959#pagina=2&tipos=residencial-venta&area=df&pos=25,30261384.0,3848000.0,"Departamento disponible en venta en Hilario Pérez de León #84 Depto 202, Américas Unidas, 03610, Benito Juárez, CDMX, Colonia Américas Unidas, C.P. 03610",Departamento,,Américas Unidas,Benito Juárez,3610.0,2.0,2.0,70.0,1.0,8.0,[],31620.0,19.382511,-99.141911,2025-11-30 02:30:21
https://propiedades.com/inmuebles/departamento-en-venta-calz-de-los-tenorios-150-tenorios-df-30273318#pagina=14&tipos=residencial-venta&area=df&pos=19,28778245.0,3090000.0,"Departamento disponible en venta en Calz de los Tenorios #150, Colonia Tenorios, C.P. 14326",Departamento,,Tenorios,Desconocida,14326.0,3.0,1.0,5.0,1.0,1.0,['Cisterna'],26750.0,,,2025-11-30 02:30:38
https://propiedades.com/inmuebles/departamento-en-venta-calz-san-isidro-san-pedro-xalpa-df-30386088#pagina=5&tipos=residencial-venta&area=df&pos=38,29873867.0,3150000.0,"Venta de departamento en calz san isidro, Colonia San Pedro Xalpa, C.P. 02710",Departamento,,San Pedro Xalpa,Azcapotzalco,2710.0,2.0,2.0,70.0,1.0,10.0,[],21260.0,19.483774,-99.210195,2025-11-30 02:30:56
https://propiedades.com/inmuebles/departamento-en-venta-gabriel-mancera-del-valle-centro-df-29414820#pagina=23&tipos=residencial-venta&area=df&pos=46,27596362.0,10200000.0,"Venta de departamento Gabriel Mancera, Colonia Del Valle Centro, C.P. 03100",Departamento,,Del Valle Centro,Benito Juárez,3100.0,3.0,3.0,0.0,2.0,7.0,[],42630.0,19.386924,-99.163602,2025-11-30 02:31:14
https://propiedades.com/inmuebles/departamento-en-venta-anillo-periferico-3580-jardines-del-pedregal-df-30351677#pagina=8&tipos=residencial-venta&area=df&pos=12,30296883.0,5358000.0,"Venta de departamento Anillo Periferico #3580, Colonia Jardines del Pedregal, C.P. 01900",Departamento,,Jardines del Pedregal,Tlalpan,1900.0,2.0,2.0,76.0,2.0,1.0,[],47970.0,19.2953,-99.209786,2025-11-30 02:31:32
https://propiedades.com/inmuebles/departamento-en-venta-av-san-lorenzo-151-torre-11-int-301-san-nicolas-tolentino-iztapalapa-ciudad-de-mexico-cp-098-cerro-de-la-estrella-df-30154054#pagina=2&tipos=residencial-venta&area=df&pos=43,29931734.0,1412000.0,"Se vende departamento en Av. San Lorenzo 151, Torre 11 Int 301, San Nicolás Tolentino, Iztapalapa, Ciudad de México, C.P. 098, Colonia Cerro de La Estrella, C.P. 09860",Departamento,"Iztapalapa, Ciudad de México",Cerro de la Estrella,Iztapalapa,9860.0,2.0,1.0,52.0,1.0,19.0,[],17310.0,19.32656,-99.074902,2025-11-30 02:32:00
https://propiedades.com/inmuebles/departamento-en-venta-av-horacio-polanco-polanco-iii-secc-ciudad-de-mexico-cdmx-polanco-iii-seccion-df-30477168#pagina=7&tipos=residencial-venta&area=df&pos=7,29063204.0,21000000.0,"Departamento disponible en venta en Av. Horacio, Polanco, Polanco III Secc, Ciudad de México, CDMX, Colonia Polanco III Sección, C.P. 11540",Departamento,"Polanco III Secc, Ciudad de México",Polanco Iii Sección,Miguel Hidalgo,11540.0,2.0,2.0,265.0,3.0,12.0,"['Cisterna', 'Telefonía']",84460.0,19.407116,-99.190617,2025-11-30 02:32:15
https://propiedades.com/inmuebles/departamento-en-venta-chabacanos-74-paraje-38-df-30417649#pagina=10&tipos=residencial-venta&area=df&pos=24,29952399.0,3450000.0,"Venta de departamento en Chabacanos #74, Colonia Paraje 38, C.P. 14275",Departamento,Chabacanos #74,Paraje 38,Tlalpan,14275.0,3.0,2.0,100.0,1.0,14.0,[],17640.0,19.264266,-99.207394,2025-11-30 02:32:30
https://propiedades.com/inmuebles/departamento-en-venta-av-bernardo-quintana-santa-fe-zedec-sta-fe-alvaro-obregon-01210-ciudad-de-mexico-cdmx-sn-santa-fe-df-30448616#pagina=7&tipos=residencial-venta&area=df&pos=21,30316161.0,11500000.0,"Venta de departamento en Av Bernardo Quintana Santa Fe, Zedec Sta Fé, Álvaro Obregón, 01210 Ciudad de México, CDMX #s/n, Colonia Santa Fe, C.P. 01210",Departamento,Av Bernardo Quintana Santa Fe,Santa Fe,Álvaro Obregón,1210.0,2.0,3.0,195.0,3.0,,[],52900.0,19.372039,-99.246432,2025-11-30 02:32:49
https://propiedades.com/inmuebles/casa-en-condominio-en-venta-priv-de-san-lucas-66-san-lucas-coyoacan-04030-ciudad-de-mexico-cdmx-66-barrio-san-lucas-df-30236017#pagina=31&tipos=residencial-venta&area=df&pos=34,29700611.0,11000000.0,"Venta de casa en condominio Priv. de San Lucas 66, San Lucas, Coyoacán, 04030 Ciudad de México, CDMX #66, Colonia Barrio San Lucas, C.P. 04030",Casa,Condominio Priv. de San Lucas 66,Barrio San Lucas,Coyoacán,4030.0,3.0,2.0,280.0,,30.0,"['Cisterna', 'Telefonía']",,19.315626,-99.132968,2025-11-30 02:33:03
https://propiedades.com/inmuebles/casa-en-venta-paseo-de-la-luz-288-paseos-de-taxquena-coyoacan-04250-ciudad-de-mexico-cdmx-288-paseos-de-taxquena-df-30485729#pagina=29&tipos=residencial-venta&area=df&pos=20,30545426.0,4642667.0,"Venta de casa en Paseo de La Luz 288, Paseos de Taxqueña, Coyoacán, 04250 Ciudad de México, CDMX #288, Colonia Paseos de Taxqueña, C.P. 04250",Casa,Paseo de La Luz 288,Paseos de Taxqueña,Coyoacán,4250.0,4.0,4.0,,1.0,,[],18280.0,19.345264,-99.128225,2025-11-30 02:33:35
https://propiedades.com/inmuebles/departamento-en-venta-jose-maria-velazco-san-jose-insurgentes-df-29214123#pagina=23&tipos=residencial-venta&area=df&pos=18,30488070.0,8990000.0,"Departamento en venta, José María Velazco, Colonia San José Insurgentes, C.P. 03900",Departamento,Venta,San José Insurgentes,Desconocida,3900.0,3.0,2.0,0.0,2.0,45.0,[],47820.0,,,2025-11-30 02:33:52
https://propiedades.com/inmuebles/casa-en-venta-copilco-universidad-df-30555978#pagina=17&tipos=residencial-venta&area=df&pos=37,27784205.0,13000000.0,"Casa en venta, , Colonia Copilco Universidad, C.P. 04360",Casa,,Copilco Universidad,Coyoacán,4360.0,3.0,3.0,697.0,,30.0,[],33380.0,19.334557,-99.176522,2025-11-30 02:34:06
https://propiedades.com/inmuebles/departamento-en-venta-av-javier-barrios-sierra-santa-fe-df-29517777#pagina=23&tipos=residencial-venta&area=df&pos=27,29115620.0,7500000.0,"Venta departamento en Av. Javier Barrios Sierra, Colonia Santa Fe, C.P. 01210",Departamento,Av. Javier Barrios Sierra,Santa Fe,Álvaro Obregón,1210.0,3.0,3.0,134.0,2.0,,['Cisterna'],52900.0,19.383964,-99.235094,2025-11-30 02:34:22
https://propiedades.com/inmuebles/casa-en-venta-av-paseo-de-la-reforma-lomas-de-chapultepec-i-seccion-df-30503408#pagina=16&tipos=residencial-venta&area=df&pos=21,30552169.0,3000000.0,"Se vende casa en Av Paseo de la Reforma, Colonia Lomas de Chapultepec I Sección, C.P. 11000",Casa,,Lomas de Chapultepec I Sección,Miguel Hidalgo,11000.0,5.0,3.0,0.0,4.0,,[],66430.0,19.410697,-99.21981,2025-11-30 02:34:39
https://propiedades.com/inmuebles/casa-en-venta-jose-de-teresa-47-san-angel-df-28808380#pagina=9&tipos=residencial-venta&area=df&pos=42,,9450000.0,"Casa en venta, José de Teresa #47Int. 1, Colonia San Angel, C.P. 01000",Casa,CALLE,San Angel,Álvaro Obregón,1000.0,3.0,3.0,,,50.0,['Telefonía'],47160.0,19.35726,-99.203192,2025-11-30 02:35:38
https://propiedades.com/inmuebles/departamento-en-venta-agricola-pantitlan-df-30555975#pagina=24&tipos=residencial-venta&area=df&pos=21,30435929.0,1820500.0,"Venta de departamento , Colonia Agrícola Pantitlan, C.P. 08100",Departamento,"Iztacalco, Ciudad de México",Agrícola Pantitlan,Iztacalco,8100.0,2.0,1.0,50.0,1.0,,[],16320.0,19.405797,-99.066372,2025-11-30 02:35:57
https://propiedades.com/inmuebles/departamento-en-venta-rio-guadalquivir-31-cuauhtemoc-06500-ciudad-de-mexico-cdmx-31-cuauhtemoc-df-30432364#pagina=30&tipos=residencial-venta&area=df&pos=1,28295538.0,6183619.0,"Se vende departamento en Río Guadalquivir 31, Cuauhtémoc, 06500 Ciudad de México, CDMX #31, Colonia Cuauhtémoc, C.P. 06500",Departamento,Río Guadalquivir 31,Cuauhtémoc,Cuauhtémoc,6500.0,2.0,1.0,25.0,1.0,1.0,[],60120.0,19.429174,-99.170416,2025-11-30 02:36:13
https://propiedades.com/inmuebles/departamento-en-venta-insurgentes-centro-san-rafael-df-30367557#pagina=29&tipos=residencial-venta&area=df&pos=6,29922177.0,4296000.0,"Venta departamento en Insurgentes Centro, Colonia San Rafael, C.P. 06470",Departamento,,San Rafael,Cuauhtémoc,6470.0,1.0,1.0,24.0,1.0,1.0,['Cisterna'],44580.0,19.437945,-99.162422,2025-11-30 02:36:29
https://propiedades.com/inmuebles/departamento-en-venta-gabriel-mancera-del-valle-sur-df-26089152#pagina=20&tipos=residencial-venta&area=df&pos=46,30085975.0,5713003.0,"Venta departamento en Gabriel Mancera, Colonia Del Valle Sur, C.P. 03104",Departamento,"Col del Valle Centro, Ciudad de México",Del Valle Sur,Benito Juárez,3104.0,2.0,2.0,117.0,1.0,,[],42630.0,19.389128,-99.175683,2025-11-30 02:36:44
https://propiedades.com/inmuebles/casa-en-venta-cerro-de-jesus-248-campestre-churubusco-df-30017718#pagina=23&tipos=residencial-venta&area=df&pos=1,,11995000.0,"Venta de casa en Cerro de Jesús #248, Colonia Campestre Churubusco, C.P. 04200",Casa,Cerro de Jesús #248,Campestre Churubusco,Coyoacán,4200.0,6.0,2.0,,,53.0,['Cisterna'],21080.0,19.341673,-99.129689,2025-11-30 02:37:05
https://propiedades.com/inmuebles/departamento-en-venta-monrovia-613-portales-nte-benito-juarez-03303-ciudad-de-mexico-cdmx-613-portales-norte-df-30296290#pagina=12&tipos=residencial-venta&area=df&pos=10,30361889.0,3250000.0,"Venta departamento en Monrovia 613, Portales Nte, Benito Juárez, 03303 Ciudad de México, CDMX #613, Colonia Portales Norte, C.P. 03303",Departamento,Monrovia 613,Portales Norte,Benito Juárez,3303.0,2.0,2.0,60.0,1.0,,['Cisterna'],41970.0,19.367291,-99.1496,2025-11-30 02:37:20
https://propiedades.com/inmuebles/casa-en-venta-rio-aureo-15-15-paseos-de-churubusco-df-29865158#pagina=13&tipos=residencial-venta&area=df&pos=47,,43000000.0,"Se vende casa en Río Áureo 15 #15, Colonia Paseos de Churubusco, C.P. 09030",Casa,Río Áureo 15 #15,Paseos de Churubusco,Desconocida,9030.0,4.0,4.0,,,1.0,[],38010.0,,,2025-11-30 02:37:38
https://propiedades.com/inmuebles/casa-en-venta-cda-salvador-novo-manzanastitla-df-30405183#pagina=16&tipos=residencial-venta&area=df&pos=23,30225123.0,7950000.0,"Venta de casa Cda. Salvador Novo, Colonia Manzanastitla, C.P. 05270",Casa,"Locaxco, Ciudad de México",Manzanastitla,Desconocida,5270.0,3.0,2.0,0.0,1.0,20.0,[],29180.0,,,2025-11-30 02:37:54
https://propiedades.com/inmuebles/departamento-en-venta-avenida-vicente-suarez-123-condesa-df-30017707#pagina=4&tipos=residencial-venta&area=df&pos=41,28905739.0,8995000.0,"Venta de departamento Avenida Vicente Suárez #123, Colonia Condesa, C.P. 06140",Departamento,,Condesa,Cuauhtémoc,6140.0,3.0,2.0,151.0,1.0,50.0,['Cisterna'],62600.0,19.414864,-99.176429,2025-11-30 02:38:07
https://propiedades.com/inmuebles/departamento-en-venta-calz-ignacio-zaragoza-885-agricola-oriental-iztacalco-08500-ciudad-de-mexico-cdmx-885-agricola-oriental-df-30518938#pagina=29&tipos=residencial-venta&area=df&pos=17,30163320.0,2802000.0,"Departamento disponible en venta en Calz. Ignacio Zaragoza 885, Agrícola Oriental, Iztacalco, 08500 Ciudad de México, CDMX #885Int. 202, Colonia Agrícola Oriental, C.P. 08500",Departamento,Calzada Ignacio Zaragoza 885,Agrícola Oriental,Iztacalco,8500.0,2.0,1.0,58.0,1.0,10.0,['Cisterna'],24150.0,19.408499,-99.077033,2025-11-30 02:38:36
https://propiedades.com/inmuebles/casa-en-venta-av-de-los-poetas-100-delegaciones-san-mateo-tlaltenango-cuajimalpa-de-morelos-05348-ciudad-de-me-santa-fe-cuajimalpa-df-30448442#pagina=7&tipos=residencial-venta&area=df&pos=23,30418231.0,79000000.0,"Venta de casa en Av. de los Poetas 100 Delegaciones, San Mateo Tlaltenango, Cuajimalpa de Morelos, 05348 Ciudad de Mé, Colonia Santa Fe Cuajimalpa, C.P. 05348",Casa,Av. de los Poetas 100 Delegaciones,Santa Fe Cuajimalpa,Cuajimalpa,5348.0,3.0,5.0,933.0,10.0,7.0,[],60990.0,19.358168,-99.272261,2025-11-30 02:38:50
https://propiedades.com/inmuebles/departamento-en-venta-hilario-perez-de-leon-americas-unidas-03610-ciudad-de-mexico-cdmx-americas-unidas-df-30439977#pagina=29&tipos=residencial-venta&area=df&pos=21,30201959.0,3818000.0,"Venta de departamento en Hilario Pérez de León, Américas Unidas, 03610 Ciudad de México, CDMX, Colonia Américas Unidas, C.P. 03610",Departamento,Hilario Pérez de León,Américas Unidas,Benito Juárez,3610.0,2.0,2.0,70.0,1.0,8.0,"['Telefonía', 'Aire acondicionado']",31620.0,19.382511,-99.140913,2025-11-30 02:39:09
https://propiedades.com/inmuebles/departamento-en-venta-agustin-gonzalez-de-cossio-del-valle-norte-df-30010771#pagina=5&tipos=residencial-venta&area=df&pos=25,27596362.0,9490000.0,"Venta departamento en Agustín González de Cossío, Colonia Del Valle Norte, C.P. 03103",Departamento,Agustín González de Cossío,Del Valle Norte,Benito Juárez,3103.0,3.0,2.0,133.0,2.0,,[],42630.0,19.373635,-99.157408,2025-11-30 02:39:24
https://propiedades.com/inmuebles/departamento-en-venta-agricola-oriental-df-30555951#pagina=15&tipos=residencial-venta&area=df&pos=14,29734183.0,2033000.0,"Departamento disponible en venta en , Colonia Agrícola Oriental, C.P. 08500",Departamento,,Agrícola Oriental,Iztacalco,8500.0,2.0,1.0,43.0,,28.0,[],24150.0,19.404564,-99.069504,2025-11-30 02:39:42
https://propiedades.com/inmuebles/departamento-en-venta-francisco-del-paso-y-troncoso-kennedy-jardin-balbuena-venustiano-carranza-15900-ciudad-de-me-sn-jardin-balbuena-df-30574956#pagina=14&tipos=residencial-venta&area=df&pos=42,29997702.0,2600000.0,"Se vende departamento en Francisco del Paso y Troncoso , Kennedy, Jardín Balbuena, Venustiano Carranza, 15900 Ciudad de Mé #s/nInt. 4, Colonia Jardín Balbuena, C.P. 15900",Departamento,Francisco del Paso y Troncoso,Jardín Balbuena,Venustiano Carranza,15900.0,3.0,1.0,67.0,1.0,20.0,['Telefonía'],19560.0,19.407017,-99.113305,2025-11-30 02:39:55
https://propiedades.com/inmuebles/departamento-en-venta-pipizahua-sn-pedregal-de-santo-domingo-df-30158951#pagina=32&tipos=residencial-venta&area=df&pos=35,30237894.0,1933850.0,"Se vende departamento Pipizahua #s/n, Colonia Pedregal de Santo Domingo, C.P. 04369",Departamento,,Pedregal de Santo Domingo,Coyoacán,4369.0,1.0,1.0,40.0,1.0,,['Cisterna'],30480.0,19.327157,-99.167856,2025-11-30 02:40:12
https://propiedades.com/inmuebles/departamento-en-venta-chimalcoyoc-df-30569706#pagina=21&tipos=residencial-venta&area=df&pos=33,29685522.0,2210.0,"Venta de departamento , Colonia Chimalcoyoc, C.P. 14630",Departamento,,Chimalcoyoc,Tlalpan,14630.0,2.0,2.0,100.0,1.0,,[],22620.0,19.272188,-99.165397,2025-11-30 02:40:30
https://propiedades.com/inmuebles/departamento-en-venta-av-insurgentes-sur-2239-tizapan-san-angel-san-angel-alvaro-obregon-01090-ciudad-de-mexico-cdmx-2239-san-angel-df-30321199#pagina=13&tipos=residencial-venta&area=df&pos=9,30466560.0,4490000.0,"Venta de departamento Av. Insurgentes Sur 2239, Tizapán San Ángel, San Ángel, Álvaro Obregón, 01090 Ciudad de México, CDMX #2239, Colonia San Angel, C.P. 01000",Departamento,,San Angel,Álvaro Obregón,1090.0,2.0,2.0,,2.0,10.0,[],48740.0,19.344367,-99.192447,2025-11-30 02:40:48
https://propiedades.com/inmuebles/departamento-en-venta-revillagigedo-18-18-centro-area-5-df-29742817#pagina=12&tipos=residencial-venta&area=df&pos=31,28680885.0,4175000.0,"Se vende departamento en Revillagigedo 18 #18, Colonia Centro (Área 5), C.P. 06050",Departamento,,Centro (área 5),Cuauhtémoc,6050.0,2.0,2.0,71.0,1.0,1.0,['Cisterna'],36970.0,19.43263,-99.133178,2025-11-30 02:41:01
https://propiedades.com/inmuebles/departamento-en-venta-calz-de-tlalpan-nativitas-ciudad-de-mexico-cdmx-27-nativitas-df-30346819#pagina=28&tipos=residencial-venta&area=df&pos=24,30363306.0,3500000.0,"Departamento disponible en venta en Calz. de Tlalpan, Nativitas, Ciudad de México, CDMX #27Int. 1, Colonia Nativitas, C.P. 03500",Departamento,"Nativitas, Ciudad de México",Nativitas,Tlalpan,3500.0,2.0,1.0,21.0,1.0,1.0,"['Cisterna', 'Telefonía', 'Aire acondicionado']",41860.0,19.379394,-99.1402,2025-11-30 02:42:34
https://propiedades.com/inmuebles/departamento-en-venta-vertiz-narvarte-poniente-df-30248293#pagina=19&tipos=residencial-venta&area=df&pos=27,30327419.0,4290000.0,"Venta de departamento en Vertiz, Colonia Narvarte Poniente, C.P. 03020",Departamento,Vertiz,Narvarte Poniente,Benito Juárez,3020.0,2.0,2.0,78.0,1.0,2.0,[],41310.0,19.391924,-99.151295,2025-11-30 02:42:47
https://propiedades.com/inmuebles/departamento-en-venta-horacio-polanco-i-seccion-df-30500778#pagina=16&tipos=residencial-venta&area=df&pos=32,30073088.0,7950000.0,"Departamento en venta, Horacio, Colonia Polanco I Sección, C.P. 11510",Departamento,,Polanco I Sección,Miguel Hidalgo,11510.0,5.0,2.0,,1.0,55.0,[],84460.0,19.429379,-99.196393,2025-11-30 02:43:03
https://propiedades.com/inmuebles/casa-en-venta-enrique-rebsamen-del-valle-centro-df-28527857#pagina=19&tipos=residencial-venta&area=df&pos=3,30476104.0,16000000.0,"Se vende casa en Enrique Rébsamen, Colonia Del Valle Centro, C.P. 03100",Casa,,Del Valle Centro,Benito Juárez,3100.0,4.0,2.0,423.0,2.0,65.0,[],39090.0,19.386924,-99.163602,2025-11-30 02:43:19
https://propiedades.com/inmuebles/departamento-en-venta-casa-del-obrero-mundial-736-alamos-benito-juarez-03400-ciudad-de-mexico-cdmx-736-alamos-df-30372620#pagina=35&tipos=residencial-venta&area=df&pos=14,27751901.0,2100000.0,"Venta departamento en Casa del Obrero Mundial 736, Álamos, Benito Juárez, 03400 Ciudad de México, CDMX #736, Colonia Álamos, C.P. 03400",Departamento,Casa del Obrero Mundial 736,Álamos,Benito Juárez,3400.0,1.0,1.0,36.0,1.0,3.0,['Telefonía'],38920.0,19.40255,-99.141064,2025-11-30 02:43:39
https://propiedades.com/inmuebles/departamento-en-venta-lago-tus-anahuac-i-seccion-df-30566365#pagina=4&tipos=residencial-venta&area=df&pos=11,30072347.0,2650000.0,"Venta de departamento lago tus, Colonia Anahuac I Sección, C.P. 11320",Departamento,,Anahuac I Sección,Miguel Hidalgo,11320.0,2.0,1.0,47.0,,10.0,[],39760.0,19.407116,-99.190617,2025-11-30 02:43:52
https://propiedades.com/inmuebles/departamento-en-venta-plomeros-13-morelos-venustiano-carranza-15270-ciudad-de-mexico-cdmx-13-morelos-df-30508509#pagina=28&tipos=residencial-venta&area=df&pos=46,30012021.0,1427064.0,"Departamento en venta disponible en Plomeros 13, Morelos, Venustiano Carranza, 15270 Ciudad de México, CDMX #13, Colonia Morelos, C.P. 15270",Departamento,Disponible en Plomeros 13,Morelos,Cuauhtémoc,15270.0,1.0,1.0,,1.0,,[],14600.0,19.446847,-99.12984,2025-11-30 02:44:08
https://propiedades.com/inmuebles/departamento-en-venta-san-lorenzo-atemoaya-df-30569714#pagina=16&tipos=residencial-venta&area=df&pos=11,30336868.0,450.0,"Departamento en venta, , Colonia San Lorenzo Atemoaya, C.P. 16400",Departamento,Venta,San Lorenzo Atemoaya,Desconocida,16400.0,2.0,1.0,65.0,1.0,30.0,[],18160.0,,,2025-11-30 02:44:26
https://propiedades.com/inmuebles/casa-en-condominio-en-venta-cjon-de-soledad-29-san-nicolas-totolapan-la-magdalena-contreras-10900-ciudad-de-mexico-cdmx-29-san-nicolas-totolapan-df-30400608#pagina=6&tipos=residencial-venta&area=df&pos=35,,6750000.0,"Casa en condominio en venta, Cjon. de Soledad 29, San Nicolás Totolapan, La Magdalena Contreras, 10900 Ciudad de México, CDMX #29Int. 6, Colonia San Nicolás Totolapan, C.P. 10900",Casa,Condominio en Venta,San Nicolás Totolapan,La Magdalena Contreras,10900.0,3.0,2.0,,,40.0,['Cisterna'],,19.297943,-99.244117,2025-11-30 02:44:44
https://propiedades.com/inmuebles/departamento-en-venta-lafontaine-polanco-iii-seccion-df-29887277#pagina=13&tipos=residencial-venta&area=df&pos=13,30031119.0,12000000.0,"Departamento en venta, Lafontaine, Colonia Polanco III Sección, C.P. 11540",Departamento,Venta,Polanco Iii Sección,Miguel Hidalgo,11540.0,3.0,2.0,26.0,2.0,15.0,['Cisterna'],84460.0,19.407116,-99.190617,2025-11-30 02:44:59
https://propiedades.com/inmuebles/departamento-en-venta-av-coyoacan-47-del-valle-centro-df-28493923#pagina=28&tipos=residencial-venta&area=df&pos=39,27942319.0,4491290.0,"Se vende departamento en Av. Coyoacán #47, Colonia Del Valle Centro, C.P. 03100",Departamento,"Col del Valle Centro, Ciudad de México",Del Valle Centro,Benito Juárez,3100.0,2.0,2.0,2.0,1.0,,[],42630.0,19.386924,-99.163602,2025-11-30 02:45:34
https://propiedades.com/inmuebles/casa-en-venta-calle-b-43-educacion-coyoacan-04400-ciudad-de-mexico-cdmx-43-educacion-df-30508505#pagina=34&tipos=residencial-venta&area=df&pos=26,30152815.0,7301200.0,"Se vende casa Calle B 43, Educación, Coyoacán, 04400 Ciudad de México, CDMX #43, Colonia Educación, C.P. 04400",Casa,,Educación,Coyoacán,4400.0,2.0,1.0,,1.0,,[],24480.0,19.335412,-99.132144,2025-11-30 02:45:48
https://propiedades.com/inmuebles/departamento-en-venta-c-aluminio-169-popular-rastro-venustiano-carranza-15220-ciudad-de-mexico-cdmx-169-popular-rastro-df-30498674#pagina=31&tipos=residencial-venta&area=df&pos=41,29554385.0,725321.0,"Se vende departamento en C. Aluminio 169, Popular Rastro, Venustiano Carranza, 15220 Ciudad de México, CDMX #169, Colonia Popular Rastro, C.P. 15220",Departamento,C. Aluminio 169,Popular Rastro,Venustiano Carranza,15220.0,2.0,1.0,,1.0,,[],14940.0,19.452176,-99.118991,2025-11-30 02:46:07
https://propiedades.com/inmuebles/casa-en-venta-dunas-residencial-acueducto-de-guadalupe-df-30171394#pagina=23&tipos=residencial-venta&area=df&pos=15,30256380.0,6690000.0,"Se vende casa en DUNAS, Colonia Residencial Acueducto de Guadalupe, C.P. 07270",Casa,calle cerrada de tan solo 60 casas,Residencial Acueducto de Guadalupe,Desconocida,7270.0,3.0,4.0,0.0,,30.0,[],15430.0,,,2025-11-30 02:46:21
https://propiedades.com/inmuebles/casa-en-condominio-en-venta-cerrada-prol-hidalgo-adolfo-lopez-mateos-05280-ciudad-de-mexico-cdmx-280-adolfo-lopez-mateos-df-30512604#pagina=24&tipos=residencial-venta&area=df&pos=28,,6200000.0,"Venta de casa en condominio en Cerrada Prol. Hidalgo, Adolfo López Mateos, 05280 Ciudad de México, CDMX #280, Colonia Adolfo López Mateos, C.P. 05280",Casa,Cerrada Prol. Hidalgo,Adolfo López Mateos,Desconocida,5280.0,4.0,3.0,,,10.0,['Cisterna'],,,,2025-11-30 02:46:41
https://propiedades.com/inmuebles/departamento-en-venta-av-colonia-del-valle-del-valle-norte-df-30515014#pagina=3&tipos=residencial-venta&area=df&pos=34,30545194.0,16900000.0,"Departamento en venta disponible en Av. Colonia Del Valle, Colonia Del Valle Norte, C.P. 03103",Departamento,Disponible en Av. Colonia Del Valle,Del Valle Norte,Benito Juárez,3103.0,3.0,2.0,250.0,2.0,1.0,['Aire acondicionado'],42630.0,19.373635,-99.157408,2025-11-30 02:47:01
https://propiedades.com/inmuebles/departamento-en-venta-san-pedro-de-los-pinos-df-30458045#pagina=17&tipos=residencial-venta&area=df&pos=45,30361042.0,5350000.0,"Departamento en venta, , Colonia San Pedro de los Pinos, C.P. 01180",Departamento,Venta,San Pedro de los Pinos,Desconocida,1180.0,3.0,2.0,0.0,3.0,5.0,[],35130.0,,,2025-11-30 02:47:18
https://propiedades.com/inmuebles/departamento-en-venta-cda-de-las-granjas-617-el-jaguey-azcapotzalco-02519-ciudad-de-mexico-cdmx-617-el-jaguey-df-30508568#pagina=30&tipos=residencial-venta&area=df&pos=17,30425322.0,2668301.0,"Departamento en venta, Cda. de las Granjas 617, El Jaguey, Azcapotzalco, 02519 Ciudad de México, CDMX #617, Colonia El Jagüey, C.P. 02519",Departamento,Venta,El Jagüey,Azcapotzalco,2519.0,2.0,1.0,59.0,1.0,,[],35120.0,19.483891,-99.184394,2025-11-30 02:47:38
https://propiedades.com/inmuebles/departamento-en-venta-plutarco-elias-calles-1180-militar-marte-df-30519309#pagina=34&tipos=residencial-venta&area=df&pos=33,30553930.0,2900000.0,"Venta de departamento en Plutarco Elias Calles #1180Int. 4, Colonia Militar Marte, C.P. 08830",Departamento,Plutarco Elias Calles #1180int. 4,Militar Marte,Desconocida,8830.0,1.0,1.0,45.0,1.0,45.0,[],31060.0,,,2025-11-30 02:47:52
https://propiedades.com/inmuebles/departamento-en-venta-calz-san-simon-82-san-simon-benito-juarez-03660-ciudad-de-mexico-cdmx-82-san-simon-ticumac-df-30467018#pagina=8&tipos=residencial-venta&area=df&pos=37,30127729.0,1250000.0,"Venta departamento en Calz. San Simon 82, San Simón, Benito Juárez, 03660 Ciudad de México, CDMX #82, Colonia San Simón Ticumac, C.P. 03660",Departamento,Calzada San Simon 82,San Simón Ticumac,Benito Juárez,3660.0,2.0,1.0,,1.0,58.0,"['Cisterna', 'Telefonía']",35130.0,19.367133,-99.142193,2025-11-30 02:48:08
https://propiedades.com/inmuebles/departamento-en-venta-ampliacion-granada-df-30555971#pagina=21&tipos=residencial-venta&area=df&pos=31,30414696.0,7734200.0,"Venta de departamento en , Colonia Ampliación Granada, C.P. 11529",Departamento,,Ampliación Granada,Desconocida,11529.0,2.0,2.0,55.0,2.0,,[],65250.0,,,2025-11-30 02:48:54
https://propiedades.com/inmuebles/casa-en-venta-prolongacion-de-abasolo-valle-de-tepepan-df-30113504#pagina=23&tipos=residencial-venta&area=df&pos=29,29457889.0,15100000.0,"Venta de casa en PROLONGACION DE ABASOLO, Colonia Valle de Tepepan, C.P. 14646",Casa,Prolongacion DE Abasolo,Valle de Tepepan,Xochimilco,14646.0,2.0,3.0,170.0,,11.0,[],23720.0,19.263361,-99.104738,2025-11-30 02:49:12
https://propiedades.com/inmuebles/casa-en-condominio-en-venta-av-san-jeronimo-san-jeronimo-lidice-ciudad-de-mexico-cdmx-san-jeronimo-lidice-df-30417121#pagina=25&tipos=residencial-venta&area=df&pos=43,29945609.0,20199000.0,"Se vende casa en condominio en Av. San Jerónimo, San Jerónimo Lídice, Ciudad de México, CDMX, Colonia San Jerónimo Lídice, C.P. 10200",Casa,"San Jerónimo Lídice, Ciudad de México",San Jerónimo Lídice,La Magdalena Contreras,10200.0,3.0,3.0,200.0,3.0,10.0,"['Cisterna', 'Telefonía']",,19.326798,-99.222269,2025-11-30 02:49:28
https://propiedades.com/inmuebles/departamento-en-venta-avenida-cuauhtemoc-letran-valle-df-30486225#pagina=15&tipos=residencial-venta&area=df&pos=17,30537953.0,4950000.0,"Departamento en venta disponible en Avenida Cuauhtémoc, Colonia Letrán Valle, C.P. 03650",Departamento,Disponible en Avenida Cuauhtémoc,Letrán Valle,Benito Juárez,3650.0,2.0,2.0,84.0,2.0,,[],43720.0,19.376082,-99.155022,2025-11-30 02:49:44
https://propiedades.com/inmuebles/departamento-en-venta-avtoluca-700-olivar-de-los-padres-df-27445417#pagina=21&tipos=residencial-venta&area=df&pos=15,30494333.0,6800000.0,"Venta de departamento en av.toluca #700, Colonia Olivar de los Padres, C.P. 01780",Departamento,Av.toluca #700,Olivar de los Padres,Álvaro Obregón,1780.0,3.0,2.0,163.0,2.0,,[],38570.0,19.338176,-99.221109,2025-11-30 02:49:58
https://propiedades.com/inmuebles/departamento-en-venta-horacio-polanco-i-seccion-df-27291610#pagina=22&tipos=residencial-venta&area=df&pos=41,28422200.0,25454000.0,"Departamento disponible en venta en Horacio, Colonia Polanco I Sección, C.P. 11510",Departamento,Horacio,Polanco I Sección,Miguel Hidalgo,11510.0,3.0,3.0,274.0,2.0,,[],84460.0,19.429379,-99.196393,2025-11-30 02:50:26
https://propiedades.com/inmuebles/casa-en-venta-cerro-del-sombrero-118-campestre-churubusco-df-29459840#pagina=12&tipos=residencial-venta&area=df&pos=22,28194513.0,8200000.0,"Venta casa en Cerro del Sombrero #118, Colonia Campestre Churubusco, C.P. 04200",Casa,"Coyoacán, Ciudad de México",Campestre Churubusco,Coyoacán,4200.0,3.0,2.0,80.0,,35.0,"['Cisterna', 'Telefonía']",21080.0,19.343627,-99.140051,2025-11-30 02:50:46
https://propiedades.com/inmuebles/departamento-en-venta-abetos-bosque-de-las-lomas-df-26040178#pagina=19&tipos=residencial-venta&area=df&pos=17,30295440.0,9300000.0,"Departamento disponible en venta en Abetos, Colonia Bosque de las Lomas, C.P. 11700",Departamento,"Alcaldía Cuajimalpa, Ciudad de México",Bosque de las Lomas,Cuajimalpa,11700.0,2.0,2.0,0.0,2.0,,[],46010.0,19.400533,-99.240839,2025-11-30 02:51:02
https://propiedades.com/inmuebles/departamento-en-venta-portales-sur-df-30295153#pagina=22&tipos=residencial-venta&area=df&pos=32,30553930.0,3300000.0,"Venta de departamento Portales Sur, Colonia Portales Sur, C.P. 03300",Departamento,,Portales Sur,Benito Juárez,3300.0,2.0,2.0,,1.0,51.0,[],41970.0,19.361694,-99.148914,2025-11-30 02:51:20
https://propiedades.com/inmuebles/departamento-en-venta-ruben-dario-14-rincon-del-bosque-polanco-v-secc-miguel-hidalgo-11560-ciudad-de-mexico-cdmx-14-polanco-v-seccion-df-30220151#pagina=34&tipos=residencial-venta&area=df&pos=34,28364563.0,35000000.0,"Se vende departamento en Rubén Darío 14, Rincón del Bosque, Polanco V Secc, Miguel Hidalgo, 11560 Ciudad de México, CDMX #14, Colonia Polanco V Sección, C.P. 11560",Departamento,Rubén Darío 14,Polanco V Sección,Miguel Hidalgo,11560.0,3.0,3.0,5.0,2.0,1.0,[],84460.0,19.429379,-99.196393,2025-11-30 02:51:35
https://propiedades.com/inmuebles/casa-en-venta-reno-16-16-granjas-cabrera-df-30072214#pagina=13&tipos=residencial-venta&area=df&pos=32,30552887.0,7950000.0,"Casa en venta, Reno 16 #16, Colonia Granjas Cabrera, C.P. 13230",Casa,Venta,Granjas Cabrera,Desconocida,13230.0,3.0,2.0,,,25.0,[],37840.0,,,2025-11-30 02:52:11
https://propiedades.com/inmuebles/casa-en-venta-bosque-de-ombues-bosque-de-las-lomas-df-28873469#pagina=22&tipos=residencial-venta&area=df&pos=25,29956707.0,23000000.0,"Casa en venta disponible en bosque de Ombúes, Colonia Bosque de las Lomas, C.P. 11700",Casa,"Miguel Hidalgo, Ciudad de México",Bosque de las Lomas,Cuajimalpa,11700.0,4.0,3.0,7.0,3.0,,[],42970.0,19.387832,-99.250033,2025-11-30 02:52:28
https://propiedades.com/inmuebles/departamento-en-venta-portales-sur-df-30462843#pagina=16&tipos=residencial-venta&area=df&pos=38,30449821.0,8343206.0,"Venta de departamento en , Colonia Portales Sur, C.P. 03300",Departamento,,Portales Sur,Benito Juárez,3300.0,3.0,2.0,0.0,2.0,4.0,[],41970.0,19.361694,-99.148914,2025-11-30 02:52:46
https://propiedades.com/inmuebles/departamento-en-venta-damas-san-jose-insurgentes-df-29334354#pagina=24&tipos=residencial-venta&area=df&pos=16,27472360.0,7400000.0,"Departamento disponible en venta en DAMAS, Colonia San José Insurgentes, C.P. 03900",Departamento,Calle Damas 110 Col San José Insurgentes,San José Insurgentes,Desconocida,3900.0,2.0,3.0,0.0,,38.0,[],47820.0,,,2025-11-30 02:53:05
https://propiedades.com/inmuebles/casa-en-venta-modesto-cornelio-roman-campamento-2-de-octubre-df-29985999#pagina=27&tipos=residencial-venta&area=df&pos=28,30413508.0,3500000.0,"Venta de casa Modesto Cornelio Roman, Colonia Campamento 2 de Octubre, C.P. 08930",Casa,"Iztacalco, Ciudad de México",Campamento 2 de Octubre,Desconocida,8930.0,2.0,3.0,,1.0,40.0,[],17840.0,,,2025-11-30 02:53:22
https://propiedades.com/inmuebles/departamento-en-venta-nube-lomas-quebradas-df-27564524#pagina=20&tipos=residencial-venta&area=df&pos=23,28752815.0,11500000.0,"Se vende departamento en Nube, Colonia Lomas Quebradas, C.P. 10000",Departamento,Nube,Lomas Quebradas,Tlalpan,10000.0,3.0,3.0,300.0,,5.0,[],39290.0,19.28806,-99.166973,2025-11-30 02:53:41
https://propiedades.com/inmuebles/casa-en-venta-leibnitz-174-anzures-miguel-hidalgo-11590-ciudad-de-mexico-cdmx-sn-anzures-df-30250025#pagina=11&tipos=residencial-venta&area=df&pos=26,29291810.0,22300000.0,"Se vende casa Leibnitz 174, Anzures, Miguel Hidalgo, 11590 Ciudad de México, CDMX #s/n, Colonia Anzures, C.P. 11590",Casa,,Anzures,Miguel Hidalgo,11590.0,9.0,2.0,520.0,,,[],51110.0,19.432097,-99.177165,2025-11-30 02:53:57
https://propiedades.com/inmuebles/casa-en-condominio-en-venta-calle-hermenegildo-galeana-141-141-san-jeronimo-lidice-df-29299997#pagina=11&tipos=residencial-venta&area=df&pos=34,30087840.0,10400000.0,"Se vende casa en condominio Calle Hermenegildo Galeana 141 #141Int. 3, Colonia San Jerónimo Lídice, C.P. 10200",Casa,Calle Hermenegildo Galeana 141 #141Int. 3,San Jerónimo Lídice,La Magdalena Contreras,10200.0,3.0,2.0,185.0,,30.0,['Cisterna'],,19.326719,-99.22256,2025-11-30 02:54:13
https://propiedades.com/inmuebles/departamento-en-venta-cafetales-df-27552461#pagina=30&tipos=residencial-venta&area=df&pos=11,27487023.0,6950000.0,"Venta de departamento , Colonia Cafetales, C.P. 04918",Departamento,"Coyoacán, Ciudad de México",Cafetales,Coyoacán,4918.0,3.0,2.0,196.0,2.0,,[],20630.0,19.317095,-99.111934,2025-11-30 02:54:31
https://propiedades.com/inmuebles/departamento-en-venta-cantera-fuentes-brotantes-df-30326067#pagina=21&tipos=residencial-venta&area=df&pos=38,30391785.0,2200000.0,"Se vende departamento en Cantera, Colonia Fuentes Brotantes, C.P. 14410",Departamento,,Fuentes Brotantes,Desconocida,14410.0,2.0,1.0,,1.0,,[],25190.0,,,2025-11-30 02:54:48
https://propiedades.com/inmuebles/departamento-en-venta-paseo-de-la-reforma-nte-50-lagunilla-morelos-cuauhtemoc-06200-ciudad-de-mexico-cdmx-50-morelos-df-30435293#pagina=32&tipos=residencial-venta&area=df&pos=9,30508509.0,1368700.0,"Venta de departamento Paseo de La Reforma Nte 50, Lagunilla, Morelos, Cuauhtémoc, 06200 Ciudad de México, CDMX #50Int. A101, Colonia Morelos, C.P. 06200",Departamento,,Morelos,Cuauhtémoc,6200.0,2.0,1.0,51.0,1.0,,[],14130.0,19.446847,-99.12984,2025-11-30 02:55:40
https://propiedades.com/inmuebles/departamento-en-venta-blvd-adolfo-lopez-mateos-los-alpes-df-29321507#pagina=5&tipos=residencial-venta&area=df&pos=9,27431002.0,7843862.0,"Departamento en venta disponible en Blvd. Adolfo López Mateos, Colonia Los Alpes, C.P. 01010",Departamento,Disponible en Blvd. Adolfo López Mateos,Los Alpes,Álvaro Obregón,1010.0,2.0,2.0,85.0,2.0,,[],59230.0,19.359862,-99.193491,2025-11-30 02:55:59
https://propiedades.com/inmuebles/departamento-en-venta-av-instituto-politecnico-nacional-lindavista-norte-df-30553560#pagina=32&tipos=residencial-venta&area=df&pos=27,30537469.0,5545300.0,"Departamento en venta disponible en Av. Instituto Politécnico Nacional, Colonia Lindavista Norte, C.P. 07300",Departamento,,Lindavista Norte,Gustavo A. Madero,7300.0,2.0,2.0,65.0,2.0,1.0,['Cisterna'],34430.0,19.505739,-99.148014,2025-11-30 02:56:15
https://propiedades.com/inmuebles/casa-en-venta-huitzilihuitl-110-la-preciosa-azcapotzalco-02460-ciudad-de-mexico-cdmx-110-la-preciosa-df-30477149#pagina=26&tipos=residencial-venta&area=df&pos=36,29773223.0,750000.0,"Casa disponible en venta en Huitzilihuitl 110, La Preciosa, Azcapotzalco, 02460 Ciudad de México, CDMX #110, Colonia La Preciosa, C.P. 02460",Casa,Huitzilihuitl 110,La Preciosa,Azcapotzalco,2460.0,3.0,2.0,220.0,2.0,15.0,['Telefonía'],4940.0,19.487109,-99.194893,2025-11-30 02:56:28
https://propiedades.com/inmuebles/departamento-en-venta-doctores-df-30555973#pagina=16&tipos=residencial-venta&area=df&pos=25,29275750.0,3990000.0,"Venta de departamento , Colonia Doctores, C.P. 06720",Departamento,,Doctores,Cuauhtémoc,6720.0,2.0,1.0,0.0,1.0,5.0,[],20910.0,19.421442,-99.14322,2025-11-30 02:56:47
https://propiedades.com/inmuebles/departamento-en-venta-penthouse-con-roof-privado-ciudad-de-los-deportes-df-29021922#pagina=10&tipos=residencial-venta&area=df&pos=4,29733441.0,10433300.0,"Se vende departamento PENTHOUSE CON ROOF PRIVADO , Colonia Ciudad de los Deportes, C.P. 03710",Departamento,,Ciudad de los Deportes,Benito Juárez,3710.0,2.0,3.0,22.0,2.0,1.0,['Cisterna'],45250.0,19.382422,-99.17616,2025-11-30 02:57:06
https://propiedades.com/inmuebles/casa-en-venta-hipodromo-condesa-df-29699203#pagina=22&tipos=residencial-venta&area=df&pos=39,,26000000.0,"Venta casa en , Colonia Hipódromo Condesa, C.P. 06170",Casa,,Hipódromo Condesa,Cuauhtémoc,6170.0,3.0,4.0,0.0,,59.0,[],73470.0,19.409266,-99.179582,2025-11-30 02:57:24
https://propiedades.com/inmuebles/departamento-en-venta-simon-bolivar-1352-1352-san-simon-ticumac-df-30554690#pagina=7&tipos=residencial-venta&area=df&pos=15,30591272.0,3193500.0,"Venta de departamento en Simón Bolívar 1352 #1352Int. Depto 3, Colonia San Simón Ticumac, C.P. 03660",Departamento,,San Simón Ticumac,Benito Juárez,3660.0,3.0,1.0,87.0,1.0,29.0,[],35130.0,19.375563,-99.145668,2025-11-30 02:57:43
https://propiedades.com/inmuebles/departamento-en-venta-c-colina-97-amp-aguilas-alvaro-obregon-01759-ciudad-de-mexico-cdmx-97-ampliacion-las-aguilas-df-30537271#pagina=34&tipos=residencial-venta&area=df&pos=15,30439995.0,3340000.0,"Departamento en venta disponible en C. Colina 97, Amp Águilas, Álvaro Obregón, 01759 Ciudad de México, CDMX #97, Colonia Ampliación Las Aguilas, C.P. 01759",Departamento,Disponible en C. Colina 97,Ampliación las Aguilas,Álvaro Obregón,1759.0,2.0,2.0,82.0,1.0,10.0,"['Cisterna', 'Telefonía']",40690.0,19.35682,-99.220788,2025-11-30 02:57:58
https://propiedades.com/inmuebles/departamento-en-venta-hilario-perez-de-leon-americas-unidas-03610-ciudad-de-mexico-cdmx-84-americas-unidas-df-30396682#pagina=13&tipos=residencial-venta&area=df&pos=36,30201959.0,3814500.0,"Venta de departamento Hilario Pérez de León, Américas Unidas, 03610 Ciudad de México, CDMX #84Int. 202, Colonia Américas Unidas, C.P. 03610",Departamento,,Américas Unidas,Benito Juárez,3610.0,2.0,2.0,70.0,1.0,8.0,[],31620.0,19.382511,-99.141911,2025-11-30 02:58:15
https://propiedades.com/inmuebles/departamento-en-venta-san-miguel-chapultepec-i-secc-11850-ciudad-de-mexico-cdmx-san-miguel-chapultepec-i-seccion-df-30489948#pagina=24&tipos=residencial-venta&area=df&pos=6,30578172.0,3424000.0,"Departamento en venta, San Miguel Chapultepec I Secc, 11850 Ciudad de México, CDMX, Colonia San Miguel Chapultepec I Sección, C.P. 11850",Departamento,Venta,San Miguel Chapultepec I Sección,Miguel Hidalgo,11850.0,2.0,1.0,63.0,1.0,1.0,[],42690.0,19.411038,-99.185778,2025-11-30 02:59:44
https://propiedades.com/inmuebles/departamento-en-venta-av-ffcc-industrial-189departamento-e-001-moctezuma-2da-secc-venustiano-carranza-15530-ciuda-189-moctezuma-2a-seccion-df-30518797#pagina=25&tipos=residencial-venta&area=df&pos=40,28644948.0,3788000.0,"Venta de departamento Av. F.F.C.C. Industrial 189-departamento e 001, Moctezuma 2da Secc, Venustiano Carranza, 15530 Ciuda #189Int. 001, Colonia Moctezuma 2a Sección, C.P. 15530",Departamento,Av. F.F.C.C. Industrial 189-departamento e 001,Moctezuma Ii Sección,Venustiano Carranza,15530.0,2.0,1.0,,2.0,9.0,[],24330.0,19.435929,-99.102544,2025-11-30 03:00:01
https://propiedades.com/inmuebles/casa-en-venta-eduardo-molina-593-la-joya-gustavo-a-madero-07899-ciudad-de-mexico-cdmx-593-la-malinche-df-30296381#pagina=35&tipos=residencial-venta&area=df&pos=42,30439499.0,5350000.0,"Casa en venta, Eduardo Molina 593, La Joya, Gustavo A. Madero, 07899 Ciudad de México, CDMX #593, Colonia La Malinche, C.P. 07899",Casa,Venta,La Malinche,Gustavo A. Madero,7899.0,3.0,3.0,,3.0,,[],17170.0,19.452698,-99.104298,2025-11-30 03:00:17
https://propiedades.com/inmuebles/departamento-en-venta-martin-carrera-df-30516069#pagina=15&tipos=residencial-venta&area=df&pos=19,30515371.0,1150000.0,"Venta de departamento , Colonia Martín Carrera, C.P. 07070",Departamento,,Martín Carrera,Gustavo A. Madero,7070.0,1.0,1.0,30.0,1.0,,[],17270.0,19.484387,-99.104808,2025-11-30 03:00:32
https://propiedades.com/inmuebles/casa-en-venta-escandon-i-seccion-df-30222495#pagina=19&tipos=residencial-venta&area=df&pos=24,30461627.0,10549500.0,"Casa en venta disponible en _ , Colonia Escandón I Sección, C.P. 11800",Casa,Disponible en _,Escandón I Sección,Miguel Hidalgo,11800.0,3.0,2.0,40.0,2.0,,[],38740.0,19.407116,-99.190617,2025-11-30 03:00:47
https://propiedades.com/inmuebles/departamento-en-venta-departamento-con-terraza-en-escandon-escandon-ii-seccion-df-30321352#pagina=28&tipos=residencial-venta&area=df&pos=40,30099505.0,7250000.0,"Se vende departamento en DEPARTAMENTO CON TERRAZA EN ESCANDON, Colonia Escandón II Sección, C.P. 11800",Departamento,,Escandón Ii Sección,Miguel Hidalgo,11800.0,2.0,2.0,110.0,1.0,1.0,['Cisterna'],42820.0,19.407116,-99.190617,2025-11-30 03:01:06
https://propiedades.com/inmuebles/casa-en-venta-av-loma-de-la-palma-lomas-de-vista-hermosa-df-29398555#pagina=20&tipos=residencial-venta&area=df&pos=16,29396328.0,41000000.0,"Venta de casa Av Loma de la Palma, Colonia Lomas de Vista Hermosa, C.P. 05100",Casa,,Lomas de Vista Hermosa,Cuajimalpa,5100.0,4.0,4.0,0.0,2.0,10.0,['Aire acondicionado'],37610.0,19.37698,-99.275171,2025-11-30 03:01:21
https://propiedades.com/inmuebles/casa-en-venta-bosques-de-las-lomas-bosque-de-las-lomas-df-28803451#pagina=10&tipos=residencial-venta&area=df&pos=8,27453092.0,60000000.0,"Casa en venta, BOSQUES DE LAS LOMAS, Colonia Bosque de las Lomas, C.P. 11700",Casa,calle tranquila,Bosque de las Lomas,Cuajimalpa,11700.0,2.0,5.0,,6.0,25.0,['Cisterna'],42970.0,19.400533,-99.240839,2025-11-30 03:01:38
https://propiedades.com/inmuebles/casa-en-venta-bosque-de-capulines-bosque-de-las-lomas-df-30038751#pagina=34&tipos=residencial-venta&area=df&pos=24,27503810.0,33475000.0,"Venta de casa Bosque de Capulines, Colonia Bosque de las Lomas, C.P. 11700",Casa,,Bosque de las Lomas,Cuajimalpa,11700.0,3.0,3.0,573.0,6.0,5.0,"['Cisterna', 'Telefonía']",42970.0,19.400533,-99.240839,2025-11-30 03:01:55
https://propiedades.com/inmuebles/departamento-en-venta-lago-winnipeg-126-depto102-legaria-11410--miguel-hidalgo-cdmx-legaria-df-30396440#tipos=residencial-venta&area=df&pos=28,30262290.0,2129500.0,"Venta departamento en Lago Winnipeg #126 Depto-102, Legaria, 11410, Miguel Hidalgo, CDMX, Colonia Legaria, C.P. 11410",Departamento,,Legaria,Miguel Hidalgo,11410.0,2.0,1.0,66.0,1.0,19.0,[],18040.0,19.45537,-99.194165,2025-11-30 03:02:13
https://propiedades.com/inmuebles/departamento-en-venta-ocetotl-exejido-de-san-pablo-tepetlapa-df-30463099#pagina=16&tipos=residencial-venta&area=df&pos=46,30518836.0,4631000.0,"Se vende departamento en Ocetotl, Colonia Ex-Ejido de San Pablo Tepetlapa, C.P. 04840",Departamento,"Coyoacán, Ciudad de México",Ex-ejido de San Pablo Tepetlapa,Desconocida,4840.0,3.0,2.0,15.0,3.0,,[],40550.0,,,2025-11-30 03:03:10
https://propiedades.com/inmuebles/casa-en-venta-bosque-de-granados-bosques-de-las-lomas-df-29956707#pagina=34&tipos=residencial-venta&area=df&pos=25,28873469.0,23000000.0,"Se vende casa Bosque de Granados, Colonia Bosques de las Lomas, C.P. 05120",Casa,,Bosques de las Lomas,Cuajimalpa,5120.0,4.0,3.0,433.0,3.0,7.0,"['Cisterna', 'Telefonía']",42970.0,19.388115,-99.251801,2025-11-30 03:03:27
https://propiedades.com/inmuebles/departamento-en-venta-paseo-de-la-reforma-nte-50-lagunilla-morelos-cuauhtemoc-06200-ciudad-de-mexico-cdmx-50-morelos-df-30407093#pagina=9&tipos=residencial-venta&area=df&pos=17,30576675.0,1700000.0,"Venta de departamento en Paseo de La Reforma Nte 50, Lagunilla, Morelos, Cuauhtémoc, 06200 Ciudad de México, CDMX #50, Colonia Morelos, C.P. 06200",Departamento,Paseo de La Reforma Nte 50,Morelos,Cuauhtémoc,6200.0,2.0,1.0,57.0,1.0,10.0,[],14130.0,19.446847,-99.12984,2025-11-30 03:03:47
https://propiedades.com/inmuebles/departamento-en-venta-tlatecpa-91-depto-301-edif-a-san-andres-azcapotzalco-ciudad-de-mexico-cdmx-cp-02240-san-andres-df-30201961#tipos=residencial-venta&area=df&pos=13,30569712.0,1810500.0,"Venta de departamento Tlatecpa 91, Depto 301, Edif A, San Andrés, Azcapotzalco, Ciudad de México, CDMX, C.p 02240., Colonia San Andrés, C.P. 02240",Departamento,"Azcapotzalco, Ciudad de México",San Andrés,Azcapotzalco,2240.0,2.0,1.0,52.0,0.0,26.0,['Cisterna'],13940.0,19.497607,-99.175195,2025-11-30 03:04:02
https://propiedades.com/inmuebles/departamento-en-venta-ramos-millan-117-entre-castilla-y-ramos-millan-ninos-heroes-de-chapultepec-ninos-heroes-benito-j-117-ninos-heroes-df-30361343#pagina=35&tipos=residencial-venta&area=df&pos=30,30219824.0,3900000.0,"Venta de departamento Ramos Millan 117, entre CASTILLA Y RAMOS MILLAN, Niños Heroes de Chapultepec, Niños Héroes, Benito J #117, Colonia Niños Héroes, C.P. 03440",Departamento,,Niños Héroes,Benito Juárez,3440.0,2.0,2.0,100.0,1.0,1.0,['Cisterna'],33170.0,19.386376,-99.144131,2025-11-30 03:04:17
https://propiedades.com/inmuebles/departamento-en-venta-penthouse-con-roof-privado-y-amenidades-7-lomas-de-san-angel-inn-df-30181550#pagina=6&tipos=residencial-venta&area=df&pos=13,28851743.0,8545300.0,"Se vende departamento PENTHOUSE CON ROOF PRIVADO Y AMENIDADES #7, Colonia Lomas de San Ángel Inn, C.P. 01790",Departamento,,Lomas de San Ángel Inn,Álvaro Obregón,1790.0,2.0,2.0,,2.0,1.0,['Cisterna'],48740.0,19.345143,-99.199835,2025-11-30 03:04:35
https://propiedades.com/inmuebles/casa-en-venta--san-jeronimo-lidice-df-30295358#pagina=17&tipos=residencial-venta&area=df&pos=47,27717089.0,27500000.0,"Casa en venta disponible en _ , Colonia San Jerónimo Lídice, C.P. 10200",Casa,Disponible en _,San Jerónimo Lídice,La Magdalena Contreras,10200.0,2.0,5.0,361.0,3.0,,[],31770.0,19.326719,-99.22256,2025-11-30 03:04:53
https://propiedades.com/inmuebles/departamento-en-venta-ruben-dario-polanco-v-seccion-df-29536872#pagina=21&tipos=residencial-venta&area=df&pos=2,30036439.0,2900000.0,"Venta de departamento Ruben Dario, Colonia Polanco V Sección, C.P. 11560",Departamento,"Alcaldía Cuajimalpa, Ciudad de México",Polanco V Sección,Miguel Hidalgo,11560.0,2.0,3.0,,4.0,1.0,[],84460.0,19.429379,-99.196393,2025-11-30 03:05:12
https://propiedades.com/inmuebles/departamento-en-venta-santa-maria-la-ribera-santa-maria-la-ribera-df-30111526#pagina=11&tipos=residencial-venta&area=df&pos=6,30462844.0,3687340.0,"Venta de departamento en Santa María La Ribera , Colonia Santa Maria La Ribera, C.P. 06400",Departamento,Santa María La Ribera,Santa Maria la Ribera,Desconocida,6400.0,1.0,2.0,40.0,,1.0,[],36890.0,,,2025-11-30 03:05:31
https://propiedades.com/inmuebles/departamento-en-venta-lord-byron-polanco-v-seccion-df-28974165#pagina=22&tipos=residencial-venta&area=df&pos=1,28364563.0,1900000.0,"Departamento disponible en venta en Lord Byron, Colonia Polanco V Sección, C.P. 11560",Departamento,Lord Byron,Polanco V Sección,Miguel Hidalgo,11560.0,3.0,3.0,5.0,2.0,7.0,[],84460.0,19.429379,-99.196393,2025-11-30 03:05:47
https://propiedades.com/inmuebles/departamento-en-venta-lago-andromaco-ampliacion-granada-df-29881742#pagina=34&tipos=residencial-venta&area=df&pos=35,30509154.0,9800000.0,"Se vende departamento Lago Andromaco, Colonia Ampliación Granada, C.P. 11529",Departamento,,Ampliación Granada,Desconocida,11529.0,2.0,2.0,120.0,2.0,9.0,"['Cisterna', 'Telefonía']",65250.0,,,2025-11-30 03:06:14
https://propiedades.com/inmuebles/casa-en-condominio-en-venta-figuraco-barrio-la-concepcion-df-28843317#pagina=12&tipos=residencial-venta&area=df&pos=9,28363613.0,18115000.0,"Venta casa en condominio en Figuraco, Colonia Barrio La Concepción, C.P. 04020",Casa,Condominio en Figuraco,Barrio la Concepción,Desconocida,4020.0,4.0,5.0,,,1.0,"['Cisterna', 'Telefonía']",,,,2025-11-30 03:06:30
https://propiedades.com/inmuebles/departamento-en-venta-emilio-castelar-polanco-iv-seccion-df-30161093#pagina=23&tipos=residencial-venta&area=df&pos=28,27282177.0,29900000.0,"Se vende departamento en emilio castelar, Colonia Polanco IV Sección, C.P. 11550",Departamento,Emilio Castelar,Polanco Iv Sección,Miguel Hidalgo,11550.0,3.0,5.0,,2.0,42.0,[],84460.0,19.431891,-99.194951,2025-11-30 03:06:46
https://propiedades.com/inmuebles/departamento-en-venta-cristobal-colon-51-depto-8--chimalcoyoc-alcaldia-tlalpan-cdmx-cp-14630-chimalcoyoc-df-29685522#pagina=2&tipos=residencial-venta&area=df&pos=22,30150826.0,2210000.0,"Venta de departamento en Cristóbal Colón 51 Depto. 8, Chimalcoyoc, Alcaldía Tlalpan, CDMX, C.P. 14630., Colonia Chimalcoyoc, C.P. 14630",Departamento,,Chimalcoyoc,Tlalpan,14630.0,2.0,2.0,100.0,1.0,15.0,[],22620.0,19.272188,-99.165397,2025-11-30 03:07:04
https://propiedades.com/inmuebles/departamento-en-venta-av-paseo-de-la-reforma-694-nonoalco-tlatelolco-df-30453512#pagina=29&tipos=residencial-venta&area=df&pos=28,30578503.0,2800000.0,"Venta departamento en Av Paseo de la Reforma #694, Colonia Nonoalco Tlatelolco, C.P. 06900",Departamento,,Nonoalco Tlatelolco,Desconocida,6900.0,2.0,1.0,92.0,1.0,50.0,[],17990.0,,,2025-11-30 03:07:18
https://propiedades.com/inmuebles/departamento-en-venta-queretaro-roma-norte-df-30462832#pagina=16&tipos=residencial-venta&area=df&pos=9,30115448.0,3500000.0,"Venta de departamento Querétaro, Colonia Roma Norte, C.P. 06700",Departamento,,Roma Norte,Cuauhtémoc,6700.0,1.0,1.0,42.0,,,[],54490.0,19.418323,-99.162565,2025-11-30 03:07:52
https://propiedades.com/inmuebles/departamento-en-venta-prol-division-del-nte-calz-acoxpa-coapa-equipamiento-plaza-coapa-14390-ciudad-de-mexico-cdmx-4418-prado-coapa-3a-seccion-df-30505380#pagina=3&tipos=residencial-venta&area=df&pos=29,30464490.0,2800000.0,"Se vende departamento en Prol. División del Nte. & Calz Acoxpa, Coapa, Equipamiento Plaza Coapa, 14390 Ciudad de México, CDMX #4418Int. 3, Colonia Prado Coapa 3A Sección, C.P. 14357",Departamento,Prol. División del Nte. & Calz Acoxpa,Prado Coapa Iii Sección,Desconocida,14390.0,3.0,1.0,0.0,1.0,40.0,"['Cisterna', 'Telefonía']",22640.0,,,2025-11-30 03:08:13
https://propiedades.com/inmuebles/departamento-en-venta-juan-sebastian-bach-186-vallejo-df-29446456#pagina=10&tipos=residencial-venta&area=df&pos=21,30396403.0,2035000.0,"Venta departamento en Juan Sebastián Bach #186Int. 604C, Colonia Vallejo, C.P. 07870",Departamento,Juan Sebastián Bach #186int. 604c,Vallejo,Gustavo A. Madero,7870.0,2.0,1.0,60.0,1.0,5.0,['Cisterna'],18210.0,19.496707,-99.149552,2025-11-30 03:08:29
https://propiedades.com/inmuebles/departamento-en-venta-periferico-sur-pedregal-de-carrasco-df-30437124#pagina=17&tipos=residencial-venta&area=df&pos=25,28653130.0,5990000.0,"Departamento disponible en venta en Periférico sur, Colonia Pedregal de Carrasco, C.P. 04700",Departamento,Periférico Sur,Pedregal de Carrasco,Desconocida,4700.0,3.0,3.0,113.0,2.0,,[],29390.0,,,2025-11-30 03:08:46
https://propiedades.com/inmuebles/departamento-en-venta-del-valle-sur-df-28902037#pagina=15&tipos=residencial-venta&area=df&pos=39,30427232.0,7080000.0,"Departamento en venta, , Colonia Del Valle Sur, C.P. 03104",Departamento,Venta,Del Valle Sur,Benito Juárez,3104.0,2.0,2.0,82.0,2.0,,[],42630.0,19.389128,-99.175683,2025-11-30 03:09:03
https://propiedades.com/inmuebles/casa-en-venta-albert-einstein-sn-paseo-de-las-lomas-df-30486287#pagina=10&tipos=residencial-venta&area=df&pos=30,30137406.0,23900000.0,"Se vende casa Albert Einstein #s/n, Colonia Paseo de las Lomas, C.P. 01330",Casa,,Paseo de las Lomas,Desconocida,1330.0,3.0,5.0,525.0,5.0,20.0,"['Cisterna', 'Telefonía']",39580.0,,,2025-11-30 03:09:54
https://propiedades.com/inmuebles/casa-en-condominio-en-venta-arbol-del-fuego-43-la-candelaria-df-26292097#pagina=25&tipos=residencial-venta&area=df&pos=9,,11530178.0,"Casa en condominio disponible en venta en Árbol del Fuego #43, Colonia La Candelaria, C.P. 04380",Casa,Condominio Disponible en Venta en Árbol del Fuego #43,La Candelaria,Desconocida,4380.0,3.0,3.0,,,2.0,[],,,,2025-11-30 03:10:15
https://propiedades.com/inmuebles/departamento-en-venta-rio-grijalva-cuauhtemoc-df-26247931#pagina=4&tipos=residencial-venta&area=df&pos=40,28295538.0,5950000.0,"Se vende departamento en Rio Grijalva, Colonia Cuauhtémoc, C.P. 06500",Departamento,Rio Grijalva,Cuauhtémoc,Cuauhtémoc,6500.0,2.0,2.0,75.0,1.0,,[],60120.0,19.43349,-99.170055,2025-11-30 03:10:32
https://propiedades.com/inmuebles/departamento-en-venta-del-valle-sur-df-28886024#pagina=19&tipos=residencial-venta&area=df&pos=47,29949512.0,7790000.0,"Se vende departamento en , Colonia Del Valle Sur, C.P. 03104",Departamento,,Del Valle Sur,Benito Juárez,3104.0,2.0,2.0,58.0,1.0,,[],42630.0,19.389128,-99.175683,2025-11-30 03:10:46
https://propiedades.com/inmuebles/departamento-en-venta-av-popocatepetl-415-sta-cruz-atoyac-benito-juarez-03310-ciudad-de-mexico-cdmx-415-santa-cruz-atoyac-df-30534072#pagina=28&tipos=residencial-venta&area=df&pos=2,28450435.0,6300000.0,"Departamento en venta disponible en Av. Popocatépetl 415, Sta Cruz Atoyac, Benito Juárez, 03310 Ciudad de México, CDMX #415, Colonia Santa Cruz Atoyac, C.P. 03310",Departamento,Avenida Popocatépetl 415,Santa Cruz Atoyac,Benito Juárez,3310.0,3.0,2.0,45.0,2.0,,['Cisterna'],45020.0,19.365509,-99.16513,2025-11-30 03:11:03
https://propiedades.com/inmuebles/casa-en-condominio-en-venta-pestalozzi-230-narvarte-poniente-df-28464464#pagina=6&tipos=residencial-venta&area=df&pos=26,29778830.0,10200000.0,"Casa en condominio en venta disponible en Pestalozzi #230Int. 3, Colonia Narvarte Poniente, C.P. 03020",Casa,Condominio en Venta Disponible en Pestalozzi #230int. 3,Narvarte Poniente,Benito Juárez,3020.0,3.0,2.0,,2.0,22.0,"['Cisterna', 'Telefonía', 'Aire acondicionado']",,19.392226,-99.157707,2025-11-30 03:11:17
https://propiedades.com/inmuebles/departamento-en-venta-calle-rio-grijalva-cuauhtemoc-df-30168823#pagina=28&tipos=residencial-venta&area=df&pos=21,28295538.0,5.0,"Departamento en venta disponible en Calle Río Grijalva, Colonia Cuauhtémoc, C.P. 06500",Departamento,,Cuauhtémoc,Cuauhtémoc,6500.0,2.0,2.0,70.0,1.0,1.0,['Telefonía'],60120.0,19.43263,-99.133178,2025-11-30 03:11:35
https://propiedades.com/inmuebles/departamento-en-venta-francisco-tamagno-204-dep-301-edif-b-vallejo-gustavo-a-madero-ciudad-de-mexico-cdmx-cp-078-vallejo-df-29813711#tipos=residencial-venta&area=df&pos=29,30296314.0,1122000.0,"Venta de departamento en Francisco Tamagno 204, Dep 301, Edif B, Vallejo, Gustavo A. Madero, Ciudad de México, CDMX. C.p 078, Colonia Vallejo, C.P. 07870",Departamento,"Gustavo A. Madero, Ciudad de México",Vallejo,Gustavo A. Madero,7870.0,2.0,1.0,42.0,,37.0,[],18210.0,19.509981,-99.15346,2025-11-30 03:11:49
https://propiedades.com/inmuebles/departamento-en-venta-queretaro-roma-norte-df-29868411#pagina=22&tipos=residencial-venta&area=df&pos=3,29455014.0,9980000.0,"Venta departamento en Queretaro, Colonia Roma Norte, C.P. 06700",Departamento,,Roma Norte,Cuauhtémoc,6700.0,3.0,3.0,145.0,2.0,,[],54490.0,19.418323,-99.162565,2025-11-30 03:12:04
https://propiedades.com/inmuebles/casa-en-condominio-en-venta-cruz-verde-lomas-quebradas-df-30407275#pagina=28&tipos=residencial-venta&area=df&pos=35,28297706.0,12480000.0,"Venta de casa en condominio Cruz Verde, Colonia Lomas Quebradas, C.P. 10000",Casa,Condominio Cruz Verde,Lomas Quebradas,Tlalpan,10000.0,4.0,3.0,200.0,3.0,,"['Cisterna', 'Telefonía']",,19.28806,-99.166973,2025-11-30 03:12:24
https://propiedades.com/inmuebles/casa-en-condominio-en-venta-abel-quezada-miguel-hidalgo-4ta-secc-14250-ciudad-de-mexico-cdmx-sn-miguel-hidalgo-4a-seccion-df-30434145#pagina=8&tipos=residencial-venta&area=df&pos=6,30359813.0,5750000.0,"Se vende casa en condominio en Abel Quezada, Miguel Hidalgo 4ta Secc, 14250 Ciudad de México, CDMX #s/n, Colonia Miguel Hidalgo 4A Sección, C.P. 14250",Casa,Condominio en Abel Quezada,Miguel Hidalgo Iv Sección,Miguel Hidalgo,14250.0,3.0,2.0,,2.0,,['Cisterna'],,19.431891,-99.194951,2025-11-30 03:12:54
https://propiedades.com/inmuebles/departamento-en-venta-san-miguel-chapultepec-i-secc-11850-ciudad-de-mexico-cdmx-san-miguel-chapultepec-i-seccion-df-30489989#pagina=26&tipos=residencial-venta&area=df&pos=12,30289166.0,3968000.0,"Departamento en venta disponible en San Miguel Chapultepec I Secc, 11850 Ciudad de México, CDMX, Colonia San Miguel Chapultepec I Sección, C.P. 11850",Departamento,Disponible en San Miguel Chapultepec I Secc,San Miguel Chapultepec I Sección,Miguel Hidalgo,11850.0,2.0,1.0,60.0,1.0,1.0,[],42690.0,19.411038,-99.185778,2025-11-30 03:13:10
https://propiedades.com/inmuebles/departamento-en-venta-calle-5-61-depto-122-edif-1-agricola-pantitlan-iztacalco-ciudad-de-mexico-cdmx-cp-08100-agricola-pantitlan-df-30435929#tipos=residencial-venta&area=df&pos=45,29686144.0,1817000.0,"Venta de departamento en Calle 5 61, Depto 122, Edif 1, Agrícola Pantitlán, Iztacalco, Ciudad de México, CDMX, C.p 08100., Colonia Agrícola Pantitlan, C.P. 08100",Departamento,"Iztacalco, Ciudad de México",Agrícola Pantitlan,Iztacalco,8100.0,2.0,1.0,50.0,1.0,8.0,['Cisterna'],16320.0,19.405797,-99.066372,2025-11-30 03:13:24
https://propiedades.com/inmuebles/departamento-en-venta-town-house-con-3-recamaras-y-roof-privado-del-valle-norte-df-28424978#pagina=8&tipos=residencial-venta&area=df&pos=1,30532970.0,12480000.0,"Venta departamento en TOWN HOUSE CON 3 RECAMARAS Y ROOF PRIVADO, Colonia Del Valle Norte, C.P. 03103",Departamento,"Col del Valle Centro, Ciudad de México",Del Valle Norte,Benito Juárez,3103.0,3.0,2.0,170.0,2.0,1.0,['Cisterna'],42630.0,19.373635,-99.157408,2025-11-30 03:13:37
https://propiedades.com/inmuebles/departamento-en-venta-prolongacion-roa-barcenas-404-artes-graficas-venustiano-carranza-15830-ciudad-de-mexico-cdmx-404-artes-graficas-df-27530220#pagina=25&tipos=residencial-venta&area=df&pos=2,28703760.0,1084200.0,"Venta de departamento en Prolongacion Roa Barcenas 404, Artes Gráficas, Venustiano Carranza, 15830 Ciudad de México, CDMX #404, Colonia Artes Graficas, C.P. 15830",Departamento,Prolongacion Roa Barcenas 404,Artes Graficas,Venustiano Carranza,15830.0,1.0,1.0,60.0,1.0,,['Cisterna'],19070.0,19.411337,-99.125837,2025-11-30 03:13:55
https://propiedades.com/inmuebles/casa-en-venta-antonio-sola-colonia-condesa-06140-ciudad-de-mexico-cdmx-sn-condesa-df-30467367#pagina=25&tipos=residencial-venta&area=df&pos=34,29380310.0,17900000.0,"Casa en venta, Antonio Sola, Colonia Condesa, 06140 Ciudad de México, CDMX #s/n, Colonia Condesa, C.P. 06140",Casa,Venta,Condesa,Cuauhtémoc,6140.0,4.0,1.0,304.0,2.0,,[],73470.0,19.414864,-99.176429,2025-11-30 03:14:10
https://propiedades.com/inmuebles/departamento-en-venta-adagio-lomas-hidalgo-14240-ciudad-de-mexico-cdmx-lomas-hidalgo-df-30537496#pagina=28&tipos=residencial-venta&area=df&pos=15,30183919.0,4615000.0,"Se vende departamento en Adagio, Lomas Hidalgo, 14240 Ciudad de México, CDMX, Colonia Lomas Hidalgo, C.P. 14240",Departamento,Adagio,Lomas Hidalgo,Desconocida,14240.0,3.0,2.0,119.0,2.0,3.0,['Cisterna'],15490.0,,,2025-11-30 03:14:26
https://propiedades.com/inmuebles/departamento-en-venta-mapimi-valle-gomez-df-30089463#pagina=20&tipos=residencial-venta&area=df&pos=3,27514074.0,2707975.0,"Departamento disponible en venta en Mapimí, Colonia Valle Gómez, C.P. 06240",Departamento,,Valle Gómez,Desconocida,6240.0,2.0,2.0,68.0,1.0,,[],25030.0,,,2025-11-30 03:14:44
https://propiedades.com/inmuebles/casa-en-venta-desierto-de-los-leones-tizampampano-del-pueblo-tetelpan-df-30152746#pagina=32&tipos=residencial-venta&area=df&pos=7,30363468.0,12300004.0,"Se vende casa en Desierto de los Leones, Colonia Tizampampano del Pueblo Tetelpan, C.P. 01780",Casa,Desierto de los Leones,Tizampampano del Pueblo Tetelpan,Desconocida,1780.0,3.0,4.0,327.0,5.0,3.0,"['Cisterna', 'Telefonía']",30120.0,,,2025-11-30 03:14:55
https://propiedades.com/inmuebles/casa-en-venta-orion-5-prado-churubusco-coyoacan-04230-ciudad-de-mexico-cdmx-5-prado-churubusco-df-30554539#pagina=13&tipos=residencial-venta&area=df&pos=12,30511032.0,5900000.0,"Se vende casa Orion 5, Prado Churubusco, Coyoacán, 04230 Ciudad de México, CDMX #5, Colonia Prado Churubusco, C.P. 04230",Casa,,Prado Churubusco,Álvaro Obregón,4230.0,4.0,2.0,,,55.0,['Aire acondicionado'],18690.0,19.390652,-99.195242,2025-11-30 03:15:12
https://propiedades.com/inmuebles/casa-en-venta-calle-18-club-de-golf-mexico-df-30158124#pagina=19&tipos=residencial-venta&area=df&pos=44,30552398.0,8500000.0,"Venta de casa en calle 18, Colonia Club de Golf México, C.P. 14620",Casa,Calle 18,Club de Golf México,Desconocida,14620.0,2.0,2.0,279.0,3.0,,[],26350.0,,,2025-11-30 03:16:51
https://propiedades.com/inmuebles/departamento-en-venta-rio-guadalquivir-31-cuauhtemoc-06500-ciudad-de-mexico-cdmx-31-cuauhtemoc-df-30553867#pagina=27&tipos=residencial-venta&area=df&pos=29,28295538.0,6243557.0,"Departamento en venta, Río Guadalquivir 31, Cuauhtémoc, 06500 Ciudad de México, CDMX #31, Colonia Cuauhtémoc, C.P. 06500",Departamento,Venta,Cuauhtémoc,Cuauhtémoc,6500.0,2.0,2.0,35.0,1.0,1.0,[],60120.0,19.441834,-99.127558,2025-11-30 03:17:11
https://propiedades.com/inmuebles/departamento-en-venta-felix-parra-san-jose-insurgentes-df-29235293#pagina=13&tipos=residencial-venta&area=df&pos=27,28536271.0,8940000.0,"Venta de departamento Félix Parra, Colonia San José Insurgentes, C.P. 03900",Departamento,"este departamento ofrece una excelente ubicación en Benito Juárez, Ciudad de México",San José Insurgentes,Desconocida,3900.0,2.0,2.0,77.0,2.0,1.0,['Cisterna'],47820.0,,,2025-11-30 03:17:39
https://propiedades.com/inmuebles/departamento-en-venta-la-morena-1861-narvarte-poniente-benito-juarez-03023-ciudad-de-mexico-cdmx-sn-narvarte-oriente-df-30512993#pagina=11&tipos=residencial-venta&area=df&pos=37,29887284.0,5200000.0,"Departamento en venta, La Morena 1861, Narvarte Poniente, Benito Juárez, 03023 Ciudad de México, CDMX #s/n, Colonia Narvarte Oriente, C.P. 03023",Departamento,Venta,Narvarte Oriente,Benito Juárez,3023.0,3.0,2.0,,2.0,10.0,['Cisterna'],41310.0,19.398537,-99.152126,2025-11-30 03:17:58
https://propiedades.com/inmuebles/departamento-en-venta-cam-real-de-minas-7-lomas-de-los-angeles-tetelpan-alvaro-obregon-01700-ciudad-de-mexico-cdmx-7-san-agustin-del-pueblo-tetelpan-df-30287526#pagina=10&tipos=residencial-venta&area=df&pos=5,29714660.0,6021000.0,"Departamento en venta, Cam. Real de Minas 7, Lomas de los Ángeles Tetelpan, Álvaro Obregón, 01700 Ciudad de México, CDMX #7, Colonia San Agustín del Pueblo Tetelpan, C.P. 01700",Departamento,Venta,San Agustín del Pueblo Tetelpan,Álvaro Obregón,1700.0,1.0,2.0,0.0,2.0,2.0,[],46650.0,19.390652,-99.195242,2025-11-30 03:18:16
https://propiedades.com/inmuebles/departamento-en-venta-fresnos-san-clemente-sur-df-30529873#pagina=3&tipos=residencial-venta&area=df&pos=37,29869473.0,3135000.0,"Departamento en venta, Fresnos, Colonia San Clemente Sur, C.P. 01740",Departamento,"álvaro obregón, ciudad de méxico",San Clemente Sur,Desconocida,1740.0,2.0,1.0,0.0,1.0,,[],31330.0,,,2025-11-30 03:18:33
https://propiedades.com/inmuebles/casa-en-venta-san-rafael-atlixco-real-del-moral-ciudad-de-mexico-cdmx-sn-real-del-moral-df-30531414#pagina=34&tipos=residencial-venta&area=df&pos=17,30531425.0,7350000.0,"Venta de casa en San Rafael Atlixco, Real del Moral, Ciudad de México, CDMX #s/n, Colonia Real del Moral, C.P. 09010",Casa,"Real del Moral, Ciudad de México",Real del Moral,Desconocida,9010.0,4.0,3.0,340.0,2.0,,['Cisterna'],15880.0,,,2025-11-30 03:18:52
https://propiedades.com/inmuebles/departamento-en-venta-juventino-rosas-peralvillo-df-30425323#pagina=16&tipos=residencial-venta&area=df&pos=4,29440948.0,2676362.0,"Departamento en venta, Juventino Rosas, Colonia Peralvillo, C.P. 06220",Departamento,,Peralvillo,Desconocida,6220.0,2.0,2.0,79.0,1.0,,[],19750.0,,,2025-11-30 03:19:10
https://propiedades.com/inmuebles/departamento-en-venta-la-coruna-35-alamos-benito-juarez-03400-ciudad-de-mexico-cdmx-alamos-df-30334141#pagina=2&tipos=residencial-venta&area=df&pos=33,29205372.0,2665000.0,"Departamento en venta disponible en La Coruña 35, Álamos, Benito Juárez, 03400 Ciudad de México, CDMX, Colonia Álamos, C.P. 03400",Departamento,Disponible en La Coruña 35,Álamos,Benito Juárez,3400.0,1.0,1.0,80.0,1.0,1.0,[],38920.0,19.394749,-99.142949,2025-11-30 03:19:34
https://propiedades.com/inmuebles/casa-en-venta-san-bartolo-ameyalco-df-28116957#pagina=24&tipos=residencial-venta&area=df&pos=27,27742159.0,50000000.0,"Venta de casa , Colonia San Bartolo Ameyalco, C.P. 01800",Casa,,San Bartolo Ameyalco,Milpa Alta,1800.0,3.0,5.0,0.0,,35.0,[],19020.0,19.191609,-99.023376,2025-11-30 03:19:48
https://propiedades.com/inmuebles/departamento-en-venta-ampliacion-granada-df-30414696#pagina=16&tipos=residencial-venta&area=df&pos=14,30456224.0,6962600.0,"Departamento disponible en venta en , Colonia Ampliación Granada, C.P. 11529",Departamento,,Ampliación Granada,Desconocida,11529.0,3.0,2.0,55.0,2.0,,[],65250.0,,,2025-11-30 03:20:19
https://propiedades.com/inmuebles/departamento-en-venta-carlos-b-zetina-escandon-i-seccion-df-29740623#pagina=4&tipos=residencial-venta&area=df&pos=45,30321465.0,5414000.0,"Venta de departamento Carlos B. Zetina, Colonia Escandón I Sección, C.P. 11800",Departamento,,Escandón I Sección,Miguel Hidalgo,11800.0,1.0,2.0,68.0,2.0,,[],42820.0,19.407116,-99.190617,2025-11-30 03:20:37
https://propiedades.com/inmuebles/departamento-en-venta-progreso-nacional-df-30546795#pagina=22&tipos=residencial-venta&area=df&pos=42,30591293.0,1700000.0,"Se vende departamento , Colonia Progreso Nacional, C.P. 07600",Departamento,"C.P. 07600, Ciudad de México",Progreso Nacional,Desconocida,7600.0,2.0,2.0,65.0,1.0,,[],13560.0,,,2025-11-30 03:20:54
https://propiedades.com/inmuebles/departamento-en-venta-av-encarnacion-ortiz-1860-cosmopolita-azcapotzalco-02920-ciudad-de-mexico-cdmx-1860-ampliacion-cosmopolita-df-30334162#pagina=8&tipos=residencial-venta&area=df&pos=19,30518613.0,3026000.0,"Departamento disponible en venta en Av. Encarnación Ortiz 1860, Cosmopolita, Azcapotzalco, 02920 Ciudad de México, CDMX #1860, Colonia Ampliación Cosmopolita, C.P. 02920",Departamento,Avenida Encarnación Ortiz 1860,Ampliación Cosmopolita,Azcapotzalco,2920.0,2.0,2.0,70.0,1.0,1.0,[],33080.0,19.471713,-99.161277,2025-11-30 03:21:11
https://propiedades.com/inmuebles/departamento-en-venta-general-manuel-m-plata-70-observatorio-df-30152601#pagina=13&tipos=residencial-venta&area=df&pos=19,30537642.0,4700000.0,"Se vende departamento General Manuel M. Plata #70, Colonia Observatorio, C.P. 11860",Departamento,,Observatorio,Desconocida,11860.0,3.0,2.0,148.0,1.0,1.0,[],16940.0,,,2025-11-30 03:21:26
https://propiedades.com/inmuebles/departamento-en-venta-eje-central-lazaro-cardenas-1040-nueva-industrial-vallejo-gustavo-a-madero-07700-ciudad-de-mexic-1040-nueva-industrial-vallejo-df-30406373#pagina=13&tipos=residencial-venta&area=df&pos=34,30439972.0,2465000.0,"Departamento en venta, Eje Central Lázaro Cárdenas 1040, Nueva Industrial Vallejo, Gustavo A. Madero, 07700 Ciudad de Méxic #1040, Colonia Nueva Industrial Vallejo, C.P. 07700",Departamento,,Nueva Industrial Vallejo,Gustavo A. Madero,7700.0,2.0,2.0,60.0,1.0,15.0,[],24860.0,19.512993,-99.152273,2025-11-30 03:21:42
https://propiedades.com/inmuebles/casa-en-venta-calle-palma-9-san-bartolo-ameyalco-df-28908189#pagina=10&tipos=residencial-venta&area=df&pos=15,30559582.0,15500000.0,"Casa en venta, CALLE PALMA #9, Colonia San Bartolo Ameyalco, C.P. 01800",Casa,CALLE PALMA #9,San Bartolo Ameyalco,Milpa Alta,1800.0,2.0,5.0,,,32.0,"['Cisterna', 'Telefonía']",19020.0,19.191609,-99.023376,2025-11-30 03:22:00
https://propiedades.com/inmuebles/departamento-en-venta-ejercito-nacional-polanco-iv-seccion-df-30142006#pagina=23&tipos=residencial-venta&area=df&pos=44,29969722.0,6890000.0,"Venta de departamento en Ejercito Nacional, Colonia Polanco IV Sección, C.P. 11550",Departamento,Ejercito Nacional,Polanco Iv Sección,Miguel Hidalgo,11550.0,2.0,2.0,100.0,2.0,15.0,[],84460.0,19.431891,-99.194951,2025-11-30 03:22:17
https://propiedades.com/inmuebles/departamento-en-venta-priv-soto-guerrero-06300-ciudad-de-mexico-cdmx-108-guerrero-df-30494475#pagina=3&tipos=residencial-venta&area=df&pos=22,30488462.0,2693363.0,"Departamento disponible en venta en Priv. Soto, Guerrero, 06300 Ciudad de México, CDMX #108, Colonia Guerrero, C.P. 06300",Departamento,Priv. Soto,Guerrero,Desconocida,6300.0,2.0,2.0,,1.0,,['Cisterna'],16480.0,,,2025-11-30 03:22:34
https://propiedades.com/inmuebles/departamento-en-venta-luis-garcia-250-zona-urbana-ejidal-santa-martha-acatitla-sur-iztapalapa-09970-ciudad-de-mexico-c-250-valle-de-san-lorenzo-df-30359840#pagina=33&tipos=residencial-venta&area=df&pos=42,30359834.0,484000.0,"Se vende departamento en Luis García 250, Zona Urbana Ejidal Santa Martha Acatitla Sur, Iztapalapa, 09970 Ciudad de México, C #250, Colonia Valle de San Lorenzo, C.P. 09970",Departamento,Luis García 250,Valle de San Lorenzo,Iztapalapa,9970.0,2.0,1.0,,,,[],11490.0,19.299241,-99.078326,2025-11-30 03:22:51
https://propiedades.com/inmuebles/casa-en-venta-barranquilla-lindavista-nte-07300-ciudad-de-mexico-cdmx-lindavista-norte-df-30417291#pagina=11&tipos=residencial-venta&area=df&pos=41,30594765.0,11900000.0,"Venta de casa en Barranquilla, Lindavista Nte., 07300 Ciudad de México, CDMX, Colonia Lindavista Norte, C.P. 07300",Casa,Barranquilla,Lindavista Norte,Gustavo A. Madero,7300.0,4.0,2.0,,,,[],22480.0,19.505739,-99.148014,2025-11-30 03:23:44
https://propiedades.com/inmuebles/departamento-en-venta-ahuehuetes-norte-residencial-portofino-bosques-de-las-lomasbosques-de-las-bosque-de-las-lomas-df-4398671#pagina=17&tipos=residencial-venta&area=df&pos=28,28448036.0,29900000.0,"Departamento disponible en venta en AHUEHUETES NORTE RESIDENCIAL PORTOFINO, BOSQUES DE LAS LOMASBOSQUES DE LAS, Colonia Bosque de las Lomas, C.P. 11700",Departamento,,Bosque de las Lomas,Cuajimalpa,11700.0,3.0,3.0,574.0,4.0,10.0,[],46010.0,19.400533,-99.240839,2025-11-30 03:23:59
https://propiedades.com/inmuebles/departamento-en-venta-av-insurgentes-sur-1857-guadalupe-inn-alvaro-obregon-01020-ciudad-de-mexico-cdmx-1857-guadalupe-inn-df-30432640#pagina=8&tipos=residencial-venta&area=df&pos=39,30366860.0,6990000.0,"Venta de departamento en Av. Insurgentes Sur 1857, Guadalupe Inn, Álvaro Obregón, 01020 Ciudad de México, CDMX #1857, Colonia Guadalupe Inn, C.P. 01020",Departamento,Avenida Insurgentes Sur 1857,Guadalupe Inn,Álvaro Obregón,1020.0,3.0,2.0,100.0,2.0,10.0,[],49840.0,19.353898,-99.185484,2025-11-30 03:24:18
https://propiedades.com/inmuebles/casa-en-venta-bosque-bosque-de-las-lomas-df-30564566#pagina=22&tipos=residencial-venta&area=df&pos=15,30349370.0,100000000.0,"Se vende casa en Bosque, Colonia Bosque de las Lomas, C.P. 11700",Casa,Bosque,Bosque de las Lomas,Cuajimalpa,11700.0,7.0,10.0,84.0,,,[],42970.0,19.389002,-99.257652,2025-11-30 03:24:33
https://propiedades.com/inmuebles/departamento-en-venta-departamento-con-2-recamaras-en-la-colonia-cuauhtemoc-48-cuauhtemoc-df-28295538#pagina=3&tipos=residencial-venta&area=df&pos=5,26247931.0,5890000.0,"Venta de departamento DEPARTAMENTO CON 2 RECAMARAS EN LA COLONIA CUAUHTEMOC #48, Colonia Cuauhtémoc, C.P. 06500",Departamento,La Colonia Cuauhtemoc #48,Cuauhtémoc,Cuauhtémoc,6500.0,2.0,2.0,75.0,1.0,1.0,['Cisterna'],60120.0,19.42593,-99.173399,2025-11-30 03:24:49
https://propiedades.com/inmuebles/departamento-en-venta-calz-de-la-ronda-88depto-a-403-ex-hipodromo-de-peralvillo-cuauhtemoc-06250-ciudad-de-mexico-cd-88-exhipodromo-de-peralvillo-df-30435315#pagina=34&tipos=residencial-venta&area=df&pos=3,27530223.0,1197100.0,"Departamento disponible en venta en Calz. de la Ronda 88-depto a 403, Ex Hipódromo de Peralvillo, Cuauhtémoc, 06250 Ciudad de México, CD #88Int. A403, Colonia Ex-Hipódromo de Peralvillo, C.P. 06250",Departamento,Calzada de la Ronda 88-depto A 403,Ex-hipódromo de Peralvillo,Cuauhtémoc,6250.0,2.0,1.0,,1.0,,[],16720.0,19.456775,-99.13501,2025-11-30 03:25:23
https://propiedades.com/inmuebles/departamento-en-venta-calle-rio-grijalva-35-cuauhtemoc-06500-ciudad-de-mexico-cdmx-35-cuauhtemoc-df-30404013#pagina=34&tipos=residencial-venta&area=df&pos=47,30521402.0,6800000.0,"Se vende departamento Calle Río Grijalva 35, Cuauhtémoc, 06500 Ciudad de México, CDMX #35, Colonia Cuauhtémoc, C.P. 06500",Departamento,,Cuauhtémoc,Cuauhtémoc,6500.0,2.0,2.0,75.0,,1.0,[],60120.0,19.43263,-99.133178,2025-11-30 03:25:40
https://propiedades.com/inmuebles/casa-en-condominio-en-ambos-av-san-jeronimo-san-jeronimo-lidice-df-30105996#pagina=32&tipos=residencial-venta&area=df&pos=36,30561231.0,14900000.0,"Venta de casa en condominio Av San Jeronimo , Colonia San Jerónimo Lídice, C.P. 10200",Casa,Condominio Av San Jeronimo,San Jerónimo Lídice,La Magdalena Contreras,10200.0,3.0,3.0,100.0,5.0,,['Cisterna'],,19.326719,-99.22256,2025-11-30 03:25:57
https://propiedades.com/inmuebles/casa-en-condominio-en-venta-arbol-del-fuego-43-la-candelaria-df-26292099#pagina=24&tipos=residencial-venta&area=df&pos=18,,8705820.0,"Venta casa en condominio en Árbol del Fuego #43, Colonia La Candelaria, C.P. 04380",Casa,Av. División Del Norte,La Candelaria,Desconocida,4380.0,3.0,2.0,,,2.0,[],,,,2025-11-30 03:26:12
https://propiedades.com/inmuebles/departamento-en-venta-avenida-paseo-de-la-reforma-28-28-juarez-df-29754916#pagina=28&tipos=residencial-venta&area=df&pos=28,30555953.0,3061314.0,"Departamento en venta disponible en Avenida Paseo de la Reforma 28 #28, Colonia Juárez, C.P. 06600",Departamento,,Juárez,Cuauhtémoc,6600.0,2.0,1.0,35.0,,1.0,[],56650.0,19.43327,-99.147684,2025-11-30 03:26:30
https://propiedades.com/inmuebles/departamento-en-venta-cobalto-lomas-del-pedregal-df-29757905#pagina=20&tipos=residencial-venta&area=df&pos=26,27792109.0,20900000.0,"Venta departamento en Cobalto, Colonia Lomas del Pedregal, C.P. 14220",Departamento,Cobalto,Lomas del Pedregal,Desconocida,14220.0,2.0,3.0,0.0,,13.0,[],52190.0,,,2025-11-30 03:27:08
https://propiedades.com/inmuebles/departamento-en-venta-departamento-con-2-recamaras-y-amenidades-en-periferico-sur-merced-gomez-df-28491761#pagina=3&tipos=residencial-venta&area=df&pos=4,30553759.0,4061000.0,"Departamento en venta, DEPARTAMENTO CON 2 RECAMARAS Y AMENIDADES EN PERIFERICO SUR, Colonia Merced Gómez, C.P. 01600",Departamento,Periferico Sur,Merced Gómez,Álvaro Obregón,1600.0,2.0,1.0,,1.0,1.0,['Cisterna'],45450.0,19.364683,-99.198554,2025-11-30 03:27:25
https://propiedades.com/inmuebles/casa-en-venta-cjon-heliotropo-del-nino-jesus-df-30295449#pagina=15&tipos=residencial-venta&area=df&pos=24,30457468.0,20900000.0,"Venta de casa en Cjon. Heliotropo, Colonia Del Niño Jesús, C.P. 04330",Casa,,Del Niño Jesús,Desconocida,4330.0,5.0,4.0,420.0,6.0,25.0,[],50160.0,,,2025-11-30 03:27:41
https://propiedades.com/inmuebles/departamento-en-venta-heriberto-frias-1149-del-valle-centro-df-29701063#pagina=8&tipos=residencial-venta&area=df&pos=20,29795643.0,5499000.0,"Departamento en venta, Heriberto Frías #1149, Colonia Del Valle Centro, C.P. 03100",Departamento,,Del Valle Centro,Benito Juárez,3100.0,3.0,2.0,144.0,1.0,40.0,[],42630.0,19.386924,-99.163602,2025-11-30 03:27:58
https://propiedades.com/inmuebles/casa-en-venta-rousseau-sn-anzures-df-29907324#pagina=9&tipos=residencial-venta&area=df&pos=7,29987816.0,16000000.0,"Casa disponible en venta en Rousseau #s/n, Colonia Anzures, C.P. 11590",Casa,Rousseau #s/n,Anzures,Miguel Hidalgo,11590.0,4.0,3.0,225.0,,37.0,['Cisterna'],51110.0,19.432777,-99.180583,2025-11-30 03:28:15
https://propiedades.com/inmuebles/casa-en-venta-bosque-de-pinos-bosque-de-las-lomas-df-30420722#pagina=27&tipos=residencial-venta&area=df&pos=43,27542473.0,33000000.0,"Venta casa en BOSQUE DE PINOS, Colonia Bosque de las Lomas, C.P. 11700",Casa,Bosque DE Pinos,Bosque de las Lomas,Cuajimalpa,11700.0,3.0,3.0,500.0,6.0,1.0,"['Cisterna', 'Telefonía']",42970.0,19.400533,-99.240839,2025-11-30 03:28:31
https://propiedades.com/inmuebles/departamento-en-venta-boulevard-miguel-de-cervantes-saavedra-granada-df-30053336#pagina=33&tipos=residencial-venta&area=df&pos=47,29372974.0,15276000.0,"Venta de departamento Boulevard Miguel de Cervantes Saavedra, Colonia Granada, C.P. 11520",Departamento,Boulevard Miguel de Cervantes Saavedra,Granada,Desconocida,11520.0,2.0,2.0,147.0,2.0,1.0,"['Cisterna', 'Telefonía']",65250.0,,,2025-11-30 03:28:48
https://propiedades.com/inmuebles/casa-en-venta-lago-guija-legaria-df-23952265#pagina=5&tipos=residencial-venta&area=df&pos=41,30530223.0,7300000.0,"Se vende casa Lago Guija, Colonia Legaria, C.P. 11410",Casa,,Legaria,Miguel Hidalgo,11410.0,2.0,1.0,,,,[],20070.0,19.45537,-99.194165,2025-11-30 03:29:07
https://propiedades.com/inmuebles/departamento-en-venta-tokio-portales-norte-df-30510583#pagina=15&tipos=residencial-venta&area=df&pos=22,30296290.0,3200000.0,"Departamento en venta disponible en Tokio, Colonia Portales Norte, C.P. 03303",Departamento,,Portales Norte,Benito Juárez,3303.0,2.0,2.0,80.0,1.0,,[],41970.0,19.368262,-99.149281,2025-11-30 03:29:23
https://propiedades.com/inmuebles/departamento-en-venta-larga-distancia-57-ampliacion-sinatel-df-30017716#pagina=23&tipos=residencial-venta&area=df&pos=2,30391820.0,5895000.0,"Departamento disponible en venta en Larga Distancia #57, Colonia Ampliación Sinatel, C.P. 09479",Departamento,,Ampliación Sinatel,Desconocida,9479.0,3.0,3.0,160.0,,42.0,['Cisterna'],22050.0,,,2025-11-30 03:29:36
https://propiedades.com/inmuebles/departamento-en-venta-tomas-alva-edison-tabacalera-df-28972527#pagina=5&tipos=residencial-venta&area=df&pos=6,27243643.0,2449926.0,"Departamento disponible en venta en Tomás Alva Edison, Colonia Tabacalera, C.P. 06030",Departamento,Tomás Alva Edison,Tabacalera,Desconocida,6030.0,1.0,1.0,0.0,0.0,,[],61480.0,,,2025-11-30 03:30:32
https://propiedades.com/inmuebles/departamento-en-venta-kansas-napoles-df-30405293#pagina=16&tipos=residencial-venta&area=df&pos=45,30581717.0,5150000.0,"Venta de departamento KANSAS, Colonia Napoles, C.P. 03810",Departamento,,Napoles,Desconocida,3810.0,2.0,2.0,30.0,1.0,3.0,[],51830.0,,,2025-11-30 03:30:52
https://propiedades.com/inmuebles/departamento-en-venta-ignacio-allende-san-joaquin-df-29091542#pagina=4&tipos=residencial-venta&area=df&pos=36,29091541.0,3280000.0,"Departamento en venta, Ignacio Allende, Colonia San Joaquín, C.P. 11260",Departamento,,San Joaquín,Desconocida,11260.0,2.0,2.0,0.0,2.0,2.0,[],25440.0,,,2025-11-30 03:31:09
https://propiedades.com/inmuebles/departamento-en-venta-eje-central-lazaro-cardenas-san-simon-ciudad-de-mexico-cdmx-1130-san-simon-ticumac-df-30554768#pagina=6&tipos=residencial-venta&area=df&pos=47,30554690.0,3500000.0,"Departamento en venta disponible en Eje Central Lázaro Cárdenas, San Simón, Ciudad de México, CDMX #1130, Colonia San Simón Ticumac, C.P. 03660",Departamento,"San Simón, Ciudad de México",San Simón Ticumac,Benito Juárez,3660.0,3.0,2.0,87.0,1.0,,[],35130.0,19.37475,-99.142883,2025-11-30 03:31:22
https://propiedades.com/inmuebles/departamento-en-venta-ricardo-flores-magon-col-guerrero-guerrero-df-30304202#pagina=19&tipos=residencial-venta&area=df&pos=7,29782625.0,3.0,"Se vende departamento Ricardo Flores Magón, COL. GUERRERO, Colonia Guerrero, C.P. 06300",Departamento,,Guerrero,Desconocida,6300.0,2.0,1.0,0.0,1.0,,[],16480.0,,,2025-11-30 03:31:40
https://propiedades.com/inmuebles/departamento-en-venta-palanque-272-unidad-narvarte-imss-df-29888089#pagina=9&tipos=residencial-venta&area=df&pos=4,30378672.0,6000000.0,"Departamento en venta, Palanque #272, Colonia Unidad Narvarte IMSS, C.P. 03023",Departamento,Venta,Unidad Narvarte Imss,Benito Juárez,3023.0,3.0,1.0,31.0,2.0,,"['Cisterna', 'Telefonía']",41310.0,19.398537,-99.152126,2025-11-30 03:31:58
https://propiedades.com/inmuebles/departamento-en-venta-cda-lago-atter-37-ventura-perez-de-alva-df-30545689#pagina=3&tipos=residencial-venta&area=df&pos=12,30207044.0,1750000.0,"Venta de departamento Cda Lago Atter #37, Colonia Ventura Pérez de Alva, C.P. 11430",Departamento,,Ventura Pérez de Alva,Desconocida,11430.0,2.0,1.0,49.0,1.0,24.0,[],13460.0,,,2025-11-30 03:32:14
https://propiedades.com/inmuebles/departamento-en-venta-calle-arquimedes-221-polanco-polanco-iv-secc-miguel-hidalgo-11560-ciudad-de-mexico-cdmx-221-polanco-v-seccion-df-30448815#pagina=6&tipos=residencial-venta&area=df&pos=1,29239010.0,14900000.0,"Venta departamento en Calle Arquímedes 221, Polanco, Polanco IV Secc, Miguel Hidalgo, 11560 Ciudad de México, CDMX #221, Colonia Polanco V Sección, C.P. 11560",Departamento,Calle Arquímedes 221,Polanco V Sección,Miguel Hidalgo,11560.0,3.0,3.0,,2.0,12.0,['Cisterna'],84460.0,19.429379,-99.196393,2025-11-30 03:32:29
https://propiedades.com/inmuebles/casa-en-venta-avenida-toluca-120-progreso-tizapan-df-29765576#pagina=9&tipos=residencial-venta&area=df&pos=3,30577745.0,7749000.0,"Venta casa en Avenida Toluca #120, Colonia Progreso Tizapan, C.P. 01080",Casa,Avenida Toluca #120,Progreso Tizapan,Desconocida,1080.0,3.0,3.0,,,50.0,[],30960.0,,,2025-11-30 03:32:44
https://propiedades.com/inmuebles/casa-en-condominio-en-venta-av-las-flores-flor-de-maria-ciudad-de-mexico-cdmx-sn-flor-de-maria-df-30490619#pagina=29&tipos=residencial-venta&area=df&pos=10,30561231.0,16000000.0,"Venta de casa en condominio Av las Flores, Flor de María, Ciudad de México, CDMX #s/n, Colonia Flor de Maria, C.P. 01760",Casa,"Flor de María, Ciudad de México",Flor de Maria,Desconocida,1760.0,3.0,5.0,,5.0,1.0,['Cisterna'],,,,2025-11-30 03:33:01
https://propiedades.com/inmuebles/departamento-en-venta-boulevard-adolfo-lopez-mateos-los-alpes-df-30566443#pagina=15&tipos=residencial-venta&area=df&pos=3,30561702.0,12800000.0,"Departamento disponible en venta en Boulevard Adolfo López Mateos, Colonia Los Alpes, C.P. 01010",Departamento,Boulevard Adolfo López Mateos,Los Alpes,Álvaro Obregón,1010.0,3.0,2.0,0.0,3.0,5.0,[],59230.0,19.359324,-99.193178,2025-11-30 03:34:41
https://propiedades.com/inmuebles/departamento-en-venta-postal-df-27477438#pagina=24&tipos=residencial-venta&area=df&pos=8,30056933.0,3800000.0,"Se vende departamento en , Colonia Postal, C.P. 03410",Departamento,"benito juárez, ciudad de méxico",Postal,Desconocida,3410.0,2.0,2.0,73.0,2.0,,[],39580.0,,,2025-11-30 03:34:59
https://propiedades.com/inmuebles/casa-en-condominio-en-venta-amores-del-valle-centro-df-30018547#pagina=31&tipos=residencial-venta&area=df&pos=22,29914448.0,14400000.0,"Casa en condominio disponible en venta en Amores, Colonia Del Valle Centro, C.P. 03100",Casa,Condominio Disponible en Venta en Amores,Del Valle Centro,Benito Juárez,3100.0,2.0,3.0,,3.0,10.0,"['Cisterna', 'Telefonía']",,19.386924,-99.163602,2025-11-30 03:35:13
https://propiedades.com/inmuebles/departamento-en-venta-monrovia-613-portales-norte-df-28979088#pagina=13&tipos=residencial-venta&area=df&pos=17,30327417.0,2430000.0,"Departamento disponible en venta en Monrovia #613, Colonia Portales Norte, C.P. 03303",Departamento,Monrovia #613,Portales Norte,Benito Juárez,3303.0,3.0,1.0,,1.0,,['Cisterna'],41970.0,19.367291,-99.1496,2025-11-30 03:35:31
https://propiedades.com/inmuebles/casa-en-venta-agua-jardines-del-pedregal-df-30417079#pagina=30&tipos=residencial-venta&area=df&pos=46,30388754.0,38000000.0,"Casa en venta disponible en Agua, Colonia Jardines del Pedregal, C.P. 01900",Casa,Disponible en Agua,Jardines del Pedregal,Tlalpan,1900.0,4.0,4.0,867.0,2.0,6.0,"['Cisterna', 'Telefonía']",27820.0,19.2953,-99.209786,2025-11-30 03:35:43
https://propiedades.com/inmuebles/departamento-en-venta-anastacio-bustamante-156-cond-e-edif-3-depto-402-uh-presidentes-ii-presidentes-de-mexico-izt-presidentes-de-mexico-df-29532403#tipos=residencial-venta&area=df&pos=44,29685629.0,1099000.0,"Venta de departamento Anastacio Bustamante 156, Cond E, Edif 3, Depto. 402, U.H Presidentes II, Presidentes de México, Izt, Colonia Presidentes de México, C.P. 09740",Departamento,,Presidentes de México,Desconocida,9740.0,2.0,1.0,43.0,1.0,26.0,['Cisterna'],8310.0,,,2025-11-30 03:35:59
https://propiedades.com/inmuebles/departamento-en-venta-hamburgo-291-juarez-df-29445787#pagina=13&tipos=residencial-venta&area=df&pos=21,29428284.0,3340000.0,"Venta de departamento en Hamburgo #291, Colonia Juárez, C.P. 06600",Departamento,Hamburgo #291,Juárez,Cuauhtémoc,6600.0,2.0,1.0,40.0,1.0,1.0,[],56650.0,19.422746,-99.172532,2025-11-30 03:36:15
https://propiedades.com/inmuebles/departamento-en-venta-desierto-de-los-leones-5328-5329-ocotillos-del-pueblo-tetelpan-df-29869473#pagina=13&tipos=residencial-venta&area=df&pos=2,30529873.0,3245200.0,"Departamento en venta, Desierto de los Leones 5328 #5329, Colonia Ocotillos del Pueblo Tetelpan, C.P. 01700",Departamento,,Ocotillos del Pueblo Tetelpan,Desconocida,1700.0,2.0,2.0,64.0,1.0,1.0,[],29900.0,,,2025-11-30 03:36:30
https://propiedades.com/inmuebles/departamento-en-venta-av-popocatepetl-233-sta-cruz-atoyac-benito-juarez-03310-ciudad-de-mexico-cdmx-sn-santa-cruz-atoyac-df-30517324#pagina=27&tipos=residencial-venta&area=df&pos=26,30291146.0,3700000.0,"Departamento disponible en venta en Av. Popocatépetl 233, Sta Cruz Atoyac, Benito Juárez, 03310 Ciudad de México, CDMX #s/n, Colonia Santa Cruz Atoyac, C.P. 03310",Departamento,Avenida Popocatépetl 233,Santa Cruz Atoyac,Benito Juárez,3310.0,1.0,2.0,,1.0,14.0,"['Cisterna', 'Telefonía']",45020.0,19.365509,-99.16513,2025-11-30 03:36:48
https://propiedades.com/inmuebles/casa-en-venta-desierto-de-los-leones-53-santa-rosa-xochiac-alvaro-obregon-05610-ciudad-de-mexico-cdmx-53-santa-rosa-xochiac-df-30508499#pagina=30&tipos=residencial-venta&area=df&pos=20,28228707.0,5783938.0,"Venta de casa Desierto de los Leones 53, Santa Rosa Xochiac, Álvaro Obregón, 05610 Ciudad de México, CDMX #53, Colonia Santa Rosa Xochiac, C.P. 05610",Casa,,Santa Rosa Xochiac,Álvaro Obregón,5610.0,2.0,1.0,138.0,2.0,,[],7670.0,19.328039,-99.289236,2025-11-30 03:37:04
https://propiedades.com/inmuebles/casa-en-venta-rancho-san-francisco-pueblo-san-bartolo-ameyalco-df-26447533#pagina=20&tipos=residencial-venta&area=df&pos=5,30409232.0,47000000.0,"Casa en venta, , Colonia Rancho San Francisco Pueblo San Bartolo Ameyalco, C.P. 01807",Casa,Venta,Rancho San Francisco Pueblo San Bartolo Ameyalco,Milpa Alta,1807.0,4.0,6.0,0.0,,14.0,[],28950.0,19.191609,-99.023376,2025-11-30 03:37:56
https://propiedades.com/inmuebles/departamento-en-venta-calle-gabriel-mancera-1532-1532-del-valle-sur-df-28193666#pagina=32&tipos=residencial-venta&area=df&pos=32,29769847.0,5200000.0,"Departamento en venta, Calle Gabriel Mancera 1532 #1532Int. 103, Colonia Del Valle Sur, C.P. 03104",Departamento,,Del Valle Sur,Benito Juárez,3104.0,2.0,2.0,,1.0,32.0,['Cisterna'],42630.0,19.389128,-99.175683,2025-11-30 03:38:16
https://propiedades.com/inmuebles/departamento-en-venta-carr-mexicotoluca-5472-el-yaqui-cuajimalpa-de-morelos-05320-ciudad-de-mexico-cdmx-5472-el-yaqui-df-30367378#pagina=7&tipos=residencial-venta&area=df&pos=37,29971550.0,6550000.0,"Venta de departamento Carr. México-Toluca 5472, El Yaqui, Cuajimalpa de Morelos, 05320 Ciudad de México, CDMX #5472, Colonia El Yaqui, C.P. 05320",Departamento,,El Yaqui,Cuajimalpa,5320.0,2.0,5.0,0.0,2.0,1.0,['Cisterna'],53800.0,19.363158,-99.277974,2025-11-30 03:38:32
https://propiedades.com/inmuebles/departamento-en-venta-golfo-riga-68-tacuba-miguel-hidalgo-11410-ciudad-de-mexico-cdmx-68-tacuba-df-30545172#pagina=28&tipos=residencial-venta&area=df&pos=33,28654910.0,2028200.0,"Se vende departamento en Golfo Riga 68, Tacuba, Miguel Hidalgo, 11410 Ciudad de México, CDMX #68, Colonia Tacuba, C.P. 11410",Departamento,Golfo Riga 68,Tacuba,Miguel Hidalgo,11410.0,2.0,1.0,,1.0,,[],28000.0,19.454925,-99.186473,2025-11-30 03:38:48
https://propiedades.com/inmuebles/departamento-en-venta-departamento-con-3-recamaras-y-amenidades-en-escandon-escandon-ii-seccion-df-30511973#pagina=2&tipos=residencial-venta&area=df&pos=13,25503053.0,8665000.0,"Departamento disponible en venta en DEPARTAMENTO CON 3 RECAMARAS Y AMENIDADES EN ESCANDON, Colonia Escandón II Sección, C.P. 11800",Departamento,Departamento CON 3 Recamaras Y Amenidades EN Escandon,Escandón Ii Sección,Miguel Hidalgo,11800.0,3.0,3.0,80.0,2.0,1.0,['Cisterna'],42820.0,19.407116,-99.190617,2025-11-30 03:39:03
https://propiedades.com/inmuebles/departamento-en-venta-leopoldo-romano-adolfo-lopez-mateos-cuajimalpa-de-morelos-05280-ciudad-de-mexico-cdmx-sn-adolfo-lopez-mateos-df-30219797#pagina=32&tipos=residencial-venta&area=df&pos=2,28012532.0,5000000.0,"Se vende departamento en Leopoldo Romano , Adolfo López Mateos, Cuajimalpa de Morelos, 05280 Ciudad de México, CDMX #s/n, Colonia Adolfo López Mateos, C.P. 05280",Departamento,Leopoldo Romano,Adolfo López Mateos,Cuajimalpa,5280.0,2.0,2.0,100.0,2.0,1.0,"['Cisterna', 'Telefonía', 'Aire acondicionado']",35600.0,19.363588,-99.295747,2025-11-30 03:39:20
https://propiedades.com/inmuebles/departamento-en-venta-aluminio-161-d302-real-del-catorce-popular-rastro-ciudad-de-mexico-cd-de-mexico-cp-15220-popular-rastro-df-29685866#pagina=2&tipos=residencial-venta&area=df&pos=38,30528211.0,1797400.0,"Se vende departamento Aluminio 161, D302, Real del Catorce, Popular Rastro, Ciudad de México, Cd. de México C.P. 15220, Colonia Popular Rastro, C.P. 15220",Departamento,"Popular Rastro, Ciudad de México",Popular Rastro,Venustiano Carranza,15220.0,1.0,1.0,56.0,1.0,18.0,['Cisterna'],14940.0,19.437766,-99.120825,2025-11-30 03:39:36
https://propiedades.com/inmuebles/casa-en-venta-canada-320-jardines-del-pedregal-df-28210631#pagina=9&tipos=residencial-venta&area=df&pos=19,30388402.0,72000000.0,"Se vende casa en Cañada #320, Colonia Jardines del Pedregal, C.P. 01900",Casa,,Jardines del Pedregal,Tlalpan,1900.0,5.0,8.0,0.0,6.0,,[],27820.0,19.2953,-99.209786,2025-11-30 03:39:52
https://propiedades.com/inmuebles/casa-en-venta-paseo-de-las-primaveras-bosques-de-las-lomas-df-29865121#pagina=35&tipos=residencial-venta&area=df&pos=17,30492131.0,38900000.0,"Casa en venta, Paseo de Las Primaveras, Colonia Bosques de las Lomas, C.P. 05120",Casa,Venta,Bosques de las Lomas,Cuajimalpa,5120.0,4.0,3.0,500.0,3.0,5.0,"['Cisterna', 'Telefonía']",42970.0,19.387978,-99.251383,2025-11-30 03:40:11
https://propiedades.com/inmuebles/departamento-en-venta-calle-rio-grijalva-35-cuauhtemoc-06500-ciudad-de-mexico-cdmx-35-cuauhtemoc-df-30432473#pagina=27&tipos=residencial-venta&area=df&pos=21,28295538.0,5750000.0,"Se vende departamento en Calle Río Grijalva 35, Cuauhtémoc, 06500 Ciudad de México, CDMX #35, Colonia Cuauhtémoc, C.P. 06500",Departamento,Calle Río Grijalva 35,Cuauhtémoc,Cuauhtémoc,6500.0,2.0,2.0,70.0,1.0,1.0,[],60120.0,19.43349,-99.170055,2025-11-30 03:40:30
https://propiedades.com/inmuebles/casa-en-venta-iman-bosques-de-tetlameya-df-30257020#pagina=21&tipos=residencial-venta&area=df&pos=5,29841821.0,9858000.0,"Venta casa en IMAN, Colonia Bosques de Tetlameya, C.P. 04730",Casa,Iman,Bosques de Tetlameya,Desconocida,4730.0,3.0,3.0,250.0,2.0,,[],28250.0,,,2025-11-30 03:41:06
https://propiedades.com/inmuebles/departamento-en-venta-paseo-de-la-reforma-juarez-df-30089472#pagina=21&tipos=residencial-venta&area=df&pos=28,29754916.0,2988133.0,"Se vende departamento en Paseo de la Reforma, Colonia Juárez, C.P. 06600",Departamento,,Juárez,Cuauhtémoc,6600.0,2.0,1.0,32.0,,,[],56650.0,19.43327,-99.147684,2025-11-30 03:41:23
https://propiedades.com/inmuebles/departamento-en-venta-lago-winnipeg-126-legaria-miguel-hidalgo-11410-ciudad-de-mexico-cdmx-126-tacuba-df-30464767#pagina=12&tipos=residencial-venta&area=df&pos=24,30396440.0,2133000.0,"Se vende departamento en Lago Winnipeg 126, Legaria, Miguel Hidalgo, 11410 Ciudad de México, CDMX #126, Colonia Tacuba, C.P. 11410",Departamento,Lago Winnipeg 126,Tacuba,Miguel Hidalgo,11410.0,2.0,1.0,66.0,1.0,19.0,[],28000.0,19.456013,-99.191889,2025-11-30 03:41:42
https://propiedades.com/inmuebles/departamento-en-venta-calzada-de-tlalpan-el-reloj-df-21455565#pagina=20&tipos=residencial-venta&area=df&pos=45,29516075.0,2136043.0,"Departamento disponible en venta en Calzada de Tlalpan, Colonia El Reloj, C.P. 04640",Departamento,Calzada de Tlalpan,El Reloj,Tlalpan,4640.0,1.0,1.0,5.0,1.0,,[],31970.0,19.31361,-99.1404,2025-11-30 03:41:57
https://propiedades.com/inmuebles/departamento-en-venta-narvarte-oriente-df-30462834#pagina=16&tipos=residencial-venta&area=df&pos=2,30563640.0,2700000.0,"Se vende departamento en , Colonia Narvarte Oriente, C.P. 03023",Departamento,,Narvarte Oriente,Benito Juárez,3023.0,2.0,1.0,0.0,1.0,,[],,19.393267,-99.150258,2025-11-30 03:42:18
https://propiedades.com/inmuebles/departamento-en-venta-rio-elba-cuauhtemoc-df-29848573#pagina=4&tipos=residencial-venta&area=df&pos=16,27337103.0,6690000.0,"Venta departamento en Rio Elba, Colonia Cuauhtémoc, C.P. 06500",Departamento,,Cuauhtémoc,Cuauhtémoc,6500.0,3.0,1.0,0.0,2.0,1.0,[],60120.0,19.43263,-99.133178,2025-11-30 03:42:45
https://propiedades.com/inmuebles/departamento-en-venta-calle-jose-antonio-torres-756-viaducto-piedad-iztacalco-08200-ciudad-de-mexico-cdmx-mexico-viaducto-piedad-df-30334170#pagina=2&tipos=residencial-venta&area=df&pos=39,27483253.0,2727777.0,"Departamento disponible en venta en Calle José Antonio Torres 756, Viaducto Piedad, Iztacalco, 08200 Ciudad de México, CDMX, México, Colonia Viaducto Piedad, C.P. 08200",Departamento,Calle José Antonio Torres 756,Viaducto Piedad,Iztacalco,8200.0,1.0,2.0,60.0,1.0,1.0,[],20380.0,19.401017,-99.134522,2025-11-30 03:43:00
https://propiedades.com/inmuebles/casa-en-condominio-en-venta-desierto-de-los-leones-5028-la-joyita-del-pueblo-tetelpan-df-30206251#pagina=3&tipos=residencial-venta&area=df&pos=24,29717667.0,8900000.0,"Se vende casa en condominio en Desierto de los Leones #5028, Colonia La Joyita del Pueblo Tetelpan, C.P. 01700",Casa,"Ampliacion Los Alpes, Ciudad de México",La Joyita del Pueblo Tetelpan,Desconocida,1700.0,4.0,4.0,296.0,4.0,9.0,[],,,,2025-11-30 03:43:15
https://propiedades.com/inmuebles/departamento-en-venta-departamento-con-terraza-y-amenidades-en-roma-norte-roma-norte-df-30115389#pagina=30&tipos=residencial-venta&area=df&pos=7,30463095.0,4650000.0,"Venta de departamento en DEPARTAMENTO CON TERRAZA Y AMENIDADES EN ROMA NORTE, Colonia Roma Norte, C.P. 06700",Departamento,Departamento CON Terraza Y Amenidades EN Roma Norte,Roma Norte,Cuauhtémoc,6700.0,2.0,1.0,65.0,,1.0,['Cisterna'],54490.0,19.418323,-99.162565,2025-11-30 03:43:31
https://propiedades.com/inmuebles/departamento-en-venta-mapimi-valle-gomez-df-27514074#pagina=4&tipos=residencial-venta&area=df&pos=28,30089463.0,2762135.0,"Departamento en venta disponible en Mapimi, Colonia Valle Gómez, C.P. 06240",Departamento,Disponible en Mapimi,Valle Gómez,Desconocida,6240.0,1.0,2.0,40.0,1.0,,[],25030.0,,,2025-11-30 03:43:49
https://propiedades.com/inmuebles/casa-en-venta-san-bernabe-san-jeronimo-lidice-df-30041766#pagina=21&tipos=residencial-venta&area=df&pos=27,30295359.0,14750000.0,"Casa en venta, San Bernabe, Colonia San Jerónimo Lídice, C.P. 10200",Casa,Venta,San Jerónimo Lídice,La Magdalena Contreras,10200.0,3.0,3.0,350.0,10.0,,[],31770.0,19.319608,-99.226401,2025-11-30 03:44:36
https://propiedades.com/inmuebles/casa-en-venta-jardines-del-pedregal-df-30388402#pagina=16&tipos=residencial-venta&area=df&pos=27,28210631.0,76500000.0,"Venta de casa en , Colonia Jardines del Pedregal, C.P. 01900",Casa,,Jardines del Pedregal,Tlalpan,1900.0,3.0,5.0,762.0,10.0,5.0,[],27820.0,19.2953,-99.209786,2025-11-30 03:44:53
https://propiedades.com/inmuebles/casa-en-condominio-en-venta-aguilas-01710-ciudad-de-mexico-cdmx-mexico-ampliacion-alpes-df-30273000#pagina=31&tipos=residencial-venta&area=df&pos=9,30185765.0,12700000.0,"Casa en condominio en venta, Águilas, 01710 Ciudad de México, CDMX, México, Colonia Ampliación Alpes, C.P. 01710",Casa,Condominio en Venta,Ampliación Alpes,Desconocida,1710.0,3.0,3.0,95.0,5.0,4.0,"['Cisterna', 'Telefonía']",,,,2025-11-30 03:45:11
https://propiedades.com/inmuebles/departamento-en-venta-la-bayoneta-17-8-de-agosto-benito-juarez-03820-ciudad-de-mexico-cdmx-17-8-de-agosto-df-30484462#pagina=10&tipos=residencial-venta&area=df&pos=18,30211342.0,3593000.0,"Departamento en venta, La Bayoneta 17, 8 de Agosto, Benito Juárez, 03820 Ciudad de México, CDMX #17, Colonia 8 de Agosto, C.P. 03820",Departamento,Venta,8 de Agosto,Benito Juárez,3820.0,2.0,1.0,60.0,1.0,15.0,['Cisterna'],45840.0,19.388596,-99.182671,2025-11-30 03:45:28
https://propiedades.com/inmuebles/departamento-en-venta-av-insurgentes-nte-86-cuauhtemoc-06030-ciudad-de-mexico-cdmx-86-tabacalera-df-30537920#pagina=2&tipos=residencial-venta&area=df&pos=9,28855594.0,7000000.0,"Departamento en venta, Av. Insurgentes Nte. 86, Cuauhtémoc, 06030 Ciudad de México, CDMX #86, Colonia Tabacalera, C.P. 06030",Departamento,Venta,Tabacalera,Cuauhtémoc,6030.0,2.0,2.0,83.0,2.0,1.0,"['Cisterna', 'Telefonía']",61480.0,19.436074,-99.153917,2025-11-30 03:45:45
https://propiedades.com/inmuebles/casa-en-venta-mayorazgo-de-luyando-xoco-benito-juarez-03330-ciudad-de-mexico-cdmx-sn-xoco-df-30432142#pagina=30&tipos=residencial-venta&area=df&pos=6,30372267.0,14200000.0,"Casa disponible en venta en Mayorazgo de Luyando, Xoco, Benito Juárez, 03330 Ciudad de México, CDMX #s/n, Colonia Xoco, C.P. 03330",Casa,Mayorazgo de Luyando,Xoco,Benito Juárez,3330.0,3.0,3.0,0.0,3.0,,"['Cisterna', 'Telefonía', 'Aire acondicionado']",54250.0,19.362997,-99.168896,2025-11-30 03:46:04
https://propiedades.com/inmuebles/departamento-en-venta-c-antillas-portales-sur-df-30517670#pagina=26&tipos=residencial-venta&area=df&pos=9,28909306.0,4406808.0,"Se vende departamento C. Antillas, Colonia Portales Sur, C.P. 03300",Departamento,,Portales Sur,Benito Juárez,3300.0,2.0,2.0,4.0,1.0,1.0,[],41970.0,19.361694,-99.148914,2025-11-30 03:46:21
https://propiedades.com/inmuebles/departamento-en-venta-portales-oriente-03570-ciudad-de-mexico-cdmx-portales-oriente-df-30513289#pagina=27&tipos=residencial-venta&area=df&pos=46,30361918.0,3902000.0,"Venta de departamento en Portales Oriente, 03570 Ciudad de México, CDMX, Colonia Portales Oriente, C.P. 03570",Departamento,Portales Oriente,Portales Oriente,Benito Juárez,3570.0,2.0,1.0,75.0,1.0,8.0,['Cisterna'],41970.0,19.360551,-99.142797,2025-11-30 03:46:36
https://propiedades.com/inmuebles/departamento-en-venta-penthouse-con-roof-privado-en-del-valle-centro-del-valle-centro-df-29743002#pagina=10&tipos=residencial-venta&area=df&pos=6,29450246.0,16565100.0,"Venta departamento en PENTHOUSE CON ROOF PRIVADO EN DEL VALLE CENTRO , Colonia Del Valle Centro, C.P. 03100",Departamento,Penthouse CON Roof Privado EN DEL Valle Centro,Del Valle Centro,Benito Juárez,3100.0,2.0,3.0,360.0,2.0,3.0,['Cisterna'],42630.0,19.386924,-99.163602,2025-11-30 03:46:49
https://propiedades.com/inmuebles/departamento-en-venta-ctoribio-de-alcaraz-miguel-hidalgo-3ra-secc-14250-ciudad-de-mexico-cdmx-miguel-hidalgo-3a-seccion-df-30517420#pagina=33&tipos=residencial-venta&area=df&pos=7,30427093.0,775000.0,"Departamento disponible en venta en C.Toribio de Alcaraz, Miguel Hidalgo 3ra Secc, 14250 Ciudad de México, CDMX, Colonia Miguel Hidalgo 3A Sección, C.P. 14250",Departamento,C.toribio de Alcaraz,Miguel Hidalgo Iii Sección,Miguel Hidalgo,14250.0,3.0,1.0,80.0,1.0,,[],20780.0,19.407116,-99.190617,2025-11-30 03:47:10
https://propiedades.com/inmuebles/departamento-en-venta-av-instituto-politecnico-nacional-lindavista-norte-df-30538123#pagina=27&tipos=residencial-venta&area=df&pos=19,29242870.0,6100300.0,"Se vende departamento en Av. Instituto Politécnico Nacional, Colonia Lindavista Norte, C.P. 07300",Departamento,,Lindavista Norte,Gustavo A. Madero,7300.0,3.0,2.0,5.0,2.0,1.0,['Cisterna'],34430.0,19.505739,-99.148014,2025-11-30 03:47:47
https://propiedades.com/inmuebles/departamento-en-venta-rincon-del-bosque-polanco-iv-seccion-df-30031119#pagina=21&tipos=residencial-venta&area=df&pos=21,29069168.0,10900000.0,"Venta de departamento en Rincón del Bosque, Colonia Polanco IV Sección, C.P. 11550",Departamento,calles más exclusivas de Polanco,Polanco Iv Sección,Miguel Hidalgo,11550.0,3.0,2.0,26.0,2.0,15.0,[],84460.0,19.431891,-99.194951,2025-11-30 03:48:04
https://propiedades.com/inmuebles/departamento-en-venta-amores-320-col-del-valle-nte-benito-juarez-03100-ciudad-de-mexico-cdmx-320-del-valle-centro-df-30427232#pagina=7&tipos=residencial-venta&area=df&pos=45,30432676.0,6700000.0,"Departamento disponible en venta en Amores 320, Col del Valle Nte, Benito Juárez, 03100 Ciudad de México, CDMX #320, Colonia Del Valle Centro, C.P. 03100",Departamento,Amores 320,Del Valle Centro,Benito Juárez,3100.0,2.0,2.0,50.0,2.0,,[],42630.0,19.375652,-99.168419,2025-11-30 03:48:21
https://propiedades.com/inmuebles/departamento-en-venta-lago-andromaco-amp-granada-11529-ciudad-de-mexico-cdmx-sn-ampliacion-granada-df-30219912#pagina=32&tipos=residencial-venta&area=df&pos=12,30589571.0,7000000.0,"Departamento en venta, Lago Andromaco, Amp Granada, 11529 Ciudad de México, CDMX #s/n, Colonia Ampliación Granada, C.P. 11529",Departamento,Venta,Ampliación Granada,Desconocida,11529.0,2.0,2.0,55.0,2.0,1.0,"['Cisterna', 'Telefonía', 'Aire acondicionado']",65250.0,,,2025-11-30 03:48:37
https://propiedades.com/inmuebles/casa-en-venta-encino-grande-tetelpan-01700-ciudad-de-mexico-cdmx-tetelpan-df-30361196#pagina=27&tipos=residencial-venta&area=df&pos=8,30554565.0,35000000.0,"Venta de casa Encino Grande, Tetelpan, 01700 Ciudad de México, CDMX, Colonia Tetelpan, C.P. 01700",Casa,,Tetelpan,Desconocida,1700.0,4.0,4.0,84.0,3.0,,['Cisterna'],34770.0,,,2025-11-30 03:48:54
https://propiedades.com/inmuebles/departamento-en-venta-lago-neuchatel-granada-11529-ciudad-de-mexico-cdmx-ampliacion-granada-df-30576622#pagina=14&tipos=residencial-venta&area=df&pos=36,30537460.0,16500000.0,"Departamento en venta, Lago Neuchatel, Granada, 11529 Ciudad de México, CDMX, Colonia Ampliación Granada, C.P. 11529",Departamento,Venta,Ampliación Granada,Desconocida,11529.0,3.0,3.0,165.0,3.0,1.0,"['Cisterna', 'Telefonía']",65250.0,,,2025-11-30 03:49:11
https://propiedades.com/inmuebles/departamento-en-venta-dr-enrique-gonzalez-santa-maria-la-ribera-df-28915011#pagina=35&tipos=residencial-venta&area=df&pos=15,29840562.0,3285000.0,"Se vende departamento en Dr Enrique Gonzalez, Colonia Santa Maria La Ribera, C.P. 06400",Departamento,Dr Enrique Gonzalez,Santa Maria la Ribera,Desconocida,6400.0,2.0,1.0,59.0,1.0,,[],36890.0,,,2025-11-30 03:49:27
https://propiedades.com/inmuebles/departamento-en-venta-rio-guadalquivir-31-cuauhtemoc-06500-ciudad-de-mexico-cdmx-31-cuauhtemoc-df-30432370#pagina=29&tipos=residencial-venta&area=df&pos=30,30521402.0,6942835.0,"Venta de departamento Río Guadalquivir 31, Cuauhtémoc, 06500 Ciudad de México, CDMX #31, Colonia Cuauhtémoc, C.P. 06500",Departamento,,Cuauhtémoc,Cuauhtémoc,6500.0,2.0,2.0,5.0,1.0,1.0,[],60120.0,19.43263,-99.133178,2025-11-30 03:49:43
https://propiedades.com/inmuebles/casa-en-venta-pujato-lindavista-norte-df-30100314#pagina=34&tipos=residencial-venta&area=df&pos=45,29795292.0,15500000.0,"Se vende casa en Pujato, Colonia Lindavista Norte, C.P. 07300",Casa,,Lindavista Norte,Gustavo A. Madero,7300.0,3.0,4.0,14.0,4.0,50.0,"['Cisterna', 'Telefonía']",22480.0,19.505739,-99.148014,2025-11-30 03:49:57
https://propiedades.com/inmuebles/departamento-en-venta-camino-real-de-minas-tetelpan-df-29714660#pagina=5&tipos=residencial-venta&area=df&pos=26,29889829.0,6123100.0,"Venta departamento en Camino Real de Minas, Colonia Tetelpan, C.P. 01700",Departamento,,Tetelpan,Desconocida,1700.0,1.0,2.0,0.0,2.0,,[],41250.0,,,2025-11-30 03:50:15
https://propiedades.com/inmuebles/departamento-en-venta-calle-rio-grijalva-35-cuauhtemoc-06500-ciudad-de-mexico-cdmx-35-cuauhtemoc-df-30313001#pagina=31&tipos=residencial-venta&area=df&pos=28,26247931.0,6600000.0,"Departamento en venta disponible en Calle Río Grijalva 35, Cuauhtémoc, 06500 Ciudad de México, CDMX #35, Colonia Cuauhtémoc, C.P. 06500",Departamento,Calle Río Grijalva 35,Cuauhtémoc,Cuauhtémoc,6500.0,1.0,2.0,90.0,1.0,1.0,[],60120.0,19.43349,-99.170055,2025-11-30 03:51:59
https://propiedades.com/inmuebles/departamento-en-venta-carretera-mexico-toluca-5804-contadero-df-30464103#pagina=2&tipos=residencial-venta&area=df&pos=21,28852468.0,5989000.0,"Venta de departamento Carretera México toluca #5804, Colonia Contadero, C.P. 05500",Departamento,,Contadero,Cuajimalpa,5500.0,2.0,2.0,108.0,2.0,1.0,"['Cisterna', 'Telefonía']",51870.0,19.346598,-99.299359,2025-11-30 03:52:16
https://propiedades.com/inmuebles/departamento-en-venta-cuajimalpa-df-30555994#pagina=23&tipos=residencial-venta&area=df&pos=43,30327533.0,3105000.0,"Se vende departamento , Colonia Cuajimalpa, C.P. 05000",Departamento,"Cuajimalpa de Morelos, Ciudad de México",Cuajimalpa,Cuajimalpa,5000.0,2.0,2.0,35.0,2.0,8.0,[],35080.0,19.357981,-99.278199,2025-11-30 03:52:35
https://propiedades.com/inmuebles/departamento-en-venta-calle-2-201-edif-j-dep-102-agricola-pantitlan-iztacalco-ciudad-de-mexico-cdmx-cp-08100-agricola-pantitlan-df-29686144#tipos=residencial-venta&area=df&pos=37,30435929.0,1780000.0,"Se vende departamento Calle 2 201, Edif J, Dep 102, Agrícola Pantitlán, Iztacalco, Ciudad de México, CDMX, C.p 08100., Colonia Agrícola Pantitlan, C.P. 08100",Departamento,"Iztacalco, Ciudad de México",Agrícola Pantitlan,Iztacalco,8100.0,2.0,1.0,50.0,1.0,11.0,['Cisterna'],16320.0,19.405797,-99.066372,2025-11-30 03:52:50
https://propiedades.com/inmuebles/departamento-en-venta-avenida-san-buenaventura-club-de-golf-mexico-df-28274775#pagina=13&tipos=residencial-venta&area=df&pos=46,28006203.0,5500000.0,"Se vende departamento en Avenida San Buenaventura, Colonia Club de Golf México, C.P. 14620",Departamento,,Club de Golf México,Desconocida,14620.0,2.0,2.0,120.0,2.0,15.0,[],30130.0,,,2025-11-30 03:53:05
https://propiedades.com/inmuebles/casa-en-venta-c-las-huertas-40-40-santa-cecilia-tepetlapa-df-27734131#pagina=14&tipos=residencial-venta&area=df&pos=40,26760219.0,4500000.0,"Casa disponible en venta en C las Huertas 40 #40, Colonia Santa Cecilia Tepetlapa, C.P. 16880",Casa,calle arbolada respirando aire puro. Disfrute del jardín con árboles frutales,Santa Cecilia Tepetlapa,Desconocida,16880.0,3.0,3.0,,,32.0,['Cisterna'],11060.0,,,2025-11-30 03:53:24
https://propiedades.com/inmuebles/casa-en-venta-calle-esterlinas-115-aquiles-serdan-df-30132854#pagina=27&tipos=residencial-venta&area=df&pos=30,30255804.0,6990000.0,"Venta casa en Calle Esterlinas #115, Colonia Aquiles Serdán, C.P. 15430",Casa,Calle Esterlinas #115,Aquiles Serdán,Desconocida,15430.0,4.0,3.0,,3.0,39.0,['Cisterna'],9840.0,,,2025-11-30 03:53:39
https://propiedades.com/inmuebles/departamento-en-venta-tabacalera-df-28461288#pagina=30&tipos=residencial-venta&area=df&pos=25,28749533.0,2196144.0,"Departamento disponible en venta en Tabacalera, Colonia Tabacalera, C.P. 06030",Departamento,,Tabacalera,Desconocida,6030.0,1.0,1.0,81.0,0.0,,[],61480.0,,,2025-11-30 03:53:56
https://propiedades.com/inmuebles/departamento-en-venta-aguascalientes-roma-sur-df-30536012#pagina=15&tipos=residencial-venta&area=df&pos=8,30198104.0,11280000.0,"Departamento disponible en venta en Aguascalientes, Colonia Roma Sur, C.P. 06760",Departamento,,Roma Sur,Cuauhtémoc,6760.0,3.0,2.0,0.0,2.0,3.0,[],54490.0,19.405833,-99.163304,2025-11-30 03:54:13
https://propiedades.com/inmuebles/departamento-en-venta-agricola-oriental-df-30555950#pagina=23&tipos=residencial-venta&area=df&pos=47,30396555.0,2427710.0,"Se vende departamento en , Colonia Agrícola Oriental, C.P. 08500",Departamento,,Agrícola Oriental,Iztacalco,8500.0,2.0,2.0,60.0,1.0,9.0,[],24150.0,19.404564,-99.069504,2025-11-30 03:54:30
https://propiedades.com/inmuebles/departamento-en-venta-gral-salvador-alvarado-escandon-i-seccion-df-26128600#pagina=5&tipos=residencial-venta&area=df&pos=32,28787034.0,3079995.0,"Venta de departamento en Gral. Salvador Alvarado, Colonia Escandón I Sección, C.P. 11800",Departamento,,Escandón I Sección,Miguel Hidalgo,11800.0,1.0,1.0,42.0,,,[],42820.0,19.407116,-99.190617,2025-11-30 03:55:05
https://propiedades.com/inmuebles/departamento-en-venta-anzures-df-26916113#pagina=26&tipos=residencial-venta&area=df&pos=47,30338471.0,7500000.0,"Departamento en venta disponible en , Colonia Anzures, C.P. 11590",Departamento,"Anáhuac I Secc, Ciudad de México",Anzures,Miguel Hidalgo,11590.0,3.0,2.0,0.0,2.0,15.0,[],48270.0,19.432097,-99.177165,2025-11-30 03:55:23
https://propiedades.com/inmuebles/departamento-en-venta-prol-p-de-la-reforma-115dpto-902-santa-fe-paseo-de-las-lomas-cuajimalpa-de-morelos-01330-ciu-115-paseo-de-las-lomas-df-30435256#pagina=32&tipos=residencial-venta&area=df&pos=46,30305503.0,13252624.0,"Departamento en venta, Prol. P.º de la Reforma 115-dpto 902, Santa Fe, Paseo de las Lomas, Cuajimalpa de Morelos, 01330 Ciu #115Int. 902, Colonia Paseo de las Lomas, C.P. 01330",Departamento,Venta,Paseo de las Lomas,Cuajimalpa,1330.0,3.0,1.0,313.0,4.0,,[],46930.0,19.387978,-99.251383,2025-11-30 03:55:41
https://propiedades.com/inmuebles/departamento-en-venta-av-horacio-polanco-polanco-v-secc-ciudad-de-mexico-cdmx-bosque-de-chapultepec-i-seccion-df-30477220#pagina=27&tipos=residencial-venta&area=df&pos=9,28789645.0,7500000.0,"Venta departamento en Av. Horacio, Polanco, Polanco V Secc, Ciudad de México, CDMX, Colonia Bosque de Chapultepec I Sección, C.P. 11580",Departamento,"Polanco V Secc, Ciudad de México",Bosque de Chapultepec I Sección,Desconocida,11580.0,2.0,2.0,30.0,2.0,10.0,['Cisterna'],91620.0,,,2025-11-30 03:55:58
https://propiedades.com/inmuebles/casa-en-venta-xochicalco-letran-valle-df-29762879#pagina=20&tipos=residencial-venta&area=df&pos=30,30003936.0,13400000.0,"Casa disponible en venta en XOCHICALCO, Colonia Letrán Valle, C.P. 03650",Casa,Xochicalco,Letrán Valle,Benito Juárez,3650.0,4.0,3.0,59.0,1.0,56.0,[],41420.0,19.37809,-99.156246,2025-11-30 03:56:13
https://propiedades.com/inmuebles/departamento-en-venta-san-miguel-amantla-df-30569707#pagina=17&tipos=residencial-venta&area=df&pos=26,30518613.0,2536000.0,"Se vende departamento , Colonia San Miguel Amantla, C.P. 02700",Departamento,,San Miguel Amantla,Desconocida,2700.0,2.0,2.0,60.0,1.0,7.0,[],32299.0,,,2025-11-30 03:56:30
https://propiedades.com/inmuebles/casa-en-venta-c-sebastian-lerdo-de-tejada-barrio-san-francisco-df-29431472#pagina=21&tipos=residencial-venta&area=df&pos=20,30290748.0,21000000.0,"Se vende casa en C. Sebastián Lerdo de Tejada, Colonia Barrio San Francisco, C.P. 10500",Casa,C. Sebastián Lerdo de Tejada,Barrio San Francisco,Tláhuac,10500.0,4.0,5.0,750.0,6.0,,[],31300.0,19.270391,-99.00475,2025-11-30 03:56:45
https://propiedades.com/inmuebles/departamento-en-venta-av-rio-churubusco-610-xoco-benito-juarez-04100-ciudad-de-mexico-cdmx-610-del-carmen-df-30378623#pagina=10&tipos=residencial-venta&area=df&pos=44,29833318.0,17850000.0,"Departamento en venta, Av. Río Churubusco 610, Xoco, Benito Juárez, 04100 Ciudad de México, CDMX #610, Colonia Del Carmen, C.P. 04100",Departamento,Venta,Del Carmen,Benito Juárez,4100.0,3.0,3.0,215.0,2.0,4.0,"['Cisterna', 'Telefonía']",34870.0,19.375642,-99.138253,2025-11-30 03:56:59
https://propiedades.com/inmuebles/casa-en-venta-av-canal-nacional-valle-del-sur-df-26724565#pagina=9&tipos=residencial-venta&area=df&pos=18,,12000000.0,"Se vende casa en Av. Canal Nacional, Colonia Valle del Sur, C.P. 09819",Casa,Av. Canal Nacional,Valle del Sur,Desconocida,9819.0,7.0,4.0,0.0,,14.0,[],8790.0,,,2025-11-30 03:57:16
https://propiedades.com/inmuebles/departamento-en-venta-sur-veinte-168-dpto-408-torre-a-agricola-oriental-iztacalco-cdmx-cp-08500-agricola-oriental-df-29734183#tipos=residencial-venta&area=df&pos=10,30555951.0,2033000.0,"Venta de departamento Sur Veinte 168 Dpto 408 Torre A, Agrícola Oriental, Iztacalco, CDMX, C.P. 08500, Colonia Agrícola Oriental, C.P. 08500",Departamento,,Agrícola Oriental,Iztacalco,8500.0,2.0,1.0,43.0,,28.0,['Cisterna'],24150.0,19.404564,-99.069504,2025-11-30 03:57:32
https://propiedades.com/inmuebles/departamento-en-venta-acacias-43-43-acacias-df-29901371#pagina=33&tipos=residencial-venta&area=df&pos=34,30490195.0,6490000.0,"Se vende departamento en Acacias 43 #43, Colonia Acacias, C.P. 03240",Departamento,Acacias 43 #43,Acacias,Desconocida,3240.0,3.0,2.0,110.0,1.0,,['Cisterna'],51020.0,,,2025-11-30 03:58:19
https://propiedades.com/inmuebles/departamento-en-venta-av-cuauhtemoc-241-roma-nte-cuauhtemoc-06700-ciudad-de-mexico-cdmx-241-roma-norte-df-30296285#pagina=12&tipos=residencial-venta&area=df&pos=5,30089472.0,2792000.0,"Se vende departamento en Av. Cuauhtémoc 241, Roma Nte., Cuauhtémoc, 06700 Ciudad de México, CDMX #241, Colonia Roma Norte, C.P. 06700",Departamento,Avenida Cuauhtémoc 241,Roma Norte,Cuauhtémoc,6700.0,2.0,1.0,30.0,,,['Cisterna'],54490.0,19.412332,-99.154819,2025-11-30 03:58:35
https://propiedades.com/inmuebles/departamento-en-venta-carlos-b-zetina-escandon-i-seccion-df-29745394#pagina=5&tipos=residencial-venta&area=df&pos=3,30321362.0,6190000.0,"Departamento en venta, Carlos B. Zetina, Colonia Escandón I Sección, C.P. 11800",Departamento,Venta,Escandón I Sección,Miguel Hidalgo,11800.0,1.0,2.0,37.0,2.0,,[],42820.0,19.407116,-99.190617,2025-11-30 03:58:50
https://propiedades.com/inmuebles/departamento-en-venta-cda-hacienda-de-los-morales-polanco-polanco-i-secc-11510-ciudad-de-mexico-cdmx-polanco-i-seccion-df-30273802#pagina=13&tipos=residencial-venta&area=df&pos=5,27466848.0,13800000.0,"Venta departamento en Cda. Hacienda de Los Morales, Polanco, Polanco I Secc, 11510 Ciudad de México, CDMX, Colonia Polanco I Sección, C.P. 11510",Departamento,Cda. Hacienda de Los Morales,Polanco I Sección,Miguel Hidalgo,11510.0,3.0,3.0,260.0,2.0,30.0,"['Cisterna', 'Telefonía']",84460.0,19.429379,-99.196393,2025-11-30 03:59:06
https://propiedades.com/inmuebles/departamento-en-venta-ampliacion-granada-df-30414700#pagina=16&tipos=residencial-venta&area=df&pos=22,29380504.0,8606100.0,"Venta de departamento , Colonia Ampliación Granada, C.P. 11529",Departamento,,Ampliación Granada,Desconocida,11529.0,2.0,2.0,105.0,2.0,,[],65250.0,,,2025-11-30 03:59:23
https://propiedades.com/inmuebles/departamento-en-venta-av-16-de-septiembre-197-sta-ines-azcapotzalco-02140-ciudad-de-mexico-cdmx-197-santa-ines-df-30537931#pagina=2&tipos=residencial-venta&area=df&pos=14,28654945.0,2500000.0,"Se vende departamento en Av. 16 de Septiembre 197, Sta Ines, Azcapotzalco, 02140 Ciudad de México, CDMX #197, Colonia Santa Ines, C.P. 02140",Departamento,Avenida 16 de Septiembre 197,Santa Ines,Azcapotzalco,2140.0,2.0,2.0,63.0,1.0,1.0,"['Cisterna', 'Telefonía']",35930.0,19.497089,-99.191822,2025-11-30 03:59:52
https://propiedades.com/inmuebles/casa-en-condominio-en-venta-desierto-de-los-leones-tetelpan-ciudad-de-mexico-cdmx-tetelpan-df-30489800#pagina=24&tipos=residencial-venta&area=df&pos=25,28428492.0,12500000.0,"Casa en condominio en venta disponible en Desierto de los Leones, Tetelpan, Ciudad de México, CDMX, Colonia Tetelpan, C.P. 01700",Casa,"Tetelpan, Ciudad de México",Tetelpan,Desconocida,1700.0,3.0,3.0,174.0,3.0,4.0,"['Cisterna', 'Telefonía']",,,,2025-11-30 04:00:09
https://propiedades.com/inmuebles/departamento-en-venta-francisco-cesar-morales-fuentes-de-zaragoza-09140-ciudad-de-mexico-cdmx-santa-martha-acatitla-norte-df-30545148#pagina=29&tipos=residencial-venta&area=df&pos=19,30417033.0,1618700.0,"Departamento en venta, Francisco Cesar Morales, Fuentes de Zaragoza, 09140 Ciudad de México, CDMX, Colonia Santa Martha Acatitla Norte, C.P. 09140",Departamento,Venta,Santa Martha Acatitla Norte,Desconocida,9140.0,2.0,1.0,60.0,1.0,,[],11330.0,,,2025-11-30 04:00:24
https://propiedades.com/inmuebles/departamento-en-venta-del-valle-sur-df-30042042#pagina=23&tipos=residencial-venta&area=df&pos=11,30432873.0,8860000.0,"Departamento en venta, , Colonia Del Valle Sur, C.P. 03104",Departamento,"dos lugares de estacionamiento (elevauto) en la colonia Del Valle Centro, Ciudad de México",Del Valle Sur,Benito Juárez,3104.0,3.0,2.0,125.0,2.0,,[],42630.0,19.389128,-99.175683,2025-11-30 04:00:41
https://propiedades.com/inmuebles/departamento-en-venta-estrella-171-buenavista-cuauhtemoc-06350-ciudad-de-mexico-cdmx-171-buenavista-df-30435216#pagina=32&tipos=residencial-venta&area=df&pos=1,30435612.0,1353300.0,"Se vende departamento Estrella 171, Buenavista, Cuauhtémoc, 06350 Ciudad de México, CDMX #171Int. O501, Colonia Buenavista, C.P. 06350",Departamento,,Buenavista,Cuauhtémoc,6350.0,1.0,1.0,,1.0,,[],20920.0,19.446028,-99.151752,2025-11-30 04:00:58
https://propiedades.com/inmuebles/casa-en-venta-plan-de-tuxtepec-san-lorenzo-la-cebada-16035-ciudad-de-mexico-cdmx-sn-san-lorenzo-la-cebada-df-30531368#pagina=24&tipos=residencial-venta&area=df&pos=13,30494560.0,4600000.0,"Casa disponible en venta en Plan de Tuxtepec, San Lorenzo la Cebada, 16035 Ciudad de México, CDMX #s/n, Colonia San Lorenzo La Cebada, C.P. 16035",Casa,Plan de Tuxtepec,San Lorenzo la Cebada,Desconocida,16035.0,4.0,3.0,72.0,3.0,5.0,['Cisterna'],11360.0,,,2025-11-30 04:01:31
https://propiedades.com/inmuebles/departamento-en-venta-c-olivarito-64-san-jose-del-olivar-alvaro-obregon-01780-ciudad-de-mexico-cdmx-64-olivar-de-los-padres-df-30407622#pagina=9&tipos=residencial-venta&area=df&pos=11,30529873.0,2850000.0,"Venta departamento en C. Olivarito 64, San José del Olivar, Álvaro Obregón, 01780 Ciudad de México, CDMX #64, Colonia Olivar de los Padres, C.P. 01780",Departamento,C. Olivarito 64,Olivar de los Padres,Álvaro Obregón,1780.0,2.0,1.0,64.0,1.0,,[],38570.0,19.337078,-99.232964,2025-11-30 04:01:49
https://propiedades.com/inmuebles/casa-en-venta-bosque-de-maples-bosques-de-las-lomas-bosque-de-las-lomas-df-21300507#pagina=22&tipos=residencial-venta&area=df&pos=8,22154787.0,19900000.0,"Casa disponible en venta en BOSQUE DE MAPLES, BOSQUES DE LAS LOMAS, Colonia Bosque de las Lomas, C.P. 11700",Casa,"Alcaldía Cuajimalpa, Ciudad de México",Bosque de las Lomas,Cuajimalpa,11700.0,3.0,2.0,710.0,3.0,,[],42970.0,19.400533,-99.240839,2025-11-30 04:02:07
https://propiedades.com/inmuebles/departamento-en-venta-isabel-la-catolica-986-ninos-heroes-df-30502811#pagina=3&tipos=residencial-venta&area=df&pos=38,,1595000.0,"Se vende departamento Isabel La Católica #986, Colonia Niños Héroes, C.P. 03440",Departamento,,Niños Héroes,Benito Juárez,3440.0,2.0,2.0,,,50.0,['Cisterna'],33170.0,19.386376,-99.144131,2025-11-30 04:02:27
https://propiedades.com/inmuebles/casa-en-venta-portales-sur-df-28702620#pagina=29&tipos=residencial-venta&area=df&pos=4,30528437.0,5300000.0,"Casa en venta, , Colonia Portales Sur, C.P. 03300",Casa,"Militar Marte, Ciudad de México",Portales Sur,Benito Juárez,3300.0,1.0,2.0,0.0,,15.0,[],25830.0,19.361694,-99.148914,2025-11-30 04:02:43
https://propiedades.com/inmuebles/departamento-en-venta-secretaria-de-marina-lomas-del-chamizal-df-9883504#pagina=17&tipos=residencial-venta&area=df&pos=4,28745866.0,11000000.0,"Departamento en venta disponible en SECRETARIA DE MARINA, Colonia Lomas del Chamizal, C.P. 05129",Departamento,Disponible en Secretaria DE Marina,Lomas del Chamizal,Desconocida,5129.0,3.0,3.0,273.0,3.0,2.0,[],44330.0,,,2025-11-30 04:03:00
https://propiedades.com/inmuebles/departamento-en-venta-rio-elba-cuauhtemoc-df-29848575#pagina=22&tipos=residencial-venta&area=df&pos=4,26011134.0,4940000.0,"Departamento disponible en venta en Rio Elba, Colonia Cuauhtémoc, C.P. 06500",Departamento,Rio Elba,Cuauhtémoc,Cuauhtémoc,6500.0,2.0,1.0,0.0,1.0,1.0,[],60120.0,19.425716,-99.175238,2025-11-30 04:03:21
https://propiedades.com/inmuebles/casa-en-venta-durango-roma-norte-df-27123732#pagina=20&tipos=residencial-venta&area=df&pos=42,28481316.0,99990000.0,"Venta de casa Durango, Colonia Roma Norte, C.P. 06700",Casa,,Roma Norte,Cuauhtémoc,6700.0,6.0,5.0,,8.0,,[],43720.0,19.418323,-99.162565,2025-11-30 04:03:42
https://propiedades.com/inmuebles/departamento-en-venta-campos-eliseos-373-373-polanco-iii-seccion-df-30205404#pagina=5&tipos=residencial-venta&area=df&pos=44,30070236.0,13500000.0,"Se vende departamento en Campos Elíseos 373 #373Int. 501, Colonia Polanco III Sección, C.P. 11540",Departamento,"Col. Irrigación, Ciudad de México",Polanco Iii Sección,Miguel Hidalgo,11540.0,6.0,3.0,,2.0,40.0,['Cisterna'],84460.0,19.407116,-99.190617,2025-11-30 04:04:06
https://propiedades.com/inmuebles/departamento-en-venta-alamos-df-30516068#pagina=15&tipos=residencial-venta&area=df&pos=10,30515374.0,1400000.0,"Departamento en venta disponible en , Colonia Álamos, C.P. 03400",Departamento,Disponible en,Álamos,Benito Juárez,3400.0,1.0,1.0,12.0,,,[],38920.0,19.394749,-99.142949,2025-11-30 04:04:28
https://propiedades.com/inmuebles/casa-en-venta-barrio-san-lucas-df-27477190#pagina=23&tipos=residencial-venta&area=df&pos=41,27262136.0,14800000.0,"Venta de casa , Colonia Barrio San Lucas, C.P. 04030",Casa,,Barrio San Lucas,Coyoacán,4030.0,5.0,4.0,,6.0,,[],45260.0,19.315626,-99.132968,2025-11-30 04:05:23
https://propiedades.com/inmuebles/departamento-en-venta-lago-peypus-ahuehuetes-anahuac-df-26943958#pagina=23&tipos=residencial-venta&area=df&pos=39,30588724.0,3303035.0,"Se vende departamento Lago Peypus, Colonia Ahuehuetes Anahuac, C.P. 11450",Departamento,"Los Manzanos, Ciudad de México",Ahuehuetes Anahuac,Miguel Hidalgo,11450.0,2.0,1.0,74.0,1.0,,[],44270.0,19.449449,-99.189363,2025-11-30 04:05:43
https://propiedades.com/inmuebles/departamento-en-venta-sierra-gorda-lomas-de-chapultepec-i-seccion-df-28552459#pagina=19&tipos=residencial-venta&area=df&pos=10,29515856.0,35000000.0,"Se vende departamento Sierra Gorda, Colonia Lomas de Chapultepec I Sección, C.P. 11000",Departamento,,Lomas de Chapultepec I Sección,Miguel Hidalgo,11000.0,4.0,5.0,419.0,3.0,,[],58630.0,19.410697,-99.21981,2025-11-30 04:06:04
https://propiedades.com/inmuebles/casa-en-venta-calle-penas-330-330-jardines-del-pedregal-df-29265969#pagina=10&tipos=residencial-venta&area=df&pos=16,30561190.0,31500000.0,"Venta de casa Calle Peñas 330 #330, Colonia Jardines del Pedregal, C.P. 01900",Casa,Calle Peñas 330 #330,Jardines del Pedregal,Tlalpan,1900.0,5.0,5.0,10.0,5.0,40.0,"['Cisterna', 'Telefonía']",27820.0,19.2953,-99.209786,2025-11-30 04:06:26
https://propiedades.com/inmuebles/departamento-en-venta-amores-acacias-ciudad-de-mexico-cdmx-sn-acacias-df-30482817#pagina=34&tipos=residencial-venta&area=df&pos=20,29296139.0,6500000.0,"Se vende departamento en Amores, Acacias, Ciudad de México, CDMX #s/n, Colonia Acacias, C.P. 03240",Departamento,"Acacias, Ciudad de México",Acacias,Desconocida,3240.0,3.0,2.0,,2.0,1.0,"['Cisterna', 'Telefonía']",51020.0,,,2025-11-30 04:06:45
https://propiedades.com/inmuebles/departamento-en-venta-loft-con-amenidades-en-periferico-sur-merced-gomez-lomas-de-plateros-df-30317880#pagina=30&tipos=residencial-venta&area=df&pos=27,28739132.0,4035000.0,"Se vende departamento LOFT CON AMENIDADES EN PERIFERICO SUR MERCED GOMEZ , Colonia Lomas de Plateros, C.P. 01480",Departamento,,Lomas de Plateros,Desconocida,1480.0,1.0,1.0,0.0,1.0,1.0,[],18610.0,,,2025-11-30 04:07:03
https://propiedades.com/inmuebles/departamento-en-venta-avenida-pedro-henriquez-urena-pedregal-de-santo-domingo-df-29901374#pagina=35&tipos=residencial-venta&area=df&pos=1,30156604.0,2930000.0,"Se vende departamento en Avenida Pedro Henríquez Ureña #0Int. 0, Colonia Pedregal de Santo Domingo, C.P. 04369",Departamento,Avenida Pedro Henríquez Ureña #0Int. 0,Pedregal de Santo Domingo,Coyoacán,4369.0,2.0,2.0,,1.0,1.0,['Cisterna'],30480.0,19.327157,-99.167856,2025-11-30 04:07:24
https://propiedades.com/inmuebles/departamento-en-venta-caruso-179-vallejo-gustavo-a-madero-07870-ciudad-de-mexico-cdmx-179-vallejo-df-30236990#pagina=33&tipos=residencial-venta&area=df&pos=23,30363469.0,2298000.0,"Venta de departamento en Caruso 179, Vallejo, Gustavo A. Madero, 07870 Ciudad de México, CDMX #179, Colonia Vallejo, C.P. 07870",Departamento,Caruso 179,Vallejo,Gustavo A. Madero,7870.0,2.0,1.0,54.0,1.0,2.0,['Cisterna'],18210.0,19.466307,-99.130546,2025-11-30 04:07:45
https://propiedades.com/inmuebles/departamento-en-venta-plutarco-e-calles-166-edifk2-depto401-progresista-09240-iztapalapa-cdmx-progresista-df-30435930#tipos=residencial-venta&area=df&pos=34,30477163.0,1400000.0,"Se vende departamento Plutarco E. Calles #166 Edif-K2 Depto-401, Progresista, 09240, Iztapalapa, CDMX, Colonia Progresista, C.P. 09240",Departamento,,Progresista,Iztapalapa,9240.0,2.0,1.0,46.0,1.0,32.0,[],15060.0,19.357221,-99.066375,2025-11-30 04:07:59
https://propiedades.com/inmuebles/departamento-en-venta-desierto-de-los-leones-alcantarilla-df-30114923#pagina=34&tipos=residencial-venta&area=df&pos=22,30287526.0,5500000.0,"Venta departamento en Desierto de los Leones, Colonia Alcantarilla, C.P. 01729",Departamento,Desierto de los Leones,Alcantarilla,Desconocida,1729.0,3.0,3.0,115.0,2.0,3.0,['Cisterna'],33890.0,,,2025-11-30 04:08:16
https://propiedades.com/inmuebles/departamento-en-venta-c-colina-93-amp-aguilas-alvaro-obregon-01710-ciudad-de-mexico-cdmx-93-ampliacion-alpes-df-29049000#pagina=34&tipos=residencial-venta&area=df&pos=11,30367018.0,128000.0,"Departamento en venta disponible en C. Colina 93, Amp Águilas, Álvaro Obregón, 01710 Ciudad de México, CDMX #93Int. 4077, Colonia Ampliación Alpes, C.P. 01710",Departamento,Disponible en C. Colina 93,Ampliación Alpes,Álvaro Obregón,1710.0,2.0,2.0,,1.0,9.0,"['Cisterna', 'Telefonía']",53460.0,19.356817,-99.209711,2025-11-30 04:10:05
https://propiedades.com/inmuebles/departamento-en-venta-c-lago-zurich-granada-ciudad-de-mexico-cdmx-granada-df-30560626#pagina=14&tipos=residencial-venta&area=df&pos=38,30537460.0,18500000.0,"Departamento en venta, C. Lago Zurich, Granada, Ciudad de México, CDMX, Colonia Granada, C.P. 11520",Departamento,"Granada, Ciudad de México",Granada,Desconocida,11520.0,3.0,4.0,165.0,3.0,,['Aire acondicionado'],65250.0,,,2025-11-30 04:10:23
https://propiedades.com/inmuebles/departamento-en-venta-san-francisco-xocotitla-119-del-gas-df-30118882#pagina=9&tipos=residencial-venta&area=df&pos=39,11930149.0,3200000.0,"Se vende departamento en San Francisco Xocotitla #119, Colonia Del Gas, C.P. 02950",Departamento,"Col del Gas, Ciudad de México",Del Gas,Desconocida,2950.0,2.0,2.0,65.0,2.0,6.0,"['Cisterna', 'Telefonía']",36710.0,,,2025-11-30 04:10:39
https://propiedades.com/inmuebles/departamento-en-venta-tizapan-df-30556009#pagina=19&tipos=residencial-venta&area=df&pos=5,30512935.0,3471000.0,"Venta de departamento en , Colonia Tizapan, C.P. 01090",Departamento,,Tizapan,Desconocida,1090.0,2.0,2.0,49.0,1.0,,[],47410.0,,,2025-11-30 04:10:57
https://propiedades.com/inmuebles/departamento-en-venta-heroes-de-1810-tacubaya-ciudad-de-mexico-cdmx-tacubaya-df-30545170#pagina=33&tipos=residencial-venta&area=df&pos=14,29435111.0,1202600.0,"Departamento en venta disponible en Heroes de 1810, Tacubaya, Ciudad de México, CDMX, Colonia Tacubaya, C.P. 11870",Departamento,"Tacubaya, Ciudad de México",Tacubaya,Desconocida,11870.0,1.0,1.0,,1.0,,[],17550.0,,,2025-11-30 04:11:13
https://propiedades.com/inmuebles/departamento-en-venta-atlamaya-df-27450099#pagina=22&tipos=residencial-venta&area=df&pos=12,29100202.0,10900000.0,"Departamento disponible en venta en , Colonia Atlamaya, C.P. 01760",Departamento,,Atlamaya,Desconocida,1760.0,3.0,2.0,,3.0,,[],52060.0,,,2025-11-30 04:11:28
https://propiedades.com/inmuebles/departamento-en-venta-av-baja-california-roma-sur-df-29922174#pagina=5&tipos=residencial-venta&area=df&pos=22,25465269.0,7289000.0,"Se vende departamento en Av. Baja California, Colonia Roma Sur, C.P. 06760",Departamento,,Roma Sur,Cuauhtémoc,6760.0,1.0,2.0,60.0,1.0,,[],54490.0,19.405833,-99.163304,2025-11-30 04:11:49
https://propiedades.com/inmuebles/casa-en-venta-san-buenaventura-club-de-golf-mexico-df-30025226#pagina=32&tipos=residencial-venta&area=df&pos=39,27936959.0,39500000.0,"Se vende casa en San Buenaventura, Colonia Club de Golf México, C.P. 14620",Casa,San Buenaventura,Club de Golf México,Desconocida,14620.0,3.0,4.0,,7.0,,['Cisterna'],26350.0,,,2025-11-30 04:12:06
https://propiedades.com/inmuebles/departamento-en-venta-berenjena-8-40-depto-403-edif-1-cond-c-lomas-el-manto-iztapalapa-cdmx-cp-09830-lomas-el-manto-df-29685629#tipos=residencial-venta&area=df&pos=22,29532403.0,1030000.0,"Departamento en venta disponible en Berenjena 8 (40), Depto 403, Edif 1, Cond. ""C"", Lomas el Manto, Iztapalapa, CDMX, C.p 09830., Colonia Lomas El Manto, C.P. 09830",Departamento,,Lomas el Manto,Iztapalapa,9830.0,2.0,1.0,45.0,0.0,27.0,['Cisterna'],11140.0,19.35404,-99.082293,2025-11-30 04:12:22
https://propiedades.com/inmuebles/departamento-en-venta-canito-25-san-diego-ocoyoacac-df-30363244#pagina=12&tipos=residencial-venta&area=df&pos=21,30417666.0,1300000.0,"Departamento en venta, Cañito #25, Colonia San Diego Ocoyoacac, C.P. 11290",Departamento,,San Diego Ocoyoacac,Desconocida,11290.0,2.0,1.0,42.0,,25.0,['Cisterna'],21200.0,,,2025-11-30 04:12:36
https://propiedades.com/inmuebles/departamento-en-venta-calle-rio-grijalva-35-cuauhtemoc-06500-ciudad-de-mexico-cdmx-35-cuauhtemoc-df-30357714#pagina=28&tipos=residencial-venta&area=df&pos=42,30521402.0,6850000.0,"Venta de departamento Calle Río Grijalva 35, Cuauhtémoc, 06500 Ciudad de México, CDMX #35, Colonia Cuauhtémoc, C.P. 06500",Departamento,,Cuauhtémoc,Cuauhtémoc,6500.0,2.0,2.0,35.0,,1.0,[],60120.0,19.43263,-99.133178,2025-11-30 04:13:35
https://propiedades.com/inmuebles/departamento-en-venta-departamento-con-3-recamaras-y-jardin-en-condesa-en-preventa-condesa-df-28558471#pagina=3&tipos=residencial-venta&area=df&pos=3,29883961.0,15447744.0,"Venta departamento en DEPARTAMENTO CON 3 RECAMARAS Y JARDIN EN CONDESA EN PREVENTA, Colonia Condesa, C.P. 06140",Departamento,,Condesa,Cuauhtémoc,6140.0,3.0,2.0,41.0,2.0,,['Cisterna'],62600.0,19.414864,-99.176429,2025-11-30 04:13:50
https://propiedades.com/inmuebles/departamento-en-venta-avenida-mexico-coyoacan-321-321-xoco-df-26922312#pagina=6&tipos=residencial-venta&area=df&pos=17,28592269.0,6295000.0,"Venta de departamento en Avenida México Coyoacán 321 #321Int. 1, Colonia Xoco, C.P. 03330",Departamento,"Benito Juárez, Ciudad de México",Xoco,Coyoacán,3330.0,3.0,2.0,120.0,,6.0,"['Cisterna', 'Telefonía', 'Aire acondicionado']",51810.0,19.358592,-99.163484,2025-11-30 04:14:09
https://propiedades.com/inmuebles/departamento-en-venta-calz-san-juan-de-aragon-dm-nacional-san-pedro-el-chico-07480-ciudad-de-mexico-cdmx-san-pedro-el-chico-df-30494924#pagina=34&tipos=residencial-venta&area=df&pos=41,30519414.0,2037000.0,"Departamento disponible en venta en Calz. San Juan de Aragón, DM Nacional, San Pedro el Chico, 07480 Ciudad de México, CDMX, Colonia San Pedro El Chico, C.P. 07480",Departamento,Calzada San Juan de Aragón,San Pedro el Chico,Desconocida,7480.0,2.0,1.0,57.0,1.0,,[],24590.0,,,2025-11-30 04:14:29
https://propiedades.com/inmuebles/departamento-en-venta-av-pdte-plutarco-elias-calles-portales-oriente-ciudad-de-mexico-cdmx-miravalle-df-30230115#pagina=30&tipos=residencial-venta&area=df&pos=19,30354562.0,4000000.0,"Departamento disponible en venta en Av. Pdte. Plutarco Elías Calles, Portales Oriente, Ciudad de México, CDMX, Colonia Miravalle, C.P. 03580",Departamento,"Portales Oriente, Ciudad de México",Miravalle,Desconocida,3580.0,2.0,2.0,72.0,1.0,1.0,[],39680.0,,,2025-11-30 04:14:45
https://propiedades.com/inmuebles/departamento-en-venta-segunda-cerrada-guillermo-prieto-sn-san-pedro-df-30359747#pagina=14&tipos=residencial-venta&area=df&pos=45,30327533.0,3000000.0,"Departamento disponible en venta en Segunda Cerrada Guillermo Prieto #S/N, Colonia San Pedro, C.P. 05030",Departamento,"Cuajimalpa de Morelos, Ciudad de México",San Pedro,Azcapotzalco,5030.0,2.0,2.0,35.0,2.0,12.0,[],35450.0,19.487482,-99.212095,2025-11-30 04:15:01
https://propiedades.com/inmuebles/departamento-en-venta-filadelfia-napoles-df-28972526#pagina=4&tipos=residencial-venta&area=df&pos=22,30581717.0,4100400.0,"Venta de departamento Filadelfia, Colonia Napoles, C.P. 03810",Departamento,,Napoles,Desconocida,3810.0,2.0,2.0,30.0,1.0,,[],51830.0,,,2025-11-30 04:15:20
https://propiedades.com/inmuebles/departamento-en-venta-c-colina-97-amp-aguilas-alvaro-obregon-01759-ciudad-de-mexico-cdmx-97-ampliacion-las-aguilas-df-30439995#pagina=6&tipos=residencial-venta&area=df&pos=41,30595068.0,3067000.0,"Venta de departamento C. Colina 97, Amp Águilas, Álvaro Obregón, 01759 Ciudad de México, CDMX #97, Colonia Ampliación Las Aguilas, C.P. 01759",Departamento,,Ampliación las Aguilas,Álvaro Obregón,1759.0,2.0,2.0,82.0,2.0,10.0,['Cisterna'],40690.0,19.35682,-99.220788,2025-11-30 04:15:37
https://propiedades.com/inmuebles/departamento-en-venta-norte-25-moctezuma-2a-seccion-df-30126314#pagina=19&tipos=residencial-venta&area=df&pos=21,30430129.0,2990000.0,"Departamento en venta disponible en Norte 25, Colonia Moctezuma 2a Sección, C.P. 15530",Departamento,Avenida Oceanía y a unos pasos de tiendas de autoservicio como Aurrera,Moctezuma Ii Sección,Venustiano Carranza,15530.0,3.0,2.0,60.0,,11.0,[],24330.0,19.435929,-99.102544,2025-11-30 04:15:52
https://propiedades.com/inmuebles/casa-en-venta-calle-5-san-pedro-de-los-pinos-df-29424276#pagina=21&tipos=residencial-venta&area=df&pos=32,28872859.0,7000000.0,"Venta de casa Calle 5, Colonia San Pedro de los Pinos, C.P. 03800",Casa,Calle 5,San Pedro de los Pinos,Desconocida,3800.0,2.0,2.0,0.0,2.0,,[],35520.0,,,2025-11-30 04:16:10
https://propiedades.com/inmuebles/departamento-en-venta-tiziano-90-alfonso-xiii-df-30453580#pagina=8&tipos=residencial-venta&area=df&pos=25,30446637.0,3600000.0,"Venta de departamento Tiziano #90, Colonia Alfonso XIII, C.P. 01460",Departamento,,Alfonso Xiii,Desconocida,1460.0,3.0,3.0,,,33.0,"['Cisterna', 'Telefonía']",24370.0,,,2025-11-30 04:16:47
https://propiedades.com/inmuebles/departamento-en-venta-penthouse-con-roof-privado-en-santa-maria-la-ribera-santa-maria-la-ribera-df-30445074#pagina=6&tipos=residencial-venta&area=df&pos=12,30456511.0,6300000.0,"Se vende departamento PENTHOUSE CON ROOF PRIVADO EN SANTA MARIA LA RIBERA, Colonia Santa Maria La Ribera, C.P. 06400",Departamento,Santa Maria LA Ribera,Santa Maria la Ribera,Desconocida,6400.0,2.0,2.0,109.0,1.0,,[],36890.0,,,2025-11-30 04:17:06
https://propiedades.com/inmuebles/departamento-en-venta-c-gabino-barreda-89-san-rafael-cuauhtemoc-06470-ciudad-de-mexico-cdmx-89-san-rafael-df-30553834#pagina=28&tipos=residencial-venta&area=df&pos=30,30563222.0,5350000.0,"Venta de departamento C. Gabino Barreda 89, San Rafael, Cuauhtémoc, 06470 Ciudad de México, CDMX #89, Colonia San Rafael, C.P. 06470",Departamento,,San Rafael,Cuauhtémoc,6470.0,2.0,2.0,64.0,1.0,1.0,[],44580.0,19.437945,-99.162422,2025-11-30 04:17:24
https://propiedades.com/inmuebles/casa-en-venta-palma-san-andres-totoltepec-df-29494214#pagina=33&tipos=residencial-venta&area=df&pos=39,30471412.0,6900000.0,"Venta de casa Palma , Colonia San Andrés Totoltepec, C.P. 14400",Casa,,San Andrés Totoltepec,Azcapotzalco,14400.0,3.0,4.0,252.0,,36.0,['Cisterna'],13420.0,19.483891,-99.184394,2025-11-30 04:17:37
https://propiedades.com/inmuebles/departamento-en-venta-rafael-martinez-sn-independencia-df-29790997#pagina=6&tipos=residencial-venta&area=df&pos=18,30096822.0,3300000.0,"Se vende departamento en Rafael Martinez #s/n, Colonia Independencia, C.P. 03630",Departamento,Rafael Martinez #s/n,Independencia,Desconocida,3630.0,2.0,2.0,,1.0,12.0,['Cisterna'],37120.0,,,2025-11-30 04:17:54
https://propiedades.com/inmuebles/departamento-en-venta-polanco-polanco-iv-seccion-df-29239010#pagina=20&tipos=residencial-venta&area=df&pos=9,29397428.0,13500000.0,"Venta departamento en Polanco, Colonia Polanco IV Sección, C.P. 11550",Departamento,Polanco,Polanco Iv Sección,Miguel Hidalgo,11550.0,3.0,2.0,170.0,2.0,13.0,[],84460.0,19.431891,-99.194951,2025-11-30 04:18:25
https://propiedades.com/inmuebles/casa-en-venta-fuerte-de-loreto-ejercito-de-oriente-zona-penon-df-29799738#pagina=23&tipos=residencial-venta&area=df&pos=42,30253527.0,1730000.0,"Venta de casa Fuerte de loreto, Colonia Ejercito de Oriente Zona Peñon, C.P. 09239",Casa,,Ejercito de Oriente Zona Peñon,Desconocida,9239.0,3.0,1.0,,,38.0,[],14880.0,,,2025-11-30 04:18:42
https://propiedades.com/inmuebles/casa-en-venta-sierra-madre-oriental-140-pradera-i-secc-gustavo-a-madero-07500-ciudad-de-mexico-cdmx-140-la-pradera-df-30473322#pagina=7&tipos=residencial-venta&area=df&pos=34,29132721.0,1410000.0,"Casa en venta, Sierra Madre Oriental 140, Pradera I Secc, Gustavo A. Madero, 07500 Ciudad de México, CDMX #140, Colonia La Pradera, C.P. 07500",Casa,Venta,La Pradera,Gustavo A. Madero,7500.0,3.0,2.0,160.0,1.0,30.0,"['Cisterna', 'Telefonía']",15090.0,19.473535,-99.077988,2025-11-30 04:18:58
https://propiedades.com/inmuebles/departamento-en-venta-departamento-con-3-recamaras-en-la-roma-norte-roma-norte-df-30554971#pagina=28&tipos=residencial-venta&area=df&pos=17,28832109.0,6000000.0,"Departamento disponible en venta en DEPARTAMENTO CON 3 RECAMARAS EN LA ROMA NORTE, Colonia Roma Norte, C.P. 06700",Departamento,Departamento CON 3 Recamaras EN LA Roma Norte,Roma Norte,Cuauhtémoc,6700.0,3.0,2.0,90.0,1.0,,['Cisterna'],54490.0,19.418323,-99.162565,2025-11-30 04:19:15
https://propiedades.com/inmuebles/casa-en-venta-venustiano-carranza-df-30555949#pagina=19&tipos=residencial-venta&area=df&pos=23,11971873.0,6120000.0,"Venta casa en , Colonia Venustiano Carranza, C.P. 15340",Casa,Avenida del Taller,Venustiano Carranza,Venustiano Carranza,15340.0,2.0,1.0,,2.0,,[],15230.0,19.413628,-99.123293,2025-11-30 04:19:32
https://propiedades.com/inmuebles/departamento-en-venta-filadelfia-napoles-df-28972523#pagina=4&tipos=residencial-venta&area=df&pos=29,30161920.0,4100400.0,"Departamento disponible en venta en Filadelfia, Colonia Napoles, C.P. 03810",Departamento,Filadelfia,Napoles,Desconocida,3810.0,2.0,2.0,30.0,1.0,,[],51830.0,,,2025-11-30 04:20:29
https://propiedades.com/inmuebles/casa-en-venta-cuauhtemoc-40-los-padres-la-magdalena-contreras-10340-ciudad-de-mexico-cdmx-40-los-padres-df-30518987#pagina=26&tipos=residencial-venta&area=df&pos=22,30309165.0,3203000.0,"Venta de casa en Cuauhtémoc 40, Los Padres, La Magdalena Contreras, 10340 Ciudad de México, CDMX #40, Colonia Los Padres, C.P. 10340",Casa,Cuauhtémoc 40,Los Padres,Cuauhtémoc,10340.0,8.0,2.0,,2.0,25.0,[],9090.0,19.320922,-99.248884,2025-11-30 04:20:46
https://propiedades.com/inmuebles/departamento-en-venta-san-andres-df-30569712#pagina=18&tipos=residencial-venta&area=df&pos=15,30201961.0,1705500.0,"Departamento disponible en venta en , Colonia San Andrés, C.P. 02240",Departamento,,San Andrés,Azcapotzalco,2240.0,2.0,1.0,52.0,0.0,26.0,[],13940.0,19.489206,-99.155478,2025-11-30 04:21:00
https://propiedades.com/inmuebles/casa-en-venta-roqueta-lomas-de-bezares-df-29737172#pagina=5&tipos=residencial-venta&area=df&pos=1,,135000000.0,"Venta casa en Roqueta, Colonia Lomas de Bezares, C.P. 11910",Casa,Roqueta,Lomas de Bezares,Desconocida,11910.0,4.0,,,,65.0,[],47970.0,,,2025-11-30 04:21:15
https://propiedades.com/inmuebles/casa-en-condominio-en-venta-cjon-de-soledad-29-san-nicolas-totolapan-la-magdalena-contreras-10900-ciudad-de-mexico-cdmx-29-san-nicolas-totolapan-df-30367208#pagina=27&tipos=residencial-venta&area=df&pos=24,30400608.0,6750000.0,"Se vende casa en condominio en Cjon. de Soledad 29, San Nicolás Totolapan, La Magdalena Contreras, 10900 Ciudad de México, CDMX #29, Colonia San Nicolás Totolapan, C.P. 10900",Casa,Condominio en Cjon. de Soledad 29,San Nicolás Totolapan,La Magdalena Contreras,10900.0,3.0,2.0,,,,[],,19.297943,-99.244117,2025-11-30 04:21:33
https://propiedades.com/inmuebles/departamento-en-venta-coahuila-roma-norte-df-29714654#pagina=6&tipos=residencial-venta&area=df&pos=31,30411726.0,8325200.0,"Se vende departamento Coahuila, Colonia Roma Norte, C.P. 06700",Departamento,,Roma Norte,Cuauhtémoc,6700.0,2.0,2.0,0.0,5.0,,[],54490.0,19.418323,-99.162565,2025-11-30 04:21:48
https://propiedades.com/inmuebles/departamento-en-venta-lafragua-tabacalera-df-28553836#pagina=22&tipos=residencial-venta&area=df&pos=33,29793360.0,11000000.0,"Se vende departamento Lafragua, Colonia Tabacalera, C.P. 06030",Departamento,,Tabacalera,Desconocida,6030.0,2.0,2.0,0.0,2.0,,[],61480.0,,,2025-11-30 04:22:05
https://propiedades.com/inmuebles/departamento-en-venta-las-aguilas-df-27450217#pagina=26&tipos=residencial-venta&area=df&pos=41,29465380.0,3600000.0,"Departamento disponible en venta en , Colonia Las Águilas, C.P. 01048",Departamento,,Las Águilas,Desconocida,1048.0,2.0,1.0,115.0,2.0,,[],51170.0,,,2025-11-30 04:22:25
https://propiedades.com/inmuebles/departamento-en-venta-av-santa-fe-santa-fe-santa-fe-cuajimalpa-df-16137021#pagina=18&tipos=residencial-venta&area=df&pos=32,30316161.0,11000000.0,"Se vende departamento en AV. SANTA FE, SANTA FE, Colonia Santa Fe Cuajimalpa, C.P. 05348",Departamento,Avenida Santa Fe,Santa Fe Cuajimalpa,Cuajimalpa,5348.0,2.0,2.0,200.0,3.0,7.0,[],52900.0,19.360978,-99.268514,2025-11-30 04:22:44
https://propiedades.com/inmuebles/casa-en-venta-cerro-de-la-carbonera-sn-campestre-churubusco-df-30513310#pagina=7&tipos=residencial-venta&area=df&pos=27,30542229.0,8980000.0,"Venta de casa CERRO DE LA CARBONERA #s/n, Colonia Campestre Churubusco, C.P. 04200",Casa,"centros comerciales y parques. Ubicación: Coyoacán, Ciudad de México",Campestre Churubusco,Coyoacán,4200.0,3.0,5.0,3.0,3.0,1.0,"['Cisterna', 'Telefonía']",21080.0,19.346188,-99.135629,2025-11-30 04:23:01
https://propiedades.com/inmuebles/departamento-en-venta-amores-col-del-valle-centro-ciudad-de-mexico-cdmx-del-valle-centro-df-30532970#pagina=8&tipos=residencial-venta&area=df&pos=11,28424978.0,12350000.0,"Departamento disponible en venta en Amores, Col del Valle Centro, Ciudad de México, CDMX, Colonia Del Valle Centro, C.P. 03100",Departamento,"Col del Valle Centro, Ciudad de México",Del Valle Centro,Benito Juárez,3100.0,3.0,2.0,170.0,2.0,1.0,['Cisterna'],42630.0,19.386924,-99.163602,2025-11-30 04:23:40
https://propiedades.com/inmuebles/departamento-en-venta-3-picos-polanco-v-seccion-df-29549269#pagina=21&tipos=residencial-venta&area=df&pos=43,29700466.0,2000000.0,"Se vende departamento 3 picos, Colonia Polanco V Sección, C.P. 11560",Departamento,,Polanco V Sección,Miguel Hidalgo,11560.0,2.0,2.0,,,16.0,[],84460.0,19.429379,-99.196393,2025-11-30 04:23:58
https://propiedades.com/inmuebles/departamento-en-venta-comercio-51-escandon-i-seccion-df-28508210#pagina=22&tipos=residencial-venta&area=df&pos=40,28472891.0,4850000.0,"Venta de departamento COMERCIO #51, Colonia Escandón I Sección, C.P. 11800",Departamento,,Escandón I Sección,Miguel Hidalgo,11800.0,2.0,1.0,65.0,1.0,,[],42820.0,19.407116,-99.190617,2025-11-30 04:24:17
https://propiedades.com/inmuebles/departamento-en-venta-avenida-division-del-norte-2617-2617-del-carmen-df-30106882#pagina=11&tipos=residencial-venta&area=df&pos=23,30295153.0,3400000.0,"Venta de departamento en Avenida División del Norte 2617 #2617, Colonia Del Carmen, C.P. 04100",Departamento,"Benito Juárez, Ciudad de México",Del Carmen,Desconocida,4100.0,2.0,2.0,89.0,,50.0,['Cisterna'],34870.0,,,2025-11-30 04:24:34
https://propiedades.com/inmuebles/departamento-en-venta-c-monte-alban-narvarte-poniente-ciudad-de-mexico-cdmx-narvarte-poniente-df-30313410#pagina=31&tipos=residencial-venta&area=df&pos=6,28890700.0,6150000.0,"Departamento en venta disponible en C. Monte Albán, Narvarte Poniente, Ciudad de México, CDMX, Colonia Narvarte Poniente, C.P. 03020",Departamento,"Narvarte Poniente, Ciudad de México",Narvarte Poniente,Benito Juárez,3020.0,3.0,3.0,58.0,2.0,10.0,"['Cisterna', 'Telefonía']",41310.0,19.389297,-99.16122,2025-11-30 04:24:52
https://propiedades.com/inmuebles/departamento-en-venta-narvarte-poniente-df-27477553#pagina=23&tipos=residencial-venta&area=df&pos=12,28767154.0,9900000.0,"Venta departamento en , Colonia Narvarte Poniente, C.P. 03020",Departamento,,Narvarte Poniente,Benito Juárez,3020.0,3.0,2.0,170.0,2.0,,[],41310.0,19.392226,-99.157707,2025-11-30 04:25:08
https://propiedades.com/inmuebles/departamento-en-venta-fernando-montes-de-oca-127-127-condesa-df-29853799#pagina=11&tipos=residencial-venta&area=df&pos=43,28240077.0,5500000.0,"Venta departamento en Fernando Montes de Oca 127 #127Int. 403, Colonia Condesa, C.P. 06140",Departamento,Fernando Montes de Oca 127 #127int. 403,Condesa,Cuauhtémoc,6140.0,2.0,1.0,89.0,2.0,7.0,['Cisterna'],62600.0,19.414864,-99.176429,2025-11-30 04:25:30
https://propiedades.com/inmuebles/departamento-en-venta-calle-rio-grijalva-35-cuauhtemoc-06500-ciudad-de-mexico-cdmx-35-cuauhtemoc-df-30456586#pagina=28&tipos=residencial-venta&area=df&pos=45,30521402.0,6800000.0,"Departamento disponible en venta en Calle Río Grijalva 35, Cuauhtémoc, 06500 Ciudad de México, CDMX #35, Colonia Cuauhtémoc, C.P. 06500",Departamento,Calle Río Grijalva 35,Cuauhtémoc,Cuauhtémoc,6500.0,2.0,2.0,90.0,,1.0,[],60120.0,19.43349,-99.170055,2025-11-30 04:25:50
https://propiedades.com/inmuebles/departamento-en-venta-mapimi-valle-gomez-df-27472271#pagina=4&tipos=residencial-venta&area=df&pos=15,30396403.0,1972534.0,"Departamento en venta, Mapimi, Colonia Valle Gómez, C.P. 06240",Departamento,Venta,Valle Gómez,Desconocida,6240.0,2.0,1.0,42.0,1.0,,[],25030.0,,,2025-11-30 04:26:06
https://propiedades.com/inmuebles/departamento-en-venta-departamento-con-2-recamaras-y-roof-en-cuauhtemoc-cuauhtemoc-df-29494385#pagina=3&tipos=residencial-venta&area=df&pos=14,30456524.0,8250000.0,"Venta de departamento DEPARTAMENTO CON 2 RECAMARAS Y ROOF EN CUAUHTEMOC , Colonia Cuauhtémoc, C.P. 06500",Departamento,Cuauhtemoc,Cuauhtémoc,Cuauhtémoc,6500.0,2.0,2.0,85.0,1.0,1.0,['Cisterna'],60120.0,19.43263,-99.133178,2025-11-30 04:26:26
https://propiedades.com/inmuebles/casa-en-condominio-en-venta-tuxpan-san-jeronimo-aculco-df-29945609#pagina=31&tipos=residencial-venta&area=df&pos=12,30068053.0,20197000.0,"Venta de casa en condominio Tuxpan, Colonia San Jerónimo Aculco, C.P. 10400",Casa,"San Jerónimo Lídice, Ciudad de México",San Jerónimo Aculco,La Magdalena Contreras,10400.0,3.0,3.0,300.0,3.0,10.0,"['Cisterna', 'Telefonía']",,19.326798,-99.222269,2025-11-30 04:28:00
https://propiedades.com/inmuebles/departamento-en-venta-tokio-514-portales-nte-benito-juarez-03303-ciudad-de-mexico-cdmx-514-portales-norte-df-30560692#pagina=15&tipos=residencial-venta&area=df&pos=1,30121047.0,2490000.0,"Se vende departamento Tokio 514, Portales Nte, Benito Juárez, 03303 Ciudad de México, CDMX #514, Colonia Portales Norte, C.P. 03303",Departamento,,Portales Norte,Benito Juárez,3303.0,2.0,1.0,5.0,1.0,15.0,[],41970.0,19.368262,-99.149281,2025-11-30 04:28:20
https://propiedades.com/inmuebles/departamento-en-venta-calle-gabino-barreda-89-89-san-rafael-df-30172722#pagina=30&tipos=residencial-venta&area=df&pos=35,28295538.0,6150000.0,"Venta de departamento Calle Gabino Barreda 89 #89, Colonia San Rafael, C.P. 06470",Departamento,,San Rafael,Cuauhtémoc,6470.0,2.0,2.0,88.0,1.0,1.0,['Telefonía'],44580.0,19.437945,-99.162422,2025-11-30 04:28:38
https://propiedades.com/inmuebles/departamento-en-venta-finisterre-santiago-atzacoalco-df-30462837#pagina=15&tipos=residencial-venta&area=df&pos=16,29729152.0,1400000.0,"Departamento en venta disponible en Finisterre, Colonia Santiago Atzacoalco, C.P. 07040",Departamento,"Gustavo A. Madero, Ciudad de México",Santiago Atzacoalco,Desconocida,7040.0,2.0,1.0,51.0,,9.0,[],31030.0,,,2025-11-30 04:28:54
https://propiedades.com/inmuebles/casa-en-venta-moguer-cerro-de-la-estrella-09860-ciudad-de-mexico-cdmx-cerro-de-la-estrella-df-30532981#pagina=32&tipos=residencial-venta&area=df&pos=17,30533867.0,979000.0,"Casa disponible en venta en Moguer, Cerro de la Estrella, 09860 Ciudad de México, CDMX, Colonia Cerro de La Estrella, C.P. 09860",Casa,Moguer,Cerro de la Estrella,Desconocida,9860.0,4.0,3.0,173.0,3.0,10.0,"['Cisterna', 'Telefonía']",10560.0,,,2025-11-30 04:29:11
https://propiedades.com/inmuebles/departamento-en-venta-bordo-valle-gomez-df-30462841#pagina=15&tipos=residencial-venta&area=df&pos=11,30154044.0,2260000.0,"Venta departamento en Bordo, Colonia Valle Gómez, C.P. 15210",Departamento,Bordo,Valle Gómez,Desconocida,15210.0,2.0,2.0,8.0,1.0,,[],22480.0,,,2025-11-30 04:29:22
https://propiedades.com/inmuebles/departamento-en-venta-agricola-pantitlan-df-30375907#pagina=22&tipos=residencial-venta&area=df&pos=34,29686144.0,1900000.0,"Se vende departamento en , Colonia Agrícola Pantitlan, C.P. 08100",Departamento,"Iztacalco, Ciudad de México",Agrícola Pantitlan,Iztacalco,8100.0,2.0,1.0,54.0,1.0,7.0,[],16320.0,19.405797,-99.066372,2025-11-30 04:29:41
https://propiedades.com/inmuebles/departamento-en-venta-azcapotzalco-df-30555976#pagina=25&tipos=residencial-venta&area=df&pos=13,30201961.0,1815000.0,"Departamento en venta disponible en , Colonia Azcapotzalco, C.P. 02070",Departamento,"Azcapotzalco, Ciudad de México",Azcapotzalco,Azcapotzalco,2070.0,2.0,1.0,52.0,,20.0,[],24590.0,19.497607,-99.175195,2025-11-30 04:29:58
https://propiedades.com/inmuebles/departamento-en-venta-coahuila-3-3-roma-norte-df-30106040#pagina=35&tipos=residencial-venta&area=df&pos=6,29714655.0,5368698.0,"Se vende departamento Coahuila 3 #3, Colonia Roma Norte, C.P. 06700",Departamento,,Roma Norte,Cuauhtémoc,6700.0,2.0,1.0,70.0,1.0,1.0,"['Telefonía', 'Aire acondicionado']",54490.0,19.418323,-99.162565,2025-11-30 04:30:17
https://propiedades.com/inmuebles/departamento-en-venta-c-pachuca-colonia-condesa-06140-ciudad-de-mexico-cdmx-sn-condesa-df-30421456#pagina=28&tipos=residencial-venta&area=df&pos=13,30274533.0,4650000.0,"Departamento disponible en venta en C. Pachuca, Colonia Condesa, 06140 Ciudad de México, CDMX #s/n, Colonia Condesa, C.P. 06140",Departamento,C. Pachuca,Condesa,Cuauhtémoc,6140.0,2.0,1.0,69.0,1.0,,[],62600.0,19.414758,-99.177956,2025-11-30 04:30:34
https://propiedades.com/inmuebles/departamento-en-venta-paseo-de-la-reforma-tabacalera-df-28855594#pagina=4&tipos=residencial-venta&area=df&pos=24,30537920.0,6500000.0,"Departamento en venta, Paseo de la Reforma, Colonia Tabacalera, C.P. 06030",Departamento,Venta,Tabacalera,Desconocida,6030.0,2.0,1.0,,2.0,,[],61480.0,,,2025-11-30 04:31:09
https://propiedades.com/inmuebles/departamento-en-venta-c-dr-jose-maria-vertiz-184-doctores-cuauhtemoc-06720-ciudad-de-mexico-cdmx-184-doctores-df-30534255#pagina=10&tipos=residencial-venta&area=df&pos=19,30576670.0,3534000.0,"Departamento en venta, C. Dr. José María Vértiz 184, Doctores, Cuauhtémoc, 06720 Ciudad de México, CDMX #184, Colonia Doctores, C.P. 06720",Departamento,Venta,Doctores,Cuauhtémoc,6720.0,2.0,2.0,70.0,1.0,3.0,['Cisterna'],20910.0,19.421442,-99.14322,2025-11-30 04:31:29
https://propiedades.com/inmuebles/departamento-en-venta-c-gabino-barreda-89-san-rafael-cuauhtemoc-06470-ciudad-de-mexico-cdmx-89-san-rafael-df-30553845#pagina=29&tipos=residencial-venta&area=df&pos=26,28295538.0,6350000.0,"Departamento disponible en venta en C. Gabino Barreda 89, San Rafael, Cuauhtémoc, 06470 Ciudad de México, CDMX #89, Colonia San Rafael, C.P. 06470",Departamento,C. Gabino Barreda 89,San Rafael,Cuauhtémoc,6470.0,2.0,2.0,75.0,1.0,1.0,[],44580.0,19.438513,-99.163704,2025-11-30 04:31:46
https://propiedades.com/inmuebles/departamento-en-venta-carretera-mexico-toluca-contadero-df-30564577#pagina=20&tipos=residencial-venta&area=df&pos=2,28793400.0,4108395.0,"Departamento en venta, Carretera México Toluca, Colonia Contadero, C.P. 05500",Departamento,Venta,Contadero,Cuajimalpa,5500.0,3.0,2.0,59.0,2.0,,[],51870.0,19.343804,-99.305993,2025-11-30 04:32:02
https://propiedades.com/inmuebles/casa-en-venta-mazatlan-condesa-df-25214829#pagina=5&tipos=residencial-venta&area=df&pos=15,29341494.0,12320000.0,"Venta de casa en Mazatlan, Colonia Condesa, C.P. 06140",Casa,"Colonia Condesa, Ciudad de México",Condesa,Cuauhtémoc,6140.0,2.0,2.0,0.0,2.0,,[],73470.0,19.414864,-99.176429,2025-11-30 04:32:20
https://propiedades.com/inmuebles/departamento-en-venta-anaxagoras-narvarte-poniente-df-28890700#pagina=22&tipos=residencial-venta&area=df&pos=13,30313410.0,6280000.0,"Se vende departamento Anaxagoras, Colonia Narvarte Poniente, C.P. 03020",Departamento,"Narvarte Poniente, Ciudad de México",Narvarte Poniente,Benito Juárez,3020.0,3.0,2.0,82.0,2.0,5.0,[],41310.0,19.389297,-99.16122,2025-11-30 04:32:37
https://propiedades.com/inmuebles/departamento-en-venta-penthouse-con-roof-privado-en-roma-norte-roma-norte-df-29455022#pagina=3&tipos=residencial-venta&area=df&pos=7,29290008.0,24850000.0,"Venta de departamento PENTHOUSE CON ROOF PRIVADO EN ROMA NORTE, Colonia Roma Norte, C.P. 06700",Departamento,,Roma Norte,Cuauhtémoc,6700.0,3.0,4.0,209.0,3.0,1.0,['Cisterna'],54490.0,19.418323,-99.162565,2025-11-30 04:32:55
https://propiedades.com/inmuebles/casa-en-venta-sur-65a-viaducto-piedad-df-29498504#pagina=14&tipos=residencial-venta&area=df&pos=22,30367011.0,8850000.0,"Se vende casa Sur 65-A, Colonia Viaducto Piedad, C.P. 08200",Casa,,Viaducto Piedad,Desconocida,8200.0,4.0,3.0,,2.0,50.0,['Cisterna'],28910.0,,,2025-11-30 04:33:11
https://propiedades.com/inmuebles/casa-en-condominio-en-venta-fuente-de-la-luna-fuentes-del-pedregal-df-29980753#pagina=31&tipos=residencial-venta&area=df&pos=38,29881668.0,32000000.0,"Casa en condominio en venta disponible en Fuente de La Luna, Colonia Fuentes del Pedregal, C.P. 14140",Casa,calle es cerrada con vigilancia. La propiedad cuenta con 3 recam,Fuentes del Pedregal,Desconocida,14140.0,3.0,4.0,,4.0,1.0,"['Cisterna', 'Telefonía']",,,,2025-11-30 04:33:28
https://propiedades.com/inmuebles/departamento-en-venta-avenida-ribera-de-san-cosme-santa-maria-la-ribera-df-30122924#pagina=32&tipos=residencial-venta&area=df&pos=40,30333590.0,4745000.0,"Departamento disponible en venta en Avenida Ribera de San Cosme , Colonia Santa Maria La Ribera, C.P. 06400",Departamento,Avenida Ribera de San Cosme,Santa Maria la Ribera,Desconocida,6400.0,2.0,2.0,67.0,2.0,1.0,[],36890.0,,,2025-11-30 04:33:47
https://propiedades.com/inmuebles/casa-en-venta-mariano-matamoros-tlalpan-centro-df-30100264#pagina=35&tipos=residencial-venta&area=df&pos=47,30250724.0,18500000.0,"Casa en venta disponible en Mariano Matamoros, Colonia Tlalpan Centro, C.P. 14000",Casa,Disponible en Mariano Matamoros,Tlalpan Centro,Cuauhtémoc,14000.0,6.0,6.0,800.0,,,[],30640.0,19.43263,-99.133178,2025-11-30 04:34:40
https://propiedades.com/inmuebles/departamento-en-venta-av-coyoacan-1802-acacias-benito-juarez-03100-ciudad-de-mexico-cdmx-1802-acacias-df-30503228#pagina=3&tipos=residencial-venta&area=df&pos=18,29782616.0,4480000.0,"Venta de departamento en Av. Coyoacán 1802, Acacias, Benito Juárez, 03100 Ciudad de México, CDMX #1802, Colonia Acacias, C.P. 03240",Departamento,Avenida Coyoacán 1802,Acacias,Benito Juárez,3100.0,3.0,2.0,85.0,1.0,,['Cisterna'],51020.0,19.369581,-99.171499,2025-11-30 04:34:54
https://propiedades.com/inmuebles/departamento-en-venta-xochicalco-26-narvarte-poniente-benito-juarez-03000-ciudad-de-mexico-cdmx-piedad-narvarte-df-30327419#pagina=2&tipos=residencial-venta&area=df&pos=41,30248293.0,4212250.0,"Venta de departamento Xochicalco 26, Narvarte Poniente, Benito Juárez, 03000 Ciudad de México, CDMX, Colonia Piedad Narvarte, C.P. 03000",Departamento,,Piedad Narvarte,Benito Juárez,3000.0,2.0,2.0,78.0,1.0,1.0,[],41310.0,19.39581,-99.158668,2025-11-30 04:35:10
https://propiedades.com/inmuebles/departamento-en-venta-avenida-popocatepetl-415-415-santa-cruz-atoyac-df-27130453#pagina=3&tipos=residencial-venta&area=df&pos=47,30482817.0,6500000.0,"Venta de departamento en Avenida Popocatepetl 415 #415, Colonia Santa Cruz Atoyac, C.P. 03310",Departamento,"Acacias, Ciudad de México",Santa Cruz Atoyac,Desconocida,3310.0,2.0,1.0,67.0,1.0,5.0,['Cisterna'],45020.0,,,2025-11-30 04:35:27
https://propiedades.com/inmuebles/departamento-en-venta-chimalpopoca-85-85-los-reyes-df-30157967#pagina=9&tipos=residencial-venta&area=df&pos=32,29341617.0,2100000.0,"Venta departamento en Chimalpopoca 85 #85, Colonia Los Reyes, C.P. 08620",Departamento,,Los Reyes,Desconocida,8620.0,2.0,1.0,52.0,1.0,8.0,[],31150.0,,,2025-11-30 04:35:43
https://propiedades.com/inmuebles/departamento-en-venta-bosques-de-las-lomas-bosques-de-las-lomas-df-23249530#pagina=13&tipos=residencial-venta&area=df&pos=4,26811525.0,1000000.0,"Se vende departamento en BOSQUES DE LAS LOMAS, Colonia Bosques de las Lomas, C.P. 05120",Departamento,,Bosques de las Lomas,Cuajimalpa,5120.0,3.0,3.0,,4.0,,[],46010.0,19.388115,-99.251801,2025-11-30 04:36:18
https://propiedades.com/inmuebles/departamento-en-venta-francisco-sanchez-santiago-ahuizotla-02750-ciudad-de-mexico-cdmx-santiago-ahuizotla-df-30444196#pagina=31&tipos=residencial-venta&area=df&pos=5,30427260.0,1066600.0,"Venta de departamento Francisco Sánchez, Santiago Ahuizotla, 02750 Ciudad de México, CDMX, Colonia Santiago Ahuizotla, C.P. 02750",Departamento,,Santiago Ahuizotla,Desconocida,2750.0,2.0,2.0,,1.0,10.0,['Cisterna'],18240.0,,,2025-11-30 04:36:34
https://propiedades.com/inmuebles/casa-en-venta-cerro-del-agua-romero-de-terreros-df-30028655#pagina=19&tipos=residencial-venta&area=df&pos=15,30559482.0,15000000.0,"Casa disponible en venta en Cerro del Agua, Colonia Romero de Terreros, C.P. 04310",Casa,Cerro del Agua,Romero de Terreros,Desconocida,4310.0,3.0,1.0,31.0,3.0,,[],38600.0,,,2025-11-30 04:36:49
https://propiedades.com/inmuebles/departamento-en-venta-xola-alamos-df-29761526#pagina=5&tipos=residencial-venta&area=df&pos=31,30514945.0,6055017.0,"Venta de departamento en Xola, Colonia Álamos, C.P. 03400",Departamento,,Álamos,Benito Juárez,3400.0,2.0,2.0,112.0,1.0,,[],38920.0,19.394749,-99.142949,2025-11-30 04:37:06
https://propiedades.com/inmuebles/departamento-en-venta-barranca-del-muerto-san-jose-insurgentes-df-25853670#pagina=10&tipos=residencial-venta&area=df&pos=14,27477468.0,4443075.0,"Departamento en venta disponible en Barranca del Muerto, Colonia San José Insurgentes, C.P. 03900",Departamento,Disponible en Barranca del Muerto,San José Insurgentes,Desconocida,3900.0,1.0,1.0,0.0,2.0,,[],,,,2025-11-30 04:37:19
https://propiedades.com/inmuebles/departamento-en-venta-pedregal-de-santa-ursula-df-30041704#pagina=25&tipos=residencial-venta&area=df&pos=33,30569263.0,3294200.0,"Venta de departamento en _ , Colonia Pedregal de Santa Ursula, C.P. 04600",Departamento,,Pedregal de Santa Ursula,Tlalpan,4600.0,3.0,3.0,,1.0,4.0,[],39430.0,19.270487,-99.170138,2025-11-30 04:37:57
https://propiedades.com/inmuebles/departamento-en-venta-colonia-san-lorenzo-san-lorenzo-atemoaya-calle-cuauhtemoc-edificio-g-departamento-504-xochimilco-san-lorenzo-atemoaya-df-30336868#tipos=residencial-venta&area=df&pos=2,30569714.0,1945000.0,"Venta de departamento en Colonia San Lorenzo, San Lorenzo Atemoaya, Calle Cuauhtémoc, Edificio G Departamento 504, Xochimilco, Colonia San Lorenzo Atemoaya, C.P. 16400",Departamento,Colonia San Lorenzo,San Lorenzo Atemoaya,Cuauhtémoc,16400.0,2.0,1.0,65.0,1.0,30.0,[],18160.0,19.43263,-99.133178,2025-11-30 04:38:27
https://propiedades.com/inmuebles/departamento-en-venta-hipodromo-condesa-df-30462829#pagina=15&tipos=residencial-venta&area=df&pos=27,28452334.0,6200000.0,"Departamento disponible en venta en , Colonia Hipódromo Condesa, C.P. 06170",Departamento,,Hipódromo Condesa,Cuauhtémoc,6170.0,2.0,2.0,0.0,2.0,15.0,[],62600.0,19.409266,-99.179582,2025-11-30 04:38:45
https://propiedades.com/inmuebles/casa-en-condominio-en-venta-santiago-san-jeronimo-lidice-ciudad-de-mexico-cdmx-san-jeronimo-lidice-df-30267357#pagina=29&tipos=residencial-venta&area=df&pos=13,30508909.0,17950000.0,"Se vende casa en condominio en Santiago, San Jerónimo Lídice, Ciudad de México, CDMX, Colonia San Jerónimo Lídice, C.P. 10200",Casa,"San Jerónimo Lídice, Ciudad de México",San Jerónimo Lídice,La Magdalena Contreras,10200.0,3.0,3.0,360.0,,5.0,"['Cisterna', 'Telefonía']",,19.326798,-99.222269,2025-11-30 04:39:02
https://propiedades.com/inmuebles/departamento-en-venta-calle-rio-grijalva-35-cuauhtemoc-06500-ciudad-de-mexico-cdmx-35-cuauhtemoc-df-30553871#pagina=26&tipos=residencial-venta&area=df&pos=25,28295538.0,5750000.0,"Venta de departamento Calle Río Grijalva 35, Cuauhtémoc, 06500 Ciudad de México, CDMX #35, Colonia Cuauhtémoc, C.P. 06500",Departamento,,Cuauhtémoc,Cuauhtémoc,6500.0,2.0,2.0,70.0,1.0,1.0,[],60120.0,19.43263,-99.133178,2025-11-30 04:39:18
https://propiedades.com/inmuebles/departamento-en-venta-avenida-colonia-de-valle-del-valle-norte-df-29790509#pagina=9&tipos=residencial-venta&area=df&pos=23,30540308.0,3150000.0,"Se vende departamento en Avenida Colonia de Valle, Colonia Del Valle Norte, C.P. 03103",Departamento,,Del Valle Norte,Benito Juárez,3103.0,2.0,1.0,67.0,1.0,50.0,[],42630.0,19.373635,-99.157408,2025-11-30 04:39:31
https://propiedades.com/inmuebles/departamento-en-venta-eje-central-lazaro-cardenas-1147-letran-valle-benito-juarez-03650-ciudad-de-mexico-cdmx-1147-letran-valle-df-30553930#pagina=13&tipos=residencial-venta&area=df&pos=30,29790509.0,3100000.0,"Departamento en venta disponible en Eje Central Lázaro Cárdenas 1147, Letran Valle, Benito Juárez, 03650 Ciudad de México, CDMX #1147, Colonia Letrán Valle, C.P. 03650",Departamento,Disponible en Eje Central Lázaro Cárdenas 1147,Letrán Valle,Benito Juárez,3650.0,2.0,1.0,89.0,,50.0,['Cisterna'],43720.0,19.376082,-99.155022,2025-11-30 04:39:46
https://propiedades.com/inmuebles/departamento-en-venta-narvarte-oriente-df-30486223#pagina=15&tipos=residencial-venta&area=df&pos=18,29843229.0,4100000.0,"Se vende departamento _ , Colonia Narvarte Oriente, C.P. 03023",Departamento,,Narvarte Oriente,Benito Juárez,3023.0,2.0,2.0,0.0,1.0,10.0,[],41310.0,19.393267,-99.150258,2025-11-30 04:40:00
https://propiedades.com/inmuebles/casa-en-venta-mariano-matamoros-sn-tlalpan-centro-df-29312455#pagina=12&tipos=residencial-venta&area=df&pos=42,28565333.0,9990000.0,"Se vende casa Mariano Matamoros #s/n, Colonia Tlalpan Centro, C.P. 14000",Casa,"en la colonia Tlalpan Centro, Ciudad de México",Tlalpan Centro,Cuauhtémoc,14000.0,3.0,3.0,75.0,4.0,40.0,"['Cisterna', 'Telefonía']",30640.0,19.43263,-99.133178,2025-11-30 04:40:18
https://propiedades.com/inmuebles/departamento-en-venta-av-cafetales-1809-coapa-hacienda-de-coyoacan-coyoacan-04970-ciudad-de-mexico-cdmx-1809-haciendas-de-coyoacan-df-30327399#pagina=35&tipos=residencial-venta&area=df&pos=34,30435343.0,4660550.0,"Departamento en venta disponible en Av. Cafetales 1809, Coapa, Hacienda de Coyoacán, Coyoacán, 04970 Ciudad de México, CDMX #1809, Colonia Haciendas de Coyoacán, C.P. 04970",Departamento,Avenida Cafetales 1809,Haciendas de Coyoacán,Coyoacán,4970.0,2.0,1.0,57.0,1.0,,[],18040.0,19.349861,-99.161975,2025-11-30 04:40:36
https://propiedades.com/inmuebles/departamento-en-venta-c-lago-athabasca-san-diego-ocoyoacac-ciudad-de-mexico-cdmx-san-diego-ocoyoacac-df-30498667#pagina=31&tipos=residencial-venta&area=df&pos=21,30396440.0,2146120.0,"Departamento disponible en venta en C. Lago Athabasca, San Diego Ocoyoacac, Ciudad de México, CDMXInt. 206, Colonia San Diego Ocoyoacac, C.P. 11290",Departamento,"San Diego Ocoyoacac, Ciudad de México",San Diego Ocoyoacac,Desconocida,11290.0,2.0,1.0,66.0,1.0,,[],21200.0,,,2025-11-30 04:41:28
https://propiedades.com/inmuebles/casa-en-venta-hortensia-173-florida-alvaro-obregon-01030-ciudad-de-mexico-cdmx-173-florida-df-30508451#pagina=2&tipos=residencial-venta&area=df&pos=17,30087165.0,30000000.0,"Venta de casa Hortensia 173, Florida, Álvaro Obregón, 01030 Ciudad de México, CDMX #173, Colonia Florida, C.P. 01030",Casa,,Florida,Álvaro Obregón,1030.0,3.0,3.0,460.0,4.0,8.0,['Aire acondicionado'],48860.0,19.357227,-99.180751,2025-11-30 04:41:44
https://propiedades.com/inmuebles/departamento-en-venta-rosalio-bustamante-181-zona-urbana-ejidal-santa-martha-acatitla-sur-iztapalapa-09530-ciudad-de-me-181-santa-martha-acatitla-sur-df-30359846#pagina=34&tipos=residencial-venta&area=df&pos=5,30321088.0,462000.0,"Se vende departamento en Rosalio Bustamante 181, Zona Urbana Ejidal Santa Martha Acatitla Sur, Iztapalapa, 09530 Ciudad de Mé #181, Colonia Santa Martha Acatitla Sur, C.P. 09530",Departamento,,Santa Martha Acatitla Sur,Iztapalapa,9530.0,1.0,1.0,,1.0,,[],10660.0,19.356194,-99.009935,2025-11-30 04:41:58
https://propiedades.com/inmuebles/casa-en-venta-rincon-de-la-hacienda-bosque-residencial-del-sur-df-30244015#pagina=25&tipos=residencial-venta&area=df&pos=10,30039875.0,6500000.0,"Venta de casa RINCON DE LA HACIENDA, Colonia Bosque Residencial del Sur, C.P. 16010",Casa,,Bosque Residencial del Sur,Desconocida,16010.0,3.0,3.0,0.0,3.0,30.0,[],26140.0,,,2025-11-30 04:42:14
https://propiedades.com/inmuebles/casa-en-venta-heroe-de-nacozari-df-30346479#pagina=24&tipos=residencial-venta&area=df&pos=14,29827024.0,4799000.0,"Venta de casa , Colonia Héroe de Nacozari, C.P. 07780",Casa,,Héroe de Nacozari,Desconocida,7780.0,6.0,3.0,,,30.0,[],5760.0,,,2025-11-30 04:42:34
https://propiedades.com/inmuebles/departamento-en-venta-departamento-con-terraza-en-polanco-a-pasos-de-masaryk-bosque-de-chapultepec-i-seccion-df-30489875#pagina=27&tipos=residencial-venta&area=df&pos=2,30434473.0,17900000.0,"Departamento en venta, DEPARTAMENTO CON TERRAZA EN POLANCO A PASOS DE MASARYK, Colonia Bosque de Chapultepec I Sección, C.P. 11580",Departamento,,Bosque de Chapultepec I Sección,Desconocida,11580.0,2.0,2.0,150.0,2.0,1.0,['Cisterna'],91620.0,,,2025-11-30 04:42:52
https://propiedades.com/inmuebles/departamento-en-venta-av-20-de-noviembre-ciudad-de-mexico-cdmx-la-noria-df-30517380#pagina=32&tipos=residencial-venta&area=df&pos=26,30277686.0,1771831.0,"Se vende departamento en Av 20 de Noviembre, Ciudad de México, CDMX, Colonia La Noria, C.P. 16030",Departamento,,La Noria,Desconocida,16030.0,2.0,1.0,,1.0,10.0,['Cisterna'],15280.0,,,2025-11-30 04:43:10
https://propiedades.com/inmuebles/casa-en-venta-davalos-constitucion-de-1917-09260-ciudad-de-mexico-cdmx-constitucion-de-1917-df-30532938#pagina=35&tipos=residencial-venta&area=df&pos=18,29408480.0,593400.0,"Casa en venta disponible en Dávalos, Constitución de 1917, 09260 Ciudad de México, CDMX, Colonia Constitución de 1917, C.P. 09260",Casa,Disponible en Dávalos,Constitución de 1917,Desconocida,9260.0,3.0,1.0,,1.0,10.0,"['Cisterna', 'Telefonía']",8730.0,,,2025-11-30 04:43:21
https://propiedades.com/inmuebles/casa-en-venta-lomas-de-chapultepec-vii-seccion-df-26171480#pagina=19&tipos=residencial-venta&area=df&pos=22,26171479.0,72000000.0,"Casa en venta, , Colonia Lomas de Chapultepec VII Sección, C.P. 11000",Casa,Calle amplia poco transitada.904 m2 de terreno y 860 m2 de construcción.Linda entrada con fuente y muro llorón.Increíble puerta antigua hindú,Lomas de Chapultepec VII Sección,Miguel Hidalgo,11000.0,4.0,3.0,400.0,,17.0,[],66430.0,19.407116,-99.190617,2025-11-30 04:43:37
https://propiedades.com/inmuebles/departamento-en-venta-camino-real-de-minas-tetelpan-df-29889829#pagina=4&tipos=residencial-venta&area=df&pos=5,29714660.0,6727205.0,"Se vende departamento en Camino Real de Minas, Colonia Tetelpan, C.P. 01700",Departamento,,Tetelpan,Desconocida,1700.0,1.0,2.0,0.0,2.0,,[],41250.0,,,2025-11-30 04:43:56
https://propiedades.com/inmuebles/casa-en-venta-fuego-y-penas-jardines-del-pedregal-df-29752312#pagina=20&tipos=residencial-venta&area=df&pos=35,28210631.0,76500000.0,"Se vende casa Fuego y Peñas, Colonia Jardines del Pedregal, C.P. 01900",Casa,,Jardines del Pedregal,Tlalpan,1900.0,5.0,7.0,762.0,,,[],27820.0,19.2953,-99.209786,2025-11-30 04:45:52
https://propiedades.com/inmuebles/departamento-en-venta-queretaro-roma-norte-df-30462839#pagina=15&tipos=residencial-venta&area=df&pos=40,30115448.0,3700000.0,"Se vende departamento Queretaro, Colonia Roma Norte, C.P. 06700",Departamento,,Roma Norte,Cuauhtémoc,6700.0,1.0,1.0,45.0,1.0,,[],54490.0,19.418323,-99.162565,2025-11-30 04:46:16
https://propiedades.com/inmuebles/casa-en-venta-cucurpe-1404-aeronautica-militar-df-30057467#pagina=32&tipos=residencial-venta&area=df&pos=18,26788259.0,7500000.0,"Venta de casa en Cucurpe #1404, Colonia Aeronáutica Militar, C.P. 15970",Casa,calle de Av,Aeronáutica Militar,Desconocida,15970.0,4.0,3.0,177.0,,50.0,['Cisterna'],26890.0,,,2025-11-30 04:47:54
https://propiedades.com/inmuebles/casa-en-venta-calle-oruro-lindavista-norte-df-27998537#pagina=3&tipos=residencial-venta&area=df&pos=26,29795445.0,12800000.0,"Venta de casa en Calle Oruro, Colonia Lindavista Norte, C.P. 07300",Casa,,Lindavista Norte,Gustavo A. Madero,7300.0,4.0,2.0,299.0,,,"['Cisterna', 'Telefonía']",22480.0,19.505739,-99.148014,2025-11-30 04:48:11
https://propiedades.com/inmuebles/casa-en-venta-del-rosal-7-lomas-de-la-era-df-29779373#pagina=13&tipos=residencial-venta&area=df&pos=24,2.0,17000.0,"Casa en venta disponible en Del Rosal #7, Colonia Lomas de La Era, C.P. 01860",Casa,,Lomas de la Era,Desconocida,1860.0,3.0,4.0,,2.0,5.0,[],11210.0,,,2025-11-30 04:48:29
https://propiedades.com/inmuebles/departamento-en-venta-acacias-acacias-df-30020890#pagina=21&tipos=residencial-venta&area=df&pos=14,19767195.0,6499990.0,"Departamento en venta disponible en Acacias, Colonia Acacias, C.P. 03240",Departamento,Disponible en Acacias,Acacias,Desconocida,3240.0,2.0,2.0,0.0,2.0,,[],51020.0,,,2025-11-30 04:48:46
https://propiedades.com/inmuebles/casa-en-condominio-en-venta-avenida-san-francisco-368-barrio-san-francisco-df-30057569#pagina=14&tipos=residencial-venta&area=df&pos=14,30296463.0,10000000.0,"Casa en condominio disponible en venta en Avenida San Francisco #368, Colonia Barrio San Francisco, C.P. 10500",Casa,Condominio Disponible en Venta en Avenida San Francisco #368,Barrio San Francisco,Tláhuac,10500.0,3.0,3.0,250.0,2.0,6.0,"['Cisterna', 'Telefonía']",,19.270391,-99.00475,2025-11-30 04:49:00
https://propiedades.com/inmuebles/casa-en-venta-desierto-de-los-leones-tetelpan-df-30466614#pagina=16&tipos=residencial-venta&area=df&pos=39,30339323.0,13800000.0,"Casa disponible en venta en DESIERTO DE LOS LEONES, Colonia Tetelpan, C.P. 01700",Casa,Desierto DE LOS Leones,Tetelpan,Desconocida,1700.0,4.0,3.0,,2.0,31.0,[],34770.0,,,2025-11-30 04:49:50
https://propiedades.com/inmuebles/departamento-en-venta-jose-maria-olloqui-113-col-del-valle-sur-benito-juarez-03104-ciudad-de-mexico-cdmx-113-del-valle-sur-df-30219887#pagina=8&tipos=residencial-venta&area=df&pos=42,28587804.0,11500000.0,"Departamento disponible en venta en José María Olloqui 113, Col del Valle Sur, Benito Juárez, 03104 Ciudad de México, CDMX #113Int. PH B, Colonia Del Valle Sur, C.P. 03104",Departamento,José María Olloqui 113,Del Valle Sur,Benito Juárez,3104.0,4.0,3.0,,2.0,40.0,['Cisterna'],42630.0,19.389128,-99.175683,2025-11-30 04:50:05
https://propiedades.com/inmuebles/casa-en-venta-miguel-hidalgo-3a-seccion-df-30569716#pagina=16&tipos=residencial-venta&area=df&pos=43,30327433.0,4471000.0,"Casa en venta disponible en , Colonia Miguel Hidalgo 3A Sección, C.P. 14250",Casa,"Tlalpan, Ciudad de México",Miguel Hidalgo Iii Sección,Miguel Hidalgo,14250.0,3.0,2.0,0.0,2.0,20.0,[],18330.0,19.407116,-99.190617,2025-11-30 04:50:21
https://propiedades.com/inmuebles/casa-en-venta-san-andres-totoltepec-df-30074391#pagina=21&tipos=residencial-venta&area=df&pos=39,29838913.0,8140000.0,"Casa en venta disponible en _ , Colonia San Andrés Totoltepec, C.P. 14400",Casa,Disponible en _,San Andrés Totoltepec,Azcapotzalco,14400.0,4.0,5.0,650.0,,25.0,[],13420.0,19.483891,-99.184394,2025-11-30 04:50:36
https://propiedades.com/inmuebles/departamento-en-venta-mayorazgo-de-luyando-3-xoco-benito-juarez-03330-ciudad-de-mexico-cdmx-sn-xoco-df-30432796#pagina=27&tipos=residencial-venta&area=df&pos=5,30532970.0,12800000.0,"Se vende departamento en Mayorazgo de Luyando 3, Xoco, Benito Juárez, 03330 Ciudad de México, CDMX #s/n, Colonia Xoco, C.P. 03330",Departamento,Mayorazgo de Luyando 3,Xoco,Benito Juárez,3330.0,2.0,4.0,207.0,2.0,5.0,"['Cisterna', 'Telefonía', 'Aire acondicionado']",51810.0,19.360194,-99.166867,2025-11-30 04:50:49
https://propiedades.com/inmuebles/departamento-en-venta-av-p-de-la-reforma-150-juarez-cuauhtemoc-06600-ciudad-de-mexico-cdmx-150-juarez-df-30484589#pagina=10&tipos=residencial-venta&area=df&pos=17,28861618.0,8050000.0,"Departamento en venta, Av. P.º de la Reforma 150, Juárez, Cuauhtémoc, 06600 Ciudad de México, CDMX #150, Colonia Juárez, C.P. 06600",Departamento,Venta,Juárez,Cuauhtémoc,6600.0,3.0,1.0,158.0,1.0,,['Cisterna'],56650.0,19.43327,-99.147684,2025-11-30 04:51:05
https://propiedades.com/inmuebles/casa-en-venta-alvaro-resendiz-22-coapa-presidentes-ejidales-1ra-secc-coyoacan-04470-ciudad-de-mexico-cdmx-22-presidentes-ejidales-2a-seccion-df-30386752#pagina=30&tipos=residencial-venta&area=df&pos=33,30517357.0,10000000.0,"Casa en venta disponible en Álvaro Reséndiz 22, Coapa, Presidentes Ejidales 1ra Secc, Coyoacán, 04470 Ciudad de México, CDMX #22, Colonia Presidentes Ejidales 2a Sección, C.P. 04470",Casa,Disponible en Álvaro Reséndiz 22,Presidentes Ejidales Ii Sección,Coyoacán,4470.0,5.0,5.0,300.0,5.0,,"['Cisterna', 'Telefonía', 'Aire acondicionado']",26240.0,19.349861,-99.161975,2025-11-30 04:51:20
https://propiedades.com/inmuebles/departamento-en-venta-fuentes-brotantes-27-portales-oriente-benito-juarez-03570-ciudad-de-mexico-cdmx-27-portales-oriente-df-30361889#pagina=7&tipos=residencial-venta&area=df&pos=29,30361918.0,3300000.0,"Departamento disponible en venta en Fuentes Brotantes 27, Portales Oriente, Benito Juárez, 03570 Ciudad de México, CDMX #27, Colonia Portales Oriente, C.P. 03570",Departamento,Fuentes Brotantes 27,Portales Oriente,Benito Juárez,3570.0,2.0,2.0,43.0,1.0,1.0,['Cisterna'],41970.0,19.367029,-99.139881,2025-11-30 04:51:34
https://propiedades.com/inmuebles/casa-en-condominio-en-venta-avenida-contreras-san-jeronimo-aculco-df-30072493#pagina=29&tipos=residencial-venta&area=df&pos=44,30489882.0,17300000.0,"Venta de casa en condominio Avenida Contreras, Colonia San Jerónimo Aculco, C.P. 01904",Casa,Condominio Avenida Contreras,San Jerónimo Aculco,La Magdalena Contreras,1904.0,3.0,3.0,,3.0,1.0,"['Cisterna', 'Telefonía']",,19.326719,-99.22256,2025-11-30 04:51:50
https://propiedades.com/inmuebles/departamento-en-venta-calle-ote-172-moctezuma-2da-secc-15530-ciudad-de-mexico-cdmx-moctezuma-2a-seccion-df-30541324#pagina=9&tipos=residencial-venta&area=df&pos=10,30433867.0,2390000.0,"Se vende departamento Calle Ote. 172, Moctezuma 2da Secc, 15530 Ciudad de México, CDMX, Colonia Moctezuma 2a Sección, C.P. 15530",Departamento,,Moctezuma Ii Sección,Venustiano Carranza,15530.0,2.0,1.0,54.0,1.0,9.0,"['Cisterna', 'Telefonía']",24330.0,19.435929,-99.102544,2025-11-30 04:52:06
https://propiedades.com/inmuebles/departamento-en-venta-departamento-con-amenidades-en-calz-desierto-de-los-leones-4546-tetelpan-df-30421376#pagina=32&tipos=residencial-venta&area=df&pos=31,28793273.0,4801800.0,"Se vende departamento DEPARTAMENTO CON AMENIDADES EN CALZ DESIERTO DE LOS LEONES #4546, Colonia Tetelpan, C.P. 01700",Departamento,Calz Desierto DE LOS Leones #4546,Tetelpan,Desconocida,1700.0,2.0,2.0,86.0,2.0,1.0,['Cisterna'],41250.0,,,2025-11-30 04:52:37
https://propiedades.com/inmuebles/departamento-en-venta-eje-central-lazaro-cardenas-centro-area-4-df-26065460#pagina=21&tipos=residencial-venta&area=df&pos=26,21740469.0,2233255.0,"Venta departamento en Eje Central Lazaro Cárdenas, Colonia Centro (Área 4), C.P. 06040",Departamento,,Centro (área 4),Cuauhtémoc,6040.0,1.0,2.0,52.0,2.0,,[],36970.0,19.43263,-99.133178,2025-11-30 04:52:55
https://propiedades.com/inmuebles/departamento-en-venta-tizampampano-del-pueblo-tetelpan-df-30555964#pagina=20&tipos=residencial-venta&area=df&pos=41,30580549.0,5596600.0,"Departamento disponible en venta en , Colonia Tizampampano del Pueblo Tetelpan, C.P. 01780",Departamento,,Tizampampano del Pueblo Tetelpan,Desconocida,1780.0,2.0,2.0,102.0,2.0,,[],36990.0,,,2025-11-30 04:53:12
https://propiedades.com/inmuebles/departamento-en-venta-ejidal-97-vistas-del-pedregal-tlalpan-14737-ciudad-de-mexico-cdmx-97-vistas-del-pedregal-df-30541178#pagina=35&tipos=residencial-venta&area=df&pos=26,29170650.0,1490000.0,"Departamento en venta disponible en Ejidal 97, Vistas del Pedregal, Tlalpan, 14737 Ciudad de México, CDMX #97, Colonia Vistas del Pedregal, C.P. 14737",Departamento,Disponible en Ejidal 97,Vistas del Pedregal,Tlalpan,14737.0,2.0,1.0,,,10.0,[],20580.0,19.271817,-99.234851,2025-11-30 04:53:30
https://propiedades.com/inmuebles/casa-en-venta-manuela-saenz-208-16-culhuacan-ctm-seccion-vi-df-28876218#pagina=28&tipos=residencial-venta&area=df&pos=34,28513818.0,3300000.0,"Venta de casa en Manuela Sáenz 208 #16, Colonia Culhuacán CTM Sección VI, C.P. 04480",Casa,,Culhuacán Ctm Sección VI,Desconocida,4480.0,4.0,2.0,85.0,,,[],22990.0,,,2025-11-30 04:53:42
https://propiedades.com/inmuebles/departamento-en-venta-vasco-de-quiroga-contadero-df-30481484#pagina=16&tipos=residencial-venta&area=df&pos=44,27434361.0,20000000.0,"Venta departamento en VASCO DE QUIROGA, Colonia Contadero, C.P. 05500",Departamento,Vasco DE Quiroga,Contadero,Cuajimalpa,5500.0,3.0,3.0,302.0,4.0,,[],51870.0,19.346598,-99.299359,2025-11-30 04:54:10
https://propiedades.com/inmuebles/casa-en-venta-ote-217-sn-paseos-de-churubusco-df-30490426#pagina=34&tipos=residencial-venta&area=df&pos=18,30490228.0,7350000.0,"Venta casa en Ote 217 #s/n, Colonia Paseos de Churubusco, C.P. 09030",Casa,"Real del Moral, Ciudad de México",Paseos de Churubusco,Desconocida,9030.0,4.0,3.0,340.0,2.0,,['Cisterna'],38010.0,,,2025-11-30 04:54:26
https://propiedades.com/inmuebles/casa-en-venta-cerrada-coacoatzintla-barrio-san-francisco-df-30018205#pagina=32&tipos=residencial-venta&area=df&pos=47,29942336.0,13145000.0,"Venta casa en Cerrada Coacoatzintla, Colonia Barrio San Francisco, C.P. 10500",Casa,,Barrio San Francisco,Tláhuac,10500.0,3.0,3.0,350.0,3.0,,"['Cisterna', 'Telefonía']",31300.0,19.270391,-99.00475,2025-11-30 04:54:44
https://propiedades.com/inmuebles/departamento-en-venta-boleo-75-nicolas-bravo-venustiano-carranza-15220-ciudad-de-mexico-cdmx-75-popular-rastro-df-30576675#pagina=14&tipos=residencial-venta&area=df&pos=46,30576676.0,1698000.0,"Venta de departamento en Boleo 75, Nicolás Bravo, Venustiano Carranza, 15220 Ciudad de México, CDMX #75, Colonia Popular Rastro, C.P. 15220",Departamento,Boleo 75,Popular Rastro,Venustiano Carranza,15220.0,2.0,1.0,47.0,1.0,17.0,[],14940.0,19.452715,-99.118769,2025-11-30 04:55:00
https://propiedades.com/inmuebles/departamento-en-venta-centro-de-azcapotzalco-df-30569711#pagina=18&tipos=residencial-venta&area=df&pos=2,28252032.0,2347000.0,"Departamento en venta, , Colonia Centro de Azcapotzalco, C.P. 02000",Departamento,Venta,Centro de Azcapotzalco,Cuauhtémoc,2000.0,2.0,1.0,46.0,0.0,1.0,[],30330.0,19.43263,-99.133178,2025-11-30 04:55:17
https://propiedades.com/inmuebles/casa-en-venta-canario-8-artes-graficas-df-28684725#pagina=14&tipos=residencial-venta&area=df&pos=35,,4150000.0,"Casa disponible en venta en CANARIO #8, Colonia Artes Graficas, C.P. 15830",Casa,Canario #8,Artes Graficas,Desconocida,15830.0,1.0,3.0,,,15.0,['Cisterna'],17210.0,,,2025-11-30 04:56:06
https://propiedades.com/inmuebles/departamento-en-venta-penthouse-con-roof-privado-y-amenidades-en-roma-norte-193-roma-norte-df-30417638#pagina=30&tipos=residencial-venta&area=df&pos=26,30196899.0,8325200.0,"Se vende departamento en PENTHOUSE CON ROOF PRIVADO Y AMENIDADES EN ROMA NORTE #193, Colonia Roma Norte, C.P. 06700",Departamento,,Roma Norte,Cuauhtémoc,6700.0,2.0,2.0,90.0,2.0,1.0,['Cisterna'],54490.0,19.418323,-99.162565,2025-11-30 04:56:20
https://propiedades.com/inmuebles/departamento-en-venta-independencia-37-tizapan-df-28739422#pagina=14&tipos=residencial-venta&area=df&pos=26,29834469.0,4200000.0,"Venta de departamento en Independencia #37, Colonia Tizapan, C.P. 01090",Departamento,,Tizapan,Desconocida,1090.0,3.0,2.0,125.0,2.0,19.0,['Cisterna'],47410.0,,,2025-11-30 04:56:36
https://propiedades.com/inmuebles/casa-en-venta-bosque-de-bugambilias-412-bosques-de-las-lomas-cuajimalpa-de-morelos-05120-ciudad-de-mexico-cdmx-412-bosques-de-las-lomas-df-30555536#pagina=3&tipos=residencial-venta&area=df&pos=31,30043963.0,40000000.0,"Venta de casa Bosque de Bugambilias 412, Bosques de las Lomas, Cuajimalpa de Morelos, 05120 Ciudad de México, CDMX #412, Colonia Bosques de las Lomas, C.P. 05120",Casa,,Bosques de las Lomas,Cuajimalpa,5120.0,11.0,4.0,0.0,,45.0,"['Cisterna', 'Telefonía']",42970.0,19.388115,-99.251801,2025-11-30 04:56:52
https://propiedades.com/inmuebles/departamento-en-venta-alberto-herrera-75-aragon-la-villa-cdmx-aragon-la-villa-df-30321161#pagina=2&tipos=residencial-venta&area=df&pos=35,29487426.0,1773407.0,"Se vende departamento en Alberto Herrera 75, Aragón La Villa, CDMX, Colonia Aragón la Villa, C.P. 07000",Departamento,,Aragón la Villa,Desconocida,7000.0,1.0,1.0,,,1.0,[],16900.0,,,2025-11-30 04:57:08
https://propiedades.com/inmuebles/departamento-en-venta-av-de-los-poetas-san-mateo-tlaltenango-df-28875279#pagina=19&tipos=residencial-venta&area=df&pos=42,30172599.0,26000000.0,"Departamento en venta, Av de los Poetas, Colonia San Mateo Tlaltenango, C.P. 05600",Departamento,,San Mateo Tlaltenango,Desconocida,5600.0,4.0,4.0,0.0,4.0,,['Aire acondicionado'],52900.0,,,2025-11-30 04:57:22
https://propiedades.com/inmuebles/departamento-en-venta-av-centenario-atzacoalco-ctm-ciudad-de-mexico-cdmx-nueva-atzacoalco-df-30486381#pagina=32&tipos=residencial-venta&area=df&pos=37,30373087.0,2131000.0,"Se vende departamento Av. Centenario, Atzacoalco CTM, Ciudad de México, CDMX, Colonia Nueva Atzacoalco, C.P. 07420",Departamento,"Atzacoalco CTM, Ciudad de México",Nueva Atzacoalco,Desconocida,7420.0,2.0,1.0,65.0,1.0,1.0,['Telefonía'],16910.0,,,2025-11-30 04:57:40
https://propiedades.com/inmuebles/departamento-en-venta-c-francisco-villa-30-depto-311-cond-francisco-villa-san-juan-tlihuaca-azcapotzalco-ciudad-de--san-juan-tlihuaca-df-30277358#tipos=residencial-venta&area=df&pos=5,30283502.0,2237000.0,"Venta de departamento en C. Francisco Villa 30, Depto 311, Cond. Francisco Villa, San Juan Tlihuaca, Azcapotzalco, Ciudad de , Colonia San Juan Tlihuaca, C.P. 02400",Departamento,"San Juan Tlihuaca, Ciudad de México",San Juan Tlihuaca,Azcapotzalco,2400.0,2.0,1.0,51.0,1.0,12.0,['Cisterna'],16930.0,19.486739,-99.203829,2025-11-30 04:57:52
https://propiedades.com/inmuebles/departamento-en-venta-legaria-df-30555966#pagina=24&tipos=residencial-venta&area=df&pos=32,30396440.0,2133000.0,"Se vende departamento , Colonia Legaria, C.P. 11410",Departamento,,Legaria,Miguel Hidalgo,11410.0,2.0,1.0,66.0,1.0,19.0,[],18040.0,19.45537,-99.194165,2025-11-30 04:58:08
https://propiedades.com/inmuebles/departamento-en-venta-matias-romero-423-col-del-valle-centro-benito-juarez-03100-ciudad-de-mexico-cdmx-mexico-del-valle-centro-df-30327415#pagina=2&tipos=residencial-venta&area=df&pos=40,28664273.0,10819907.0,"Se vende departamento en Matías Romero 423, Col del Valle Centro, Benito Juárez, 03100 Ciudad de México, CDMX, Mexico, Colonia Del Valle Centro, C.P. 03100",Departamento,Matías Romero 423,Del Valle Centro,Benito Juárez,3100.0,3.0,2.0,120.0,2.0,1.0,[],42630.0,19.379513,-99.162395,2025-11-30 04:58:21
https://propiedades.com/inmuebles/departamento-en-venta-francisco-villa-30-san-juan-tlihuaca-azcapotzalco-02400-ciudad-de-mexico-cdmx-30-san-juan-tlihuaca-df-30406336#pagina=14&tipos=residencial-venta&area=df&pos=30,30277358.0,2237000.0,"Se vende departamento Francisco Villa 30, San Juan Tlihuaca, Azcapotzalco, 02400 Ciudad de México, CDMX #30, Colonia San Juan Tlihuaca, C.P. 02400",Departamento,,San Juan Tlihuaca,Azcapotzalco,2400.0,2.0,1.0,51.0,1.0,12.0,[],16930.0,19.492301,-99.20495,2025-11-30 04:58:53
https://propiedades.com/inmuebles/departamento-en-venta-priv-de-los-cedros-alcantarilla-df-30158121#pagina=17&tipos=residencial-venta&area=df&pos=12,28869230.0,6400000.0,"Venta de departamento en Priv de los Cedros, Colonia Alcantarilla, C.P. 01729",Departamento,Priv de los Cedros,Alcantarilla,Desconocida,1729.0,2.0,2.0,7.0,2.0,,[],33890.0,,,2025-11-30 04:59:06
https://propiedades.com/inmuebles/casa-en-venta-c-artemisa-101-nueva-santa-maria-azcapotzalco-02800-ciudad-de-mexico-cdmx-101-nueva-santa-maria-df-30287513#pagina=33&tipos=residencial-venta&area=df&pos=45,30403998.0,750000.0,"Venta casa en C. Artemisa 101, Nueva Santa María, Azcapotzalco, 02800 Ciudad de México, CDMX #101, Colonia Nueva Santa Maria, C.P. 02800",Casa,C. Artemisa 101,Nueva Santa Maria,Azcapotzalco,2800.0,3.0,1.0,170.0,2.0,14.0,"['Cisterna', 'Telefonía', 'Aire acondicionado']",6430.0,19.462084,-99.168345,2025-11-30 04:59:18
https://propiedades.com/inmuebles/departamento-en-venta-argaez-san-miguel-chapultepec-i-seccion-df-28164877#pagina=18&tipos=residencial-venta&area=df&pos=42,30113812.0,15795000.0,"Departamento en venta disponible en Argaez, Colonia San Miguel Chapultepec I Sección, C.P. 11850",Departamento,Disponible en Argaez,San Miguel Chapultepec I Sección,Miguel Hidalgo,11850.0,2.0,2.0,220.0,2.0,8.0,[],42690.0,19.411038,-99.185778,2025-11-30 04:59:32
https://propiedades.com/inmuebles/departamento-en-venta-cedro-santa-maria-la-ribera-df-30253050#pagina=7&tipos=residencial-venta&area=df&pos=17,21385284.0,2490000.0,"Se vende departamento Cedro, Colonia Santa Maria La Ribera, C.P. 06400",Departamento,,Santa Maria la Ribera,Desconocida,6400.0,2.0,1.0,0.0,1.0,,[],36890.0,,,2025-11-30 04:59:51
https://propiedades.com/inmuebles/departamento-en-venta-popocatepetl-santa-cruz-atoyac-df-27693303#pagina=5&tipos=residencial-venta&area=df&pos=18,30399186.0,4023000.0,"Venta de departamento en Popocatepetl, Colonia Santa Cruz Atoyac, C.P. 03310",Departamento,"Sta Cruz Atoyac, Ciudad de México",Santa Cruz Atoyac,Desconocida,3310.0,2.0,2.0,78.0,1.0,,[],45020.0,,,2025-11-30 05:00:06
https://propiedades.com/inmuebles/departamento-en-venta-avenida-rio-churubusco-601-601-xoco-df-29243359#pagina=6&tipos=residencial-venta&area=df&pos=21,30352531.0,24000000.0,"Se vende departamento en Avenida Río Churubusco 601 #601, Colonia Xoco, C.P. 03330",Departamento,Avenida Río Churubusco 601 #601,Xoco,Desconocida,3330.0,3.0,3.0,,4.0,,"['Cisterna', 'Telefonía', 'Aire acondicionado']",51810.0,,,2025-11-30 05:00:22
https://propiedades.com/inmuebles/departamento-en-venta-santa-cruz-atoyac-df-30462835#pagina=16&tipos=residencial-venta&area=df&pos=19,30157936.0,5000000.0,"Departamento en venta, , Colonia Santa Cruz Atoyac, C.P. 03310",Departamento,,Santa Cruz Atoyac,Desconocida,3310.0,2.0,2.0,0.0,2.0,4.0,[],45020.0,,,2025-11-30 05:00:37
https://propiedades.com/inmuebles/casa-en-venta-calzada-de-las-aguilas-villa-verdun-df-28666085#pagina=10&tipos=residencial-venta&area=df&pos=11,30042615.0,8200000.0,"Venta casa en Calzada de las Águilas , Colonia Villa Verdún, C.P. 01810",Casa,Calzada de las Águilas,Villa Verdún,Desconocida,1810.0,4.0,2.0,262.0,2.0,,[],24020.0,,,2025-11-30 05:00:53
https://propiedades.com/inmuebles/departamento-en-venta-filipinas-portales-sur-df-25684762#pagina=22&tipos=residencial-venta&area=df&pos=29,18418678.0,6126410.0,"Venta de departamento en Filipinas, Colonia Portales Sur, C.P. 03300",Departamento,calle tranquila y arbolada,Portales Sur,Benito Juárez,3300.0,3.0,2.0,24.0,1.0,,[],41970.0,19.361694,-99.148914,2025-11-30 05:01:11
https://propiedades.com/inmuebles/departamento-en-venta-lago-mayor-los-manzanos-df-27388160#pagina=5&tipos=residencial-venta&area=df&pos=14,30536452.0,6779000.0,"Venta departamento en Lago Mayor, Colonia Los Manzanos, C.P. 11460",Departamento,,Los Manzanos,Desconocida,11460.0,3.0,2.0,207.0,2.0,,[],48860.0,,,2025-11-30 05:02:52
https://propiedades.com/inmuebles/departamento-en-venta-calle-gabino-barreda-89-89-san-rafael-df-30172702#pagina=31&tipos=residencial-venta&area=df&pos=15,30563222.0,4900000.0,"Venta de departamento en Calle Gabino Barreda 89 #89, Colonia San Rafael, C.P. 06470",Departamento,,San Rafael,Cuauhtémoc,6470.0,2.0,2.0,64.0,2.0,1.0,['Telefonía'],44580.0,19.437945,-99.162422,2025-11-30 05:03:10
https://propiedades.com/inmuebles/casa-en-venta-calzada-de-las-aguilas-villa-verdun-df-29763889#pagina=20&tipos=residencial-venta&area=df&pos=39,30587182.0,18900000.0,"Casa en venta disponible en Calzada de las Aguilas, Colonia Villa Verdún, C.P. 01810",Casa,,Villa Verdún,Desconocida,1810.0,4.0,3.0,36.0,3.0,11.0,[],24020.0,,,2025-11-30 05:03:26
https://propiedades.com/inmuebles/casa-en-venta-agustin-romero-ibanez-159-coapa-presidentes-ejidales-1ra-secc-coyoacan-04470-ciudad-de-mexico-c-159-presidentes-ejidales-2a-seccion-df-30364257#pagina=7&tipos=residencial-venta&area=df&pos=30,30575724.0,8999999.0,"Casa en venta, Agustín Romero Ibáñez 159, Coapa, Presidentes Ejidales 1ra Secc, Coyoacán, 04470 Ciudad de México, C #159, Colonia Presidentes Ejidales 2a Sección, C.P. 04470",Casa,calle cerrada y a media cuadra de Secretaria de Marina,Presidentes Ejidales Ii Sección,Coyoacán,4470.0,3.0,4.0,304.0,,10.0,['Telefonía'],26240.0,19.349861,-99.161975,2025-11-30 05:03:42
https://propiedades.com/inmuebles/departamento-en-venta-calle-5-agricola-pantitlan-ciudad-de-mexico-cdmx-agricola-pantitlan-df-30324721#pagina=6&tipos=residencial-venta&area=df&pos=46,30352050.0,1596000.0,"Se vende departamento en Calle 5, Agrícola Pantitlán, Ciudad de México, CDMX, Colonia Agrícola Pantitlan, C.P. 08100",Departamento,"Agrícola Pantitlán, Ciudad de México",Agrícola Pantitlan,Iztacalco,8100.0,2.0,1.0,48.0,1.0,17.0,[],16320.0,19.415421,-99.068241,2025-11-30 05:03:57
https://propiedades.com/inmuebles/departamento-en-venta-ensenada-80-condesa-df-30511422#pagina=6&tipos=residencial-venta&area=df&pos=34,30214051.0,10800000.0,"Venta de departamento en Ensenada #80, Colonia Condesa, C.P. 06140",Departamento,,Condesa,Cuauhtémoc,6140.0,3.0,3.0,150.0,2.0,3.0,"['Cisterna', 'Telefonía']",62600.0,19.414864,-99.176429,2025-11-30 05:04:10
https://propiedades.com/inmuebles/casa-en-venta-vertiz-narvarte-df-27483573#pagina=23&tipos=residencial-venta&area=df&pos=4,29166361.0,10200000.0,"Casa en venta disponible en , Colonia Vertiz Narvarte, C.P. 03600",Casa,,Vertiz Narvarte,Benito Juárez,3600.0,4.0,3.0,0.0,2.0,,[],28140.0,19.384424,-99.145643,2025-11-30 05:04:26
https://propiedades.com/inmuebles/departamento-en-venta-olivar-de-los-padres-df-30507154#pagina=16&tipos=residencial-venta&area=df&pos=6,30439891.0,7500000.0,"Venta departamento en , Colonia Olivar de los Padres, C.P. 01780",Departamento,,Olivar de los Padres,Álvaro Obregón,1780.0,3.0,2.0,0.0,3.0,8.0,[],38570.0,19.337409,-99.219657,2025-11-30 05:04:45
https://propiedades.com/inmuebles/departamento-en-venta-san-joaquin-df-30516066#pagina=15&tipos=residencial-venta&area=df&pos=23,28604456.0,1529000.0,"Se vende departamento , Colonia San Joaquín, C.P. 11260",Departamento,"Miguel Hidalgo, Ciudad de México",San Joaquín,Desconocida,11260.0,1.0,1.0,0.0,6.0,,[],25440.0,,,2025-11-30 05:05:03
https://propiedades.com/inmuebles/departamento-en-venta-av-victor-hugo-154-portales-nte-benito-juarez-03303-ciudad-de-mexico-cdmx-portales-norte-df-29685514#pagina=2&tipos=residencial-venta&area=df&pos=42,30361918.0,3582000.0,"Venta de departamento Av. Víctor Hugo 154, Portales Nte, Benito Juárez, 03303 Ciudad de México, CDMX, Colonia Portales Norte, C.P. 03303",Departamento,,Portales Norte,Benito Juárez,3303.0,2.0,2.0,43.0,1.0,1.0,[],41970.0,19.368262,-99.149281,2025-11-30 05:05:20
https://propiedades.com/inmuebles/departamento-en-venta-goethe-anzures-df-30295445#pagina=3&tipos=residencial-venta&area=df&pos=45,30031119.0,10400000.0,"Venta de departamento en Goethe, Colonia Anzures, C.P. 11590",Departamento,,Anzures,Miguel Hidalgo,11590.0,2.0,3.0,140.0,2.0,15.0,[],48270.0,19.432097,-99.177165,2025-11-30 05:05:54
https://propiedades.com/inmuebles/departamento-en-venta-cuajimalpa-df-30569717#pagina=15&tipos=residencial-venta&area=df&pos=31,29907176.0,3353000.0,"Departamento en venta disponible en , Colonia Cuajimalpa, C.P. 05000",Departamento,,Cuajimalpa,Cuajimalpa,5000.0,3.0,2.0,120.0,2.0,30.0,[],35080.0,19.357981,-99.278199,2025-11-30 05:06:12
https://propiedades.com/inmuebles/departamento-en-venta-departamento-con-amenidades-en-merced-gomez-lomas-de-plateros-df-30317874#pagina=28&tipos=residencial-venta&area=df&pos=10,28491761.0,4399000.0,"Departamento en venta disponible en DEPARTAMENTO CON AMENIDADES EN MERCED GOMEZ, Colonia Lomas de Plateros, C.P. 01480",Departamento,Disponible en Departamento CON Amenidades EN Merced Gomez,Lomas de Plateros,Desconocida,1480.0,2.0,2.0,,1.0,1.0,['Cisterna'],18610.0,,,2025-11-30 05:06:28
https://propiedades.com/inmuebles/departamento-en-venta-38-calle-oriente-229-depto-b105-edificio-b-colonia-agricola-oriental-iztacalco-cdmx--agricola-oriental-df-30389357#tipos=residencial-venta&area=df&pos=39,30569705.0,2019000.0,"Se vende departamento en 38 Calle Oriente 229, Depto. B-105, Edificio B, Colonia Agrícola Oriental, Iztacalco cdmx , Colonia Agrícola Oriental, C.P. 08500",Departamento,38 Calle Oriente 229,Agrícola Oriental,Iztacalco,8500.0,2.0,1.0,45.0,1.0,10.0,['Cisterna'],24150.0,19.39973,-99.079963,2025-11-30 05:06:42
https://propiedades.com/inmuebles/departamento-en-venta-av-vasco-de-quiroga-santa-fe-santa-fe-cuajimalpa-df-16502901#pagina=18&tipos=residencial-venta&area=df&pos=24,30578655.0,16950000.0,"Departamento en venta, AV. VASCO DE QUIROGA, SANTA FE, Colonia Santa Fe Cuajimalpa, C.P. 05348",Departamento,AV. VASCO DE QUIROGA,Santa Fe Cuajimalpa,Cuajimalpa,5348.0,4.0,3.0,290.0,5.0,20.0,[],52900.0,19.366075,-99.265643,2025-11-30 05:06:57
https://propiedades.com/inmuebles/departamento-en-venta-calz-ignacio-zaragoza-885-agricola-oriental-iztacalco-08500-ciudad-de-mexico-cdmx-885-agricola-oriental-df-30453092#pagina=8&tipos=residencial-venta&area=df&pos=9,29888006.0,2440000.0,"Se vende departamento en Calz. Ignacio Zaragoza 885, Agrícola Oriental, Iztacalco, 08500 Ciudad de México, CDMX #885, Colonia Agrícola Oriental, C.P. 08500",Departamento,Calzada Ignacio Zaragoza 885,Agrícola Oriental,Iztacalco,8500.0,2.0,2.0,60.0,1.0,1.0,['Cisterna'],24150.0,19.408499,-99.077033,2025-11-30 05:07:12
https://propiedades.com/inmuebles/departamento-en-venta-providencia-del-valle-centro-df-30466564#pagina=16&tipos=residencial-venta&area=df&pos=5,30439124.0,8900000.0,"Se vende departamento PROVIDENCIA, Colonia Del Valle Centro, C.P. 03100",Departamento,,Del Valle Centro,Benito Juárez,3100.0,2.0,4.0,0.0,2.0,8.0,[],42630.0,19.386924,-99.163602,2025-11-30 05:07:28
https://propiedades.com/inmuebles/casa-en-venta-manuel-escandon-64-chinam-pac-de-juarez-iztapalapa-09208-ciudad-de-mexico-cdmx-64-chinampac-de-juarez-df-30498647#pagina=33&tipos=residencial-venta&area=df&pos=26,,450000.0,"Venta de casa en Manuel Escandón 64, Chinam Pac de Juárez, Iztapalapa, 09208 Ciudad de México, CDMX #64, Colonia Chinampac de Juárez, C.P. 09208",Casa,Manuel Escandón 64,Chinampac de Juárez,Cuauhtémoc,9208.0,2.0,1.0,,,,[],8960.0,19.43263,-99.133178,2025-11-30 05:07:45
https://propiedades.com/inmuebles/departamento-en-venta-altavista-prados-de-la-montana-df-29448983#pagina=19&tipos=residencial-venta&area=df&pos=20,28875231.0,13900000.0,"Departamento en venta disponible en Altavista, Colonia Prados de La Montaña, C.P. 05619",Departamento,Disponible en Altavista,Prados de la Montaña,Desconocida,5619.0,3.0,4.0,,3.0,19.0,[],46600.0,,,2025-11-30 05:07:57
https://propiedades.com/inmuebles/departamento-en-venta-av-miguel-othon-de-mendizabal-ote-20-patera-vallejo-ii-secc-gustavo-a-madero-07708-ciudad-de-m-20-torres-lindavista-df-30554718#pagina=35&tipos=residencial-venta&area=df&pos=46,30557744.0,4300000.0,"Departamento disponible en venta en Av. Miguel Othón de Mendizábal Ote. 20, Patera Vallejo II Secc, Gustavo A. Madero, 07708 Ciudad de M #20, Colonia Torres Lindavista, C.P. 07708",Departamento,Av. Miguel Othón de Mendizábal Ote. 20,Torres Lindavista,Gustavo A. Madero,7708.0,3.0,2.0,,1.0,40.0,['Cisterna'],34430.0,19.506314,-99.144504,2025-11-30 05:08:13
https://propiedades.com/inmuebles/departamento-en-venta-roma-24-juarez-cuauhtemoc-06600-juarez-cdmx-24-juarez-df-30361235#pagina=34&tipos=residencial-venta&area=df&pos=4,29341624.0,4050000.0,"Departamento en venta, Roma 24, Juárez, Cuauhtémoc, 06600 Juárez, CDMX #24, Colonia Juárez, C.P. 06600",Departamento,,Juárez,Cuauhtémoc,6600.0,3.0,1.0,0.0,1.0,,[],56650.0,19.43327,-99.147684,2025-11-30 05:09:08
https://propiedades.com/inmuebles/departamento-en-venta-jacarandas-55-san-clemente-nte-alvaro-obregon-ciudad-de-mexico-cdmx-cp-01740--san-clemente-norte-df-30334893#tipos=residencial-venta&area=df&pos=27,30283045.0,3842000.0,"Se vende departamento Jacarandas 55, San Clemente Nte, Álvaro Obregón, Ciudad de México, CDMX CP 01740 , Colonia San Clemente Norte, C.P. 01740",Departamento,"Álvaro Obregón, Ciudad de México",San Clemente Norte,Álvaro Obregón,1740.0,2.0,2.0,110.0,2.0,10.0,[],29400.0,19.348487,-99.231672,2025-11-30 05:09:26
https://propiedades.com/inmuebles/departamento-en-venta-callejon-san-marcos-8-depto1-edifp-san-marcos-02020-azcapotzalco-cdmx-san-marcos-df-30417666#tipos=residencial-venta&area=df&pos=23,30363244.0,1399000.0,"Departamento disponible en venta en Callejon San Marcos #8 Depto-1 Edif-P, San Marcos, 02020, Azcapotzalco, CDMX, Colonia San Marcos, C.P. 02020",Departamento,,San Marcos,Azcapotzalco,2020.0,2.0,1.0,44.0,,28.0,['Cisterna'],17880.0,19.488422,-99.182664,2025-11-30 05:09:41
https://propiedades.com/inmuebles/casa-en-venta-bosque-de-encinos-bosque-de-las-lomas-11700-ciudad-de-mexico-cdmx-bosque-de-las-lomas-df-30477108#pagina=7&tipos=residencial-venta&area=df&pos=3,29916723.0,15000000.0,"Se vende casa en Bosque de Encinos, Bosque de las Lomas, 11700 Ciudad de México, CDMX, Colonia Bosque de las Lomas, C.P. 11700",Casa,Bosque de Encinos,Bosque de las Lomas,Cuajimalpa,11700.0,3.0,3.0,381.0,3.0,38.0,['Cisterna'],42970.0,19.400533,-99.240839,2025-11-30 05:09:58
https://propiedades.com/inmuebles/departamento-en-venta-felix-parra-187-187-san-jose-insurgentes-df-27122184#pagina=8&tipos=residencial-venta&area=df&pos=44,28886024.0,8141000.0,"Se vende departamento Felix Parra 187 #187, Colonia San José Insurgentes, C.P. 03900",Departamento,"Acacias, Ciudad de México",San José Insurgentes,Desconocida,3900.0,3.0,2.0,90.0,2.0,,[],47820.0,,,2025-11-30 05:10:11
https://propiedades.com/inmuebles/departamento-en-venta-carlos-b-zetina-escandon-i-seccion-df-30099505#pagina=21&tipos=residencial-venta&area=df&pos=6,30321352.0,7400000.0,"Venta de departamento Carlos B. Zetina, Colonia Escandón I Sección, C.P. 11800",Departamento,,Escandón I Sección,Miguel Hidalgo,11800.0,2.0,2.0,110.0,1.0,5.0,[],42820.0,19.407116,-99.190617,2025-11-30 05:10:37
https://propiedades.com/inmuebles/departamento-en-venta-miguel-hidalgo-2a-seccion-df-30569710#pagina=21&tipos=residencial-venta&area=df&pos=44,30439968.0,2535860.0,"Departamento disponible en venta en , Colonia Miguel Hidalgo 2A Sección, C.P. 14250",Departamento,,Miguel Hidalgo Ii Sección,Miguel Hidalgo,14250.0,3.0,2.0,0.0,1.0,13.0,[],27330.0,19.284333,-99.189439,2025-11-30 05:10:59
https://propiedades.com/inmuebles/casa-en-venta-moctezuma-20-20-del-carmen-df-29476069#pagina=33&tipos=residencial-venta&area=df&pos=8,30508870.0,32500000.0,"Casa en venta, Moctezuma 20 #20, Colonia Del Carmen, C.P. 04100",Casa,Venta,Del Carmen,Desconocida,4100.0,5.0,3.0,0.0,3.0,7.0,['Cisterna'],38930.0,,,2025-11-30 05:11:16
https://propiedades.com/inmuebles/departamento-en-venta-av-santa-fe-578-santa-fe-cuajimalpa-df-30494528#pagina=8&tipos=residencial-venta&area=df&pos=30,29087604.0,3800000.0,"Departamento en venta, Av Santa Fe #578, Colonia Santa Fe Cuajimalpa, C.P. 05348",Departamento,Venta,Santa Fe Cuajimalpa,Cuajimalpa,5348.0,3.0,1.0,86.0,3.0,1.0,"['Cisterna', 'Telefonía']",52900.0,19.352014,-99.281888,2025-11-30 05:11:31
https://propiedades.com/inmuebles/departamento-en-venta-icacos-narvarte-poniente-df-30462830#pagina=15&tipos=residencial-venta&area=df&pos=33,29834500.0,3418734.0,"Departamento en venta, Icacos, Colonia Narvarte Poniente, C.P. 03020",Departamento,Venta,Narvarte Poniente,Benito Juárez,3020.0,2.0,2.0,0.0,1.0,,[],41310.0,19.398537,-99.152126,2025-11-30 05:11:49
https://propiedades.com/inmuebles/departamento-en-venta-ampliacion-javier-mina-93-san-pedro-xalpa-azcapotzalco-02710-ciudad-de-mexico-cdmx-93-san-pedro-xalpa-df-30338677#pagina=7&tipos=residencial-venta&area=df&pos=44,28769685.0,2137500.0,"Venta de departamento en Ampliacion Javier Mina 93, San Pedro Xalpa, Azcapotzalco, 02710 Ciudad de México, CDMX #93, Colonia San Pedro Xalpa, C.P. 02710",Departamento,Ampliacion Javier Mina 93,San Pedro Xalpa,Azcapotzalco,2710.0,2.0,2.0,60.0,1.0,,[],21260.0,19.484666,-99.212095,2025-11-30 05:12:19
https://propiedades.com/inmuebles/departamento-en-venta-narvarte-poniente-03020-ciudad-de-mexico-cdmx-590-narvarte-poniente-df-30411835#pagina=3&tipos=residencial-venta&area=df&pos=1,30537953.0,5190000.0,"Se vende departamento en Narvarte Poniente, 03020 Ciudad de México, CDMX #590, Colonia Narvarte Poniente, C.P. 03020",Departamento,Narvarte Poniente,Narvarte Poniente,Benito Juárez,3020.0,2.0,2.0,84.0,2.0,1.0,['Cisterna'],41310.0,19.389297,-99.16122,2025-11-30 05:12:33
https://propiedades.com/inmuebles/departamento-en-venta-departamento-con-terraza-en-la-san-rafael-san-rafael-df-30494850#pagina=2&tipos=residencial-venta&area=df&pos=1,26063324.0,5950000.0,"Se vende departamento en DEPARTAMENTO CON TERRAZA EN LA SAN RAFAEL , Colonia San Rafael, C.P. 06470",Departamento,,San Rafael,Cuauhtémoc,6470.0,2.0,2.0,30.0,1.0,1.0,['Cisterna'],44580.0,19.437945,-99.162422,2025-11-30 05:12:49
https://propiedades.com/inmuebles/casa-en-condominio-en-venta-nubes-norte-sn-jardines-del-pedregal-df-30068053#pagina=9&tipos=residencial-venta&area=df&pos=13,30068360.0,21000000.0,"Se vende casa en condominio en Nubes Norte #s/n, Colonia Jardines del Pedregal, C.P. 01900",Casa,"San Jerónimo Lídice, Ciudad de México",Jardines del Pedregal,Tlalpan,1900.0,3.0,2.0,300.0,3.0,10.0,"['Cisterna', 'Telefonía', 'Aire acondicionado']",,19.2953,-99.209786,2025-11-30 05:13:06
https://propiedades.com/inmuebles/departamento-en-venta-ninos-heroes-df-30056933#pagina=27&tipos=residencial-venta&area=df&pos=20,30576670.0,3850000.0,"Venta de departamento , Colonia Niños Héroes, C.P. 03440",Departamento,,Niños Héroes,Benito Juárez,3440.0,2.0,2.0,70.0,1.0,6.0,['Cisterna'],33170.0,19.386376,-99.144131,2025-11-30 05:13:23
https://propiedades.com/inmuebles/casa-en-venta-miguel-n-lira-332-villa-de-cortes-df-30338369#pagina=12&tipos=residencial-venta&area=df&pos=41,30581660.0,9500000.0,"Se vende casa en MIGUEL N LIRA #332, Colonia Villa de Cortes, C.P. 03530",Casa,"Delegación Iztacalco, Ciudad de México",Villa de Cortes,Desconocida,3530.0,4.0,4.0,200.0,4.0,,[],12570.0,,,2025-11-30 05:13:36
https://propiedades.com/inmuebles/departamento-en-venta-sicomoro-del-gas-df-30386206#pagina=18&tipos=residencial-venta&area=df&pos=46,30445040.0,4000000.0,"Departamento disponible en venta en SICOMORO, Colonia Del Gas, C.P. 02950",Departamento,Sicomoro,Del Gas,Desconocida,2950.0,2.0,2.0,74.0,2.0,7.0,['Aire acondicionado'],36710.0,,,2025-11-30 05:13:53
https://propiedades.com/inmuebles/casa-en-venta-alvaro-resendiz-coapa-presidentes-ejidales-1ra-secc-04470-ciudad-de-mexico-cdmx-sn-presidentes-ejidales-2a-seccion-df-30490655#pagina=26&tipos=residencial-venta&area=df&pos=42,30517357.0,10000000.0,"Se vende casa en Álvaro Reséndiz, Coapa, Presidentes Ejidales 1ra Secc, 04470 Ciudad de México, CDMX #s/n, Colonia Presidentes Ejidales 2a Sección, C.P. 04470",Casa,Álvaro Reséndiz,Presidentes Ejidales Ii Sección,Desconocida,4470.0,5.0,5.0,250.0,5.0,8.0,[],26240.0,,,2025-11-30 05:14:10
https://propiedades.com/inmuebles/departamento-en-venta-nonoalco-ciudad-de-mexico-cdmx-santa-maria-nonoalco-df-30367018#pagina=11&tipos=residencial-venta&area=df&pos=27,30460427.0,3360000.0,"Venta departamento en Nonoalco, Ciudad de México, CDMX, Colonia Santa Maria Nonoalco, C.P. 03700",Departamento,,Santa Maria Nonoalco,Desconocida,3700.0,2.0,2.0,84.0,2.0,8.0,"['Cisterna', 'Telefonía']",43230.0,,,2025-11-30 05:14:27
https://propiedades.com/inmuebles/departamento-en-venta-calzada-ermita-iztapalapa-1516-departamento-c301-san-miguel-iztapalapa--ciudad-de-mexico-cdmx-san-miguel-df-30427535#tipos=residencial-venta&area=df&pos=30,30498759.0,2063200.0,"Se vende departamento Calzada Ermita Iztapalapa 1516, Departamento C-301, San Miguel, Iztapalapa, Ciudad de México, CDMX, Colonia San Miguel, C.P. 09360",Departamento,"Iztapalapa, Ciudad de México",San Miguel,Miguel Hidalgo,9360.0,2.0,1.0,49.0,1.0,6.0,[],18920.0,19.411038,-99.185778,2025-11-30 05:14:40
https://propiedades.com/inmuebles/departamento-en-venta-san-simon-san-simon-tolnahuac-df-27388183#pagina=4&tipos=residencial-venta&area=df&pos=13,29782625.0,3337793.0,"Departamento en venta, San Simon, Colonia San Simón Tolnahuac, C.P. 06920",Departamento,Venta,San Simón Tolnahuac,Desconocida,6920.0,2.0,1.0,55.0,1.0,,[],19830.0,,,2025-11-30 05:15:29
https://propiedades.com/inmuebles/departamento-en-venta-departamento-con-amenidades-en-roma-norte-roma-norte-df-30115448#pagina=2&tipos=residencial-venta&area=df&pos=15,28979084.0,3803601.0,"Departamento en venta, DEPARTAMENTO CON AMENIDADES EN ROMA NORTE, Colonia Roma Norte, C.P. 06700",Departamento,,Roma Norte,Cuauhtémoc,6700.0,1.0,1.0,34.0,,1.0,['Cisterna'],54490.0,19.418323,-99.162565,2025-11-30 05:15:45
https://propiedades.com/inmuebles/casa-en-venta-ocotepec-san-jeronimo-lidice-df-30466580#pagina=17&tipos=residencial-venta&area=df&pos=10,30408093.0,8750000.0,"Se vende casa OCOTEPEC, Colonia San Jerónimo Lídice, C.P. 10200",Casa,,San Jerónimo Lídice,La Magdalena Contreras,10200.0,1.0,3.0,0.0,3.0,36.0,[],31770.0,19.326719,-99.22256,2025-11-30 05:16:01
https://propiedades.com/inmuebles/departamento-en-venta-peralvillo-127-peralvillo-morelos-cuauhtemoc-06200-ciudad-de-mexico-cdmx-127-morelos-df-30519206#pagina=7&tipos=residencial-venta&area=df&pos=14,30296886.0,1850000.0,"Departamento en venta, Peralvillo 127, Peralvillo, Morelos, Cuauhtémoc, 06200 Ciudad de México, CDMX #127Int. A-406, Colonia Morelos, C.P. 06200",Departamento,Venta,Morelos,Cuauhtémoc,6200.0,2.0,1.0,47.0,1.0,,[],14130.0,19.442908,-99.12802,2025-11-30 05:16:12
https://propiedades.com/inmuebles/departamento-en-venta-c-lago-zurich-243-amp-granada-miguel-hidalgo-11529-ciudad-de-mexico-cdmx-243-ampliacion-granada-df-30378668#pagina=7&tipos=residencial-venta&area=df&pos=26,30464650.0,8500000.0,"Departamento en venta, C. Lago Zurich 243, Amp Granada, Miguel Hidalgo, 11529 Ciudad de México, CDMX #243, Colonia Ampliación Granada, C.P. 11529",Departamento,Venta,Ampliación Granada,Miguel Hidalgo,11529.0,2.0,2.0,126.0,2.0,5.0,[],65250.0,19.442902,-99.201421,2025-11-30 05:16:27
https://propiedades.com/inmuebles/departamento-en-venta-c-mar-negro-tacuba-ciudad-de-mexico-cdmx-10-legaria-df-30363638#pagina=29&tipos=residencial-venta&area=df&pos=35,30361922.0,2381000.0,"Departamento en venta disponible en C. Mar Negro, Tacuba, Ciudad de México, CDMX #10Int. 301, Colonia Legaria, C.P. 11410",Departamento,"Tacuba, Ciudad de México",Legaria,Miguel Hidalgo,11410.0,2.0,1.0,69.0,1.0,20.0,['Cisterna'],18040.0,19.45825,-99.200172,2025-11-30 05:16:44
https://propiedades.com/inmuebles/departamento-en-venta-cda-de-avenida-toluca-30-olivar-de-los-padres-alvaro-obregon-01780-ciudad-de-mexico-cdmx-30-olivar-de-los-padres-df-30273101#pagina=8&tipos=residencial-venta&area=df&pos=40,30334893.0,3950000.0,"Departamento en venta, Cda. de Avenida Toluca 30, Olivar de los Padres, Álvaro Obregón, 01780 Ciudad de México, CDMX #30Int. 201A, Colonia Olivar de los Padres, C.P. 01780",Departamento,Venta,Olivar de los Padres,Álvaro Obregón,1780.0,2.0,3.0,110.0,2.0,10.0,"['Cisterna', 'Telefonía']",38570.0,19.337409,-99.219657,2025-11-30 05:16:58
https://propiedades.com/inmuebles/casa-en-venta-tablas-de-san-agustin-ciudad-de-mexico-cdmx-tablas-de-san-agustin-df-30541172#pagina=25&tipos=residencial-venta&area=df&pos=41,,11500000.0,"Casa disponible en venta en Tablas de San Agustín, Ciudad de México, CDMX, Colonia Tablas de San Agustín, C.P. 07860",Casa,,Tablas de San Agustín,Desconocida,7860.0,1.0,1.0,,,,[],17020.0,,,2025-11-30 05:17:15
https://propiedades.com/inmuebles/departamento-en-venta-santa-maria-la-ribera-df-30462844#pagina=15&tipos=residencial-venta&area=df&pos=37,30111526.0,3600000.0,"Departamento en venta, , Colonia Santa Maria La Ribera, C.P. 06400",Departamento,Venta,Santa Maria la Ribera,Desconocida,6400.0,2.0,1.0,40.0,2.0,,[],36890.0,,,2025-11-30 05:17:28
https://propiedades.com/inmuebles/casa-en-venta-sierra-amatepec-11000-ciudad-de-mexico-cdmx-lomas-de-chapultepec-v-seccion-df-30313426#pagina=34&tipos=residencial-venta&area=df&pos=30,28943766.0,29800000.0,"Se vende casa Sierra Amatepec, 11000 Ciudad de México, CDMX, Colonia Lomas de Chapultepec V Sección, C.P. 11000",Casa,,Lomas de Chapultepec V Sección,Miguel Hidalgo,11000.0,3.0,2.0,295.0,3.0,3.0,"['Cisterna', 'Telefonía']",66430.0,19.410697,-99.21981,2025-11-30 05:17:45
https://propiedades.com/inmuebles/departamento-en-venta-av-cuauhtemoc-doctores-df-29782596#pagina=4&tipos=residencial-venta&area=df&pos=9,30327543.0,2783000.0,"Se vende departamento Av. Cuauhtémoc, Colonia Doctores, C.P. 06720",Departamento,"Cuauhtémoc, Ciudad de México",Doctores,Cuauhtémoc,6720.0,1.0,1.0,0.0,,,[],20910.0,19.424928,-99.153709,2025-11-30 05:19:13
https://propiedades.com/inmuebles/departamento-en-venta-av-san-antonio-carola-df-30318425#pagina=7&tipos=residencial-venta&area=df&pos=16,30498644.0,2700000.0,"Se vende departamento Av. San Antonio, Colonia Carola, C.P. 01180",Departamento,"Col del Valle Centro, Ciudad de México",Carola,Desconocida,1180.0,1.0,1.0,0.0,1.0,5.0,[],35570.0,,,2025-11-30 05:19:31
https://propiedades.com/inmuebles/casa-en-venta-desiderio-pena-3-san-jeronimo-xochimilco-16420-ciudad-de-mexico-cdmx-3-san-jeronimo-df-30494365#pagina=27&tipos=residencial-venta&area=df&pos=11,30589591.0,4183000.0,"Casa disponible en venta en desiderio peña 3, San Jerónimo, Xochimilco, 16420 Ciudad de México, CDMX #3, Colonia San Jerónimo, C.P. 16420",Casa,Desiderio Peña 3,San Jerónimo,La Magdalena Contreras,16420.0,3.0,2.0,180.0,1.0,,[],31770.0,19.332053,-99.20824,2025-11-30 05:19:46
https://propiedades.com/inmuebles/departamento-en-venta-penthouse-con-roof-privado-en-roma-norte-roma-norte-df-30004584#pagina=6&tipos=residencial-venta&area=df&pos=8,29883961.0,18000000.0,"Se vende departamento PENTHOUSE CON ROOF PRIVADO EN ROMA NORTE, Colonia Roma Norte, C.P. 06700",Departamento,,Roma Norte,Cuauhtémoc,6700.0,2.0,2.0,197.0,2.0,1.0,['Cisterna'],54490.0,19.418323,-99.162565,2025-11-30 05:20:01
https://propiedades.com/inmuebles/departamento-en-venta-avenida-eugenia-1415-1415-del-valle-centro-df-30025617#pagina=10&tipos=residencial-venta&area=df&pos=39,28036344.0,5250000.0,"Departamento en venta, Avenida Eugenia 1415 #1415, Colonia Del Valle Centro, C.P. 03100",Departamento,Venta,Del Valle Centro,Benito Juárez,3100.0,2.0,3.0,148.0,2.0,,[],42630.0,19.386924,-99.163602,2025-11-30 05:20:19
https://propiedades.com/inmuebles/departamento-en-venta-blvd-adolfo-lopez-mateos-los-alpes-df-27431004#pagina=3&tipos=residencial-venta&area=df&pos=36,28589158.0,5440000.0,"Departamento disponible en venta en Blvd. Adolfo López Mateos, Colonia Los Alpes, C.P. 01010",Departamento,,Los Alpes,Álvaro Obregón,1010.0,1.0,1.0,0.0,1.0,,[],59230.0,19.359862,-99.193491,2025-11-30 05:20:39
https://propiedades.com/inmuebles/departamento-en-venta-calz-san-juan-de-aragon-544-torres-de-san-juan-jose-maria-morelos-y-pavon-ii-gustavo-a-madero-544-dm-nacional-df-30477673#pagina=10&tipos=residencial-venta&area=df&pos=9,30519206.0,1880000.0,"Venta de departamento Calz. San Juan de Aragón 544, Torres de San Juan, José María Morelos y Pavón II, Gustavo A. Madero, #544, Colonia DM Nacional, C.P. 07450",Departamento,,Dm Nacional,Gustavo A. Madero,7450.0,2.0,1.0,51.0,1.0,,['Telefonía'],19680.0,19.477867,-99.094982,2025-11-30 05:20:56
https://propiedades.com/inmuebles/departamento-en-venta-avenida-iztacalco-50-agricola-pantitlan-df-29500988#pagina=10&tipos=residencial-venta&area=df&pos=34,30435929.0,1762000.0,"Venta de departamento en Avenida Iztacalco #50, Colonia Agrícola Pantitlan, C.P. 08100",Departamento,"Iztacalco, Ciudad de México",Agrícola Pantitlan,Iztacalco,8100.0,2.0,1.0,50.0,1.0,1.0,[],16320.0,19.405797,-99.066372,2025-11-30 05:21:11
https://propiedades.com/inmuebles/casa-en-condominio-en-venta-condor-los-alpes-ciudad-de-mexico-cdmx-los-alpes-df-30372628#pagina=32&tipos=residencial-venta&area=df&pos=38,28457125.0,18500000.0,"Venta de casa en condominio Cóndor, Los Alpes, Ciudad de México, CDMX, Colonia Los Alpes, C.P. 01010",Casa,"Los Alpes, Ciudad de México",Los Alpes,Álvaro Obregón,1010.0,3.0,3.0,,,1.0,"['Cisterna', 'Telefonía']",,19.360346,-99.198706,2025-11-30 05:21:25
https://propiedades.com/inmuebles/departamento-en-venta-progreso-tizapan-df-27449308#pagina=23&tipos=residencial-venta&area=df&pos=17,28899126.0,4940000.0,"Venta de departamento en , Colonia Progreso Tizapan, C.P. 01080",Departamento,,Progreso Tizapan,Desconocida,1080.0,2.0,2.0,90.0,2.0,,[],39350.0,,,2025-11-30 05:21:40
https://propiedades.com/inmuebles/departamento-en-venta-avenida-ingeniero-eduardo-molina-vasco-de-quiroga-df-27775588#pagina=11&tipos=residencial-venta&area=df&pos=38,30400732.0,990000.0,"Se vende departamento Avenida Ingeniero Eduardo Molina, Colonia Vasco de Quiroga, C.P. 07440",Departamento,,Vasco de Quiroga,Desconocida,7440.0,2.0,1.0,58.0,1.0,,['Telefonía'],15450.0,,,2025-11-30 05:22:27
https://propiedades.com/inmuebles/departamento-en-venta-departamento-con-2-recamaras-y-terraza-230-roma-norte-df-28360264#pagina=2&tipos=residencial-venta&area=df&pos=18,28519493.0,9400000.0,"Departamento en venta, DEPARTAMENTO CON 2 RECAMARAS Y TERRAZA #230, Colonia Roma Norte, C.P. 06700",Departamento,Venta,Roma Norte,Cuauhtémoc,6700.0,2.0,2.0,5.0,1.0,1.0,['Cisterna'],54490.0,19.418323,-99.162565,2025-11-30 05:22:41
https://propiedades.com/inmuebles/departamento-en-venta-avenida-popocatepetl-santa-cruz-atoyac-df-29970400#pagina=23&tipos=residencial-venta&area=df&pos=30,28450435.0,6600000.0,"Departamento disponible en venta en avenida popocatepetl, Colonia Santa Cruz Atoyac, C.P. 03310",Departamento,Avenida Popocatepetl,Santa Cruz Atoyac,Desconocida,3310.0,2.0,3.0,0.0,2.0,13.0,[],45020.0,,,2025-11-30 05:23:01
https://propiedades.com/inmuebles/departamento-en-venta-calz-mexicotacuba-1523-argentina-poniente-miguel-hidalgo-11230-ciudad-de-mexico-cdmx-1523-argentina-poniente-df-30258711#pagina=8&tipos=residencial-venta&area=df&pos=29,30258694.0,2150000.0,"Departamento en venta, Calz México-Tacuba 1523, Argentina Poniente, Miguel Hidalgo, 11230 Ciudad de México, CDMX #1523, Colonia Argentina Poniente, C.P. 11230",Departamento,Venta,Argentina Poniente,Miguel Hidalgo,11230.0,2.0,1.0,48.0,1.0,23.0,"['Cisterna', 'Telefonía']",29350.0,19.458169,-99.207306,2025-11-30 05:23:16
https://propiedades.com/inmuebles/casa-en-venta-cerrada-de-la-iliada-lomas-axomiatla-df-30185839#pagina=31&tipos=residencial-venta&area=df&pos=43,29763889.0,17250000.0,"Se vende casa Cerrada de la Iliada, Colonia Lomas Axomiatla, C.P. 01820",Casa,,Lomas Axomiatla,Desconocida,1820.0,3.0,3.0,350.0,5.0,5.0,"['Cisterna', 'Telefonía']",31530.0,,,2025-11-30 05:23:31
https://propiedades.com/inmuebles/departamento-en-venta-av-jardin-257-col-del-gas-azcapotzalco-02970-ciudad-de-mexico-cdmx-257-ampliacion-del-gas-df-30508525#pagina=29&tipos=residencial-venta&area=df&pos=22,29091532.0,3147914.0,"Departamento en venta, Av. Jardín 257, Col del Gas, Azcapotzalco, 02970 Ciudad de México, CDMX #257, Colonia Ampliación Del Gas, C.P. 02970",Departamento,Venta,Ampliación del Gas,Azcapotzalco,2970.0,2.0,1.0,105.0,1.0,,[],35310.0,19.46666,-99.15693,2025-11-30 05:23:52
https://propiedades.com/inmuebles/casa-en-venta-privada-malitzin-29-del-carmen-df-30017712#pagina=22&tipos=residencial-venta&area=df&pos=2,,5945000.0,"Se vende casa en Privada Malitzín #29, Colonia Del Carmen, C.P. 04100",Casa,Privada Malitzín #29,Del Carmen,Desconocida,4100.0,3.0,3.0,,,30.0,['Cisterna'],38930.0,,,2025-11-30 05:24:07
https://propiedades.com/inmuebles/departamento-en-venta-amores-1116-col-del-valle-centro-benito-juarez-03100-ciudad-de-mexico-cdmx-1116-insurgentes-san-borja-df-30352999#pagina=33&tipos=residencial-venta&area=df&pos=28,30549001.0,4200000.0,"Venta de departamento Amores 1116, Col del Valle Centro, Benito Juárez, 03100 Ciudad de México, CDMX #1116, Colonia Insurgentes San Borja, C.P. 03100",Departamento,,Insurgentes San Borja,Benito Juárez,3100.0,3.0,3.0,179.0,2.0,,[],47820.0,19.383526,-99.174039,2025-11-30 05:24:24
https://propiedades.com/inmuebles/departamento-en-venta-av-pacifico-284-los-reyes-coyoacan-04330-ciudad-de-mexico-cdmx-284-pacifico-df-30407210#pagina=10&tipos=residencial-venta&area=df&pos=47,29470436.0,4200000.0,"Se vende departamento en Av Pacífico 284, Los Reyes, Coyoacán, 04330 Ciudad de México, CDMX #284, Colonia Pacifico, C.P. 04330",Departamento,Av Pacífico 284,Pacifico,Coyoacán,4330.0,3.0,3.0,,2.0,20.0,['Cisterna'],32220.0,19.343224,-99.155749,2025-11-30 05:24:40
https://propiedades.com/inmuebles/departamento-en-venta-la-morena-narvarte-poniente-df-27924996#pagina=5&tipos=residencial-venta&area=df&pos=33,29344381.0,8350000.0,"Departamento en venta disponible en La Morena, Colonia Narvarte Poniente, C.P. 03020",Departamento,,Narvarte Poniente,Benito Juárez,3020.0,1.0,2.0,116.0,2.0,,[],41310.0,19.392226,-99.157707,2025-11-30 05:24:52
https://propiedades.com/inmuebles/departamento-en-venta-anahuac-i-seccion-df-30555983#pagina=17&tipos=residencial-venta&area=df&pos=35,30287443.0,3778000.0,"Departamento en venta disponible en , Colonia Anahuac I Sección, C.P. 11320",Departamento,Disponible en,Anahuac I Sección,Miguel Hidalgo,11320.0,3.0,1.0,70.0,1.0,19.0,[],39760.0,19.407116,-99.190617,2025-11-30 05:25:30
https://propiedades.com/inmuebles/casa-en-venta-oriente-67-a-2842-ampliacion-asturias-df-29780896#pagina=11&tipos=residencial-venta&area=df&pos=19,,3990000.0,"Se vende casa ORIENTE 67 A #2842, Colonia Ampliación Asturias, C.P. 06890",Casa,,Ampliación Asturias,Desconocida,6890.0,5.0,1.0,,,47.0,[],28120.0,,,2025-11-30 05:25:44
https://propiedades.com/inmuebles/departamento-en-venta-desierto-de-los-leones-4526-4526-san-agustin-del-pueblo-tetelpan-df-29873654#pagina=14&tipos=residencial-venta&area=df&pos=21,27449523.0,4126000.0,"Venta de departamento en Desierto de los Leones 4526 #4526, Colonia San Agustín del Pueblo Tetelpan, C.P. 01700",Departamento,"Tetelpan, Ciudad de México",San Agustín del Pueblo Tetelpan,Desconocida,1700.0,3.0,2.0,86.0,2.0,1.0,[],46650.0,,,2025-11-30 05:26:00
https://propiedades.com/inmuebles/casa-en-venta-dr-atl-coapa-belisario-dominguez-14310-ciudad-de-mexico-cdmx-17-belisario-dominguez-df-30453237#pagina=27&tipos=residencial-venta&area=df&pos=16,30551352.0,7300000.0,"Se vende casa en Dr. Atl, Coapa, Belisario Domínguez, 14310 Ciudad de México, CDMX #17, Colonia Belisario Domínguez, C.P. 14310",Casa,Dr. Atl,Belisario Domínguez,Desconocida,14310.0,4.0,5.0,,,50.0,['Cisterna'],8930.0,,,2025-11-30 05:26:12
https://propiedades.com/inmuebles/departamento-en-venta-estrella-171-buenavista-cuauhtemoc-06350-ciudad-de-mexico-cdmx-171-buenavista-df-30519000#pagina=25&tipos=residencial-venta&area=df&pos=22,30290683.0,2410000.0,"Departamento en venta disponible en Estrella 171, Buenavista, Cuauhtémoc, 06350 Ciudad de México, CDMX #171, Colonia Buenavista, C.P. 06350",Departamento,Disponible en Estrella 171,Buenavista,Cuauhtémoc,6350.0,2.0,1.0,60.0,1.0,30.0,[],20920.0,19.446028,-99.151752,2025-11-30 05:26:26
https://propiedades.com/inmuebles/casa-en-venta-cerrillos-segunda-seccion-df-30555947#pagina=15&tipos=residencial-venta&area=df&pos=34,29407198.0,2700000.0,"Casa disponible en venta en , Colonia Cerrillos Segunda Sección, C.P. 16780",Casa,,Cerrillos Segunda Sección,Desconocida,16780.0,3.0,2.0,121.0,2.0,20.0,[],6660.0,,,2025-11-30 05:26:53
https://propiedades.com/inmuebles/casa-en-venta-cda-san-antonio-cd-de-los-deportes-ciudad-de-mexico-cdmx-sn-ciudad-de-los-deportes-df-30509054#pagina=12&tipos=residencial-venta&area=df&pos=17,29780908.0,15500000.0,"Casa en venta, Cda. San Antonio, Cd. de los Deportes, Ciudad de México, CDMX #s/n, Colonia Ciudad de los Deportes, C.P. 03710",Casa,"Cd. de los Deportes, Ciudad de México",Ciudad de los Deportes,Benito Juárez,3710.0,8.0,3.0,326.0,1.0,44.0,[],16290.0,19.382422,-99.17616,2025-11-30 05:27:12
https://propiedades.com/inmuebles/departamento-en-venta-zacatecas-4-roma-norte-df-28146397#pagina=31&tipos=residencial-venta&area=df&pos=11,30507396.0,6905787.0,"Se vende departamento Zacatecas #4, Colonia Roma Norte, C.P. 06700",Departamento,,Roma Norte,Cuauhtémoc,6700.0,3.0,2.0,0.0,2.0,1.0,[],54490.0,19.418323,-99.162565,2025-11-30 05:27:23
https://propiedades.com/inmuebles/casa-en-condominio-en-ambos-avenida-toluca-1083-san-jose-del-olivar-df-28970577#pagina=10&tipos=residencial-venta&area=df&pos=3,30390264.0,6400000.0,"Se vende casa en condominio en Avenida Toluca 1083, Colonia San José del Olivar, C.P. 01770",Casa,Avenida Toluca 1083,San José del Olivar,Desconocida,1770.0,3.0,2.0,,,45.0,"['Cisterna', 'Telefonía']",,,,2025-11-30 05:27:37
https://propiedades.com/inmuebles/casa-en-venta-col-del-valle-sur-03104-ciudad-de-mexico-cdmx-sn-del-valle-sur-df-30432675#pagina=30&tipos=residencial-venta&area=df&pos=15,30576473.0,12800000.0,"Venta de casa en Col del Valle Sur, 03104 Ciudad de México, CDMX #s/n, Colonia Del Valle Sur, C.P. 03104",Casa,Col del Valle Sur,Del Valle Sur,Benito Juárez,3104.0,3.0,2.0,122.0,3.0,,"['Cisterna', 'Telefonía', 'Aire acondicionado']",39090.0,19.389128,-99.175683,2025-11-30 05:27:56
https://propiedades.com/inmuebles/departamento-en-venta-monterrey-roma-sur-df-29714655#pagina=6&tipos=residencial-venta&area=df&pos=30,29008612.0,5073785.0,"Venta de departamento en Monterrey, Colonia Roma Sur, C.P. 06760",Departamento,Monterrey,Roma Sur,Cuauhtémoc,6760.0,2.0,2.0,0.0,,,[],54490.0,19.414367,-99.162995,2025-11-30 05:28:42
https://propiedades.com/inmuebles/departamento-en-venta-tenayuca-415-sta-cruz-atoyac-benito-juarez-03310-ciudad-de-mexico-cdmx-415-santa-cruz-atoyac-df-30508658#pagina=7&tipos=residencial-venta&area=df&pos=32,29782616.0,4700000.0,"Departamento disponible en venta en Tenayuca 415, Sta Cruz Atoyac, Benito Juárez, 03310 Ciudad de México, CDMX #415Int. 1001, Colonia Santa Cruz Atoyac, C.P. 03310",Departamento,Tenayuca 415,Santa Cruz Atoyac,Benito Juárez,3310.0,2.0,1.0,78.0,1.0,6.0,['Cisterna'],45020.0,19.369743,-99.160575,2025-11-30 05:29:00
https://propiedades.com/inmuebles/departamento-en-venta-bosque-de-tabachines-bosques-de-las-lomas-bosques-de-las-lomas-df-5662469#pagina=17&tipos=residencial-venta&area=df&pos=33,5310727.0,21000000.0,"Se vende departamento BOSQUE DE TABACHINES, BOSQUES DE LAS LOMAS, Colonia Bosques de las Lomas, C.P. 05120",Departamento,,Bosques de las Lomas,Cuajimalpa,5120.0,3.0,2.0,,4.0,21.0,[],46010.0,19.388115,-99.251801,2025-11-30 05:29:11
https://propiedades.com/inmuebles/departamento-en-venta-xochicalco-narvarte-poniente-df-30462828#pagina=15&tipos=residencial-venta&area=df&pos=46,26303882.0,3745718.0,"Departamento en venta disponible en Xochicalco, Colonia Narvarte Poniente, C.P. 03020",Departamento,Disponible en Xochicalco,Narvarte Poniente,Benito Juárez,3020.0,2.0,2.0,0.0,2.0,,[],41310.0,19.392226,-99.157707,2025-11-30 05:29:30
https://propiedades.com/inmuebles/casa-en-venta-fernandez-leal-71-la-concepcion-coyoacan-04020-ciudad-de-mexico-cdmx-71-barrio-la-concepcion-df-30570143#pagina=17&tipos=residencial-venta&area=df&pos=16,29725263.0,29000000.0,"Se vende casa en Fernández Leal 71, La Concepción, Coyoacán, 04020 Ciudad de México, CDMX #71, Colonia Barrio La Concepción, C.P. 04020",Casa,Fernández Leal 71,Barrio la Concepción,Coyoacán,4020.0,4.0,4.0,,,55.0,['Cisterna'],44430.0,19.345089,-99.159073,2025-11-30 05:29:46
https://propiedades.com/inmuebles/departamento-en-venta-perfiferico-sur-jardines-del-pedregal-df-30504495#pagina=17&tipos=residencial-venta&area=df&pos=7,27713768.0,14990000.0,"Venta de departamento PERFIFERICO SUR, Colonia Jardines del Pedregal, C.P. 01900",Departamento,,Jardines del Pedregal,Tlalpan,1900.0,3.0,3.0,0.0,3.0,,['Cisterna'],47970.0,19.2953,-99.209786,2025-11-30 05:29:57
https://propiedades.com/inmuebles/casa-en-venta-casa-en-condominio-con-roof-privado-en-condesa-condesa-df-29341494#pagina=3&tipos=residencial-venta&area=df&pos=19,26247935.0,11950000.0,"Venta de casa CASA EN CONDOMINIO CON ROOF PRIVADO EN CONDESA , Colonia Condesa, C.P. 06140",Casa,"Colonia Condesa, Ciudad de México",Condesa,Cuauhtémoc,6140.0,2.0,2.0,7.0,2.0,1.0,['Cisterna'],73470.0,19.414864,-99.176429,2025-11-30 05:30:15
https://propiedades.com/inmuebles/departamento-en-venta-departamento-con-2-recamaras-en-la-colonia-cuahtemoc-cuauhtemoc-df-30431465#pagina=31&tipos=residencial-venta&area=df&pos=19,30431499.0,9600000.0,"Venta departamento en DEPARTAMENTO CON 2 RECAMARAS EN LA COLONIA CUAHTEMOC , Colonia Cuauhtémoc, C.P. 06500",Departamento,,Cuauhtémoc,Cuauhtémoc,6500.0,2.0,2.0,133.0,2.0,1.0,['Cisterna'],60120.0,19.43263,-99.133178,2025-11-30 05:30:31
https://propiedades.com/inmuebles/departamento-en-venta-merced-gomez-df-30149591#pagina=26&tipos=residencial-venta&area=df&pos=32,30466612.0,5300000.0,"Departamento disponible en venta en , Colonia Merced Gómez, C.P. 03930",Departamento,,Merced Gómez,Álvaro Obregón,3930.0,3.0,2.0,112.0,2.0,14.0,[],43250.0,19.364683,-99.198554,2025-11-30 05:30:49
https://propiedades.com/inmuebles/departamento-en-venta-xola-318-318-del-valle-norte-df-29532442#pagina=11&tipos=residencial-venta&area=df&pos=3,27483422.0,4900000.0,"Departamento disponible en venta en Xola 318 #318, Colonia Del Valle Norte, C.P. 03103",Departamento,Xola 318 #318,Del Valle Norte,Benito Juárez,3103.0,3.0,1.0,135.0,3.0,,[],42630.0,19.373635,-99.157408,2025-11-30 05:31:05
https://propiedades.com/inmuebles/departamento-en-venta-napoles-df-30462845#pagina=15&tipos=residencial-venta&area=df&pos=6,30146141.0,5400000.0,"Departamento disponible en venta en , Colonia Napoles, C.P. 03810",Departamento,,Napoles,Desconocida,3810.0,2.0,2.0,91.0,1.0,,[],51830.0,,,2025-11-30 05:31:40
https://propiedades.com/inmuebles/casa-en-venta-av-san-buenaventura-140-club-de-golf-mexico-df-29830890#pagina=8&tipos=residencial-venta&area=df&pos=33,27607099.0,13995000.0,"Casa en venta disponible en Av San Buenaventura #140, Colonia Club de Golf México, C.P. 14620",Casa,,Club de Golf México,Desconocida,14620.0,2.0,3.0,,2.0,50.0,['Cisterna'],26350.0,,,2025-11-30 05:31:57
https://propiedades.com/inmuebles/departamento-en-venta-hidalgo-carolinas-df-30048692#pagina=14&tipos=residencial-venta&area=df&pos=32,30334903.0,1200000.0,"Se vende departamento en Hidalgo, Colonia Carolinas, C.P. 09850",Departamento,"Iztapalapa, Ciudad de México",Carolinas,Desconocida,9850.0,2.0,1.0,52.0,1.0,35.0,[],17570.0,,,2025-11-30 05:32:12
https://propiedades.com/inmuebles/departamento-en-venta-av-baja-california-roma-sur-df-30397319#pagina=18&tipos=residencial-venta&area=df&pos=10,30507396.0,6471700.0,"Departamento en venta disponible en Av. Baja California, Colonia Roma Sur, C.P. 06760",Departamento,Disponible en Av. Baja California,Roma Sur,Cuauhtémoc,6760.0,3.0,2.0,,2.0,,[],54490.0,19.405833,-99.163304,2025-11-30 05:32:26
https://propiedades.com/inmuebles/casa-en-venta-cerrada-13-adolfo-prieto-col-del-valle-centro-03100-ciudad-de-mexico-cdmx-del-valle-centro-df-30399733#pagina=9&tipos=residencial-venta&area=df&pos=14,30555987.0,9240000.0,"Casa en venta disponible en Cerrada 13 Adolfo Prieto, Col del Valle Centro, 03100 Ciudad de México, CDMX, Colonia Del Valle Centro, C.P. 03100",Casa,Cerrada 13 Adolfo Prieto,Del Valle Centro,Benito Juárez,3100.0,3.0,4.0,180.0,2.0,5.0,"['Cisterna', 'Telefonía']",39090.0,19.38032,-99.171119,2025-11-30 05:32:44
https://propiedades.com/inmuebles/departamento-en-venta-merced-gomez-merced-gomez-df-30453473#pagina=27&tipos=residencial-venta&area=df&pos=37,30252247.0,3401200.0,"Venta departamento en Merced Gómez, Colonia Merced Gómez, C.P. 01600",Departamento,,Merced Gómez,Álvaro Obregón,1600.0,1.0,1.0,60.0,1.0,1.0,[],45450.0,19.364683,-99.198554,2025-11-30 05:33:00
https://propiedades.com/inmuebles/departamento-en-venta-paseo-de-los-duraznos-paseos-de-taxquena-df-26975721#pagina=9&tipos=residencial-venta&area=df&pos=37,30541946.0,2050000.0,"Venta departamento en Paseo de Los Duraznos, Colonia Paseos de Taxqueña, C.P. 04250",Departamento,Paseo de Los Duraznos,Paseos de Taxqueña,Coyoacán,4250.0,2.0,1.0,,1.0,,['Cisterna'],19390.0,19.342995,-99.125237,2025-11-30 05:33:17
https://propiedades.com/inmuebles/casa-en-venta-arrayan-del-rincon-tlalpuente-df-28855465#pagina=15&tipos=residencial-venta&area=df&pos=47,,35000000.0,"Venta casa en Arrayan del Rincon, Colonia Tlalpuente, C.P. 14460",Casa,Arrayan del Rincon,Tlalpuente,Desconocida,14460.0,6.0,6.0,,,,[],5580.0,,,2025-11-30 05:33:34
https://propiedades.com/inmuebles/departamento-en-venta-c-dr-enrique-gonzalez-martinez-sta-maria-la-ribera-cuauhtemoc-06720-ciudad-de-mexico-cdmx-sn-doctores-df-30219824#pagina=30&tipos=residencial-venta&area=df&pos=34,28602247.0,4000000.0,"Departamento en venta disponible en C. Dr. Enrique González Martínez , Sta María la Ribera, Cuauhtémoc, 06720 Ciudad de México, CDMX #s/n, Colonia Doctores, C.P. 06720",Departamento,Disponible en C. Dr. Enrique González Martínez,Doctores,Cuauhtémoc,6720.0,2.0,2.0,100.0,1.0,1.0,"['Cisterna', 'Telefonía', 'Aire acondicionado']",20910.0,19.421442,-99.14322,2025-11-30 05:33:51
https://propiedades.com/inmuebles/departamento-en-venta-bosques-del-pedregal-df-30555948#pagina=23&tipos=residencial-venta&area=df&pos=19,30554564.0,3310000.0,"Venta de departamento en , Colonia Bosques del Pedregal, C.P. 14738",Departamento,,Bosques del Pedregal,Desconocida,14738.0,2.0,2.0,110.0,1.0,6.0,[],42190.0,,,2025-11-30 05:34:07
https://propiedades.com/inmuebles/departamento-en-venta-giotto-25-mixcoac-benito-juarez-03910-ciudad-de-mexico-cdmx-25-mixcoac-df-30439878#pagina=8&tipos=residencial-venta&area=df&pos=23,27477467.0,4200000.0,"Venta departamento en Giotto 25, Mixcoac, Benito Juárez, 03910 Ciudad de México, CDMX #25, Colonia Mixcoac, C.P. 03910",Departamento,Giotto 25,Mixcoac,Benito Juárez,3910.0,2.0,1.0,18.0,1.0,3.0,"['Cisterna', 'Telefonía']",38320.0,19.374968,-99.188888,2025-11-30 05:35:32
https://propiedades.com/inmuebles/casa-en-condominio-en-venta-valle-de-tepepan-ciudad-de-mexico-cdmx-valle-de-tepepan-df-30347714#pagina=8&tipos=residencial-venta&area=df&pos=2,30347805.0,8300000.0,"Casa en condominio en venta, Valle de Tepepan, Ciudad de México, CDMX, Colonia Valle de Tepepan, C.P. 14646",Casa,"Valle de Tepepan, Ciudad de México",Valle de Tepepan,Xochimilco,14646.0,2.0,4.0,279.0,4.0,,"['Cisterna', 'Telefonía']",,19.263361,-99.104738,2025-11-30 05:35:45
https://propiedades.com/inmuebles/casa-en-venta-coapa-193-193-toriello-guerra-df-30044277#pagina=10&tipos=residencial-venta&area=df&pos=23,,23000000.0,"Se vende casa Coapa 193 #193, Colonia Toriello Guerra, C.P. 14050",Casa,,Toriello Guerra,Desconocida,14050.0,3.0,2.0,,,90.0,[],29310.0,,,2025-11-30 05:36:02
https://propiedades.com/inmuebles/departamento-en-venta-xochicalco-30-piedad-narvarte-benito-juarez-03000-ciudad-de-mexico-cdmx-piedad-narvarte-df-30334167#pagina=2&tipos=residencial-venta&area=df&pos=34,30327427.0,3348770.0,"Venta de departamento en Xochicalco 30, Piedad Narvarte, Benito Juárez, 03000 Ciudad de México, CDMX, Colonia Piedad Narvarte, C.P. 03000",Departamento,Xochicalco 30,Piedad Narvarte,Benito Juárez,3000.0,1.0,1.0,42.0,,1.0,[],41310.0,19.400074,-99.153402,2025-11-30 05:36:17
https://propiedades.com/inmuebles/departamento-en-venta-lafragua-15-cuauhtemoc-06030-ciudad-de-mexico-cdmx-15-tabacalera-df-30390116#pagina=7&tipos=residencial-venta&area=df&pos=40,26247930.0,8000000.0,"Departamento disponible en venta en Lafragua 15, Cuauhtémoc, 06030 Ciudad de México, CDMX #15, Colonia Tabacalera, C.P. 06030",Departamento,Lafragua 15,Tabacalera,Cuauhtémoc,6030.0,1.0,2.0,85.0,1.0,1.0,[],61480.0,19.434696,-99.153313,2025-11-30 05:36:33
https://propiedades.com/inmuebles/departamento-en-venta-avenida-lazaro-cardenas-y-universidad-narvarte-poniente-df-26128489#pagina=22&tipos=residencial-venta&area=df&pos=6,29887284.0,4674819.0,"Departamento en venta, AVENIDA LAZARO CARDENAS Y UNIVERSIDAD, Colonia Narvarte Poniente, C.P. 03020",Departamento,"Narvarte Poniente, Ciudad de México",Narvarte Poniente,Benito Juárez,3020.0,2.0,2.0,0.0,1.0,,[],41310.0,19.389297,-99.16122,2025-11-30 05:36:49
https://propiedades.com/inmuebles/departamento-en-venta-calz-de-tlalpan-2603-xotepingo-coyoacan-04610-ciudad-de-mexico-cdmx-2603-xotepingo-df-30464490#pagina=8&tipos=residencial-venta&area=df&pos=16,30390372.0,2700000.0,"Venta departamento en Calz. de Tlalpan 2603, Xotepingo, Coyoacán, 04610 Ciudad de México, CDMX #2603, Colonia Xotepingo, C.P. 04610",Departamento,Calzada de Tlalpan 2603,Xotepingo,Coyoacán,4610.0,3.0,1.0,43.0,1.0,37.0,[],40950.0,19.33189,-99.140832,2025-11-30 05:37:03
https://propiedades.com/inmuebles/departamento-en-venta-av-cafetales-1809-coapa-hacienda-de-coyoacan-coyoacan-04970-ciudad-de-mexico-cdmx-1809-haciendas-de-coyoacan-df-30435343#pagina=32&tipos=residencial-venta&area=df&pos=43,30327399.0,4660550.0,"Departamento en venta, Av. Cafetales 1809, Coapa, Hacienda de Coyoacán, Coyoacán, 04970 Ciudad de México, CDMX #1809, Colonia Haciendas de Coyoacán, C.P. 04970",Departamento,Venta,Haciendas de Coyoacán,Coyoacán,4970.0,2.0,1.0,57.0,1.0,,[],18040.0,19.349861,-99.161975,2025-11-30 05:37:17
https://propiedades.com/inmuebles/casa-en-venta-carlos-david-anderson-12-culhuacan-iztapalapa-09790-ciudad-de-mexico-cdmx-12-san-lorenzo-tezonco-df-30494593#pagina=25&tipos=residencial-venta&area=df&pos=12,30378500.0,8624000.0,"Se vende casa Carlos David Anderson 12, Culhuacan, Iztapalapa, 09790 Ciudad de México, CDMX #12, Colonia San Lorenzo Tezonco, C.P. 09790",Casa,,San Lorenzo Tezonco,Iztapalapa,9790.0,4.0,3.0,227.0,1.0,,[],6770.0,19.310251,-99.068402,2025-11-30 05:37:32
https://propiedades.com/inmuebles/departamento-en-venta-c-dr-jose-maria-vertiz-184depto-404-edif-a-doctores-cuauhtemoc-06720-ciudad-de-mexico-cdmx-184-doctores-df-30576670#pagina=14&tipos=residencial-venta&area=df&pos=41,30534255.0,3537500.0,"Departamento en venta disponible en C. Dr. José María Vértiz 184-depto 404 edif a, Doctores, Cuauhtémoc, 06720 Ciudad de México, CDMX #184, Colonia Doctores, C.P. 06720",Departamento,Disponible en C. Dr. José María Vértiz 184-depto 404 Edif A,Doctores,Cuauhtémoc,6720.0,2.0,2.0,70.0,1.0,3.0,['Cisterna'],20910.0,19.421442,-99.14322,2025-11-30 05:37:48
https://propiedades.com/inmuebles/departamento-en-venta-cda-borodin-3-vallejo-gustavo-a-madero-07870-ciudad-de-mexico-cdmx-3-vallejo-df-27530223#pagina=22&tipos=residencial-venta&area=df&pos=38,30477282.0,1302875.0,"Departamento disponible en venta en Cda. Borodin 3, Vallejo, Gustavo A. Madero, 07870 Ciudad de México, CDMX #3, Colonia Vallejo, C.P. 07870",Departamento,Cda. Borodin 3,Vallejo,Gustavo A. Madero,7870.0,2.0,1.0,,1.0,,['Cisterna'],18210.0,19.496707,-99.149552,2025-11-30 05:38:20
https://propiedades.com/inmuebles/departamento-en-venta-santa-maria-la-ribera-df-30519889#pagina=17&tipos=residencial-venta&area=df&pos=23,30396428.0,3530000.0,"Venta de departamento en , Colonia Santa Maria La Ribera, C.P. 06400",Departamento,,Santa Maria la Ribera,Desconocida,6400.0,2.0,2.0,68.0,1.0,11.0,[],36890.0,,,2025-11-30 05:38:35
https://propiedades.com/inmuebles/departamento-en-venta-mellado-51-valle-gomez-cuauhtemoc-06240-ciudad-de-mexico-cdmx-51-valle-gomez-df-30576672#pagina=14&tipos=residencial-venta&area=df&pos=44,30334897.0,1580000.0,"Departamento en venta disponible en Mellado 51, Valle Gómez, Cuauhtémoc, 06240 Ciudad de México, CDMX #51, Colonia Valle Gómez, C.P. 06240",Departamento,Disponible en Mellado 51,Valle Gómez,Cuauhtémoc,6240.0,2.0,1.0,42.0,,10.0,['Cisterna'],25030.0,19.458629,-99.125247,2025-11-30 05:38:46
https://propiedades.com/inmuebles/departamento-en-venta-canal-de-miramontes-2998-2998-los-girasoles-df-30172902#pagina=12&tipos=residencial-venta&area=df&pos=27,30598014.0,3550000.0,"Departamento en venta disponible en Canal de Miramontes 2998 #2998, Colonia Los Girasoles, C.P. 04920",Departamento,Disponible en Canal de Miramontes 2998 #2998,Los Girasoles,Desconocida,4920.0,2.0,1.0,45.0,1.0,5.0,"['Cisterna', 'Telefonía']",18360.0,,,2025-11-30 05:38:59
https://propiedades.com/inmuebles/casa-en-venta-paseo-de-los-ahuehuetes-lomas-de-bezares-df-24970060#pagina=4&tipos=residencial-venta&area=df&pos=4,29869550.0,2000000.0,"Venta de casa en Paseo de los Ahuehuetes, Colonia Lomas de Bezares, C.P. 11910",Casa,"Bosque de las Lomas, Ciudad de México",Lomas de Bezares,Desconocida,11910.0,4.0,3.0,0.0,6.0,,[],47970.0,,,2025-11-30 05:39:13
https://propiedades.com/inmuebles/departamento-en-venta-calz-mexicotacuba-argentina-poniente-ciudad-de-mexico-cdmx-1526-argentina-poniente-df-28894539#pagina=11&tipos=residencial-venta&area=df&pos=36,30201961.0,1850000.0,"Departamento en venta, Calz México-Tacuba, Argentina Poniente, Ciudad de México, CDMX #1526, Colonia Argentina Poniente, C.P. 11230",Departamento,"Argentina Poniente, Ciudad de México",Argentina Poniente,Desconocida,11230.0,2.0,1.0,52.0,0.0,20.0,"['Cisterna', 'Telefonía']",29350.0,,,2025-11-30 05:39:27
https://propiedades.com/inmuebles/departamento-en-venta-el-rosedal-04330-ciudad-de-mexico-cdmx-sn-rosedal-df-30390372#pagina=33&tipos=residencial-venta&area=df&pos=18,30464490.0,2650000.0,"Venta de departamento en El Rosedal, 04330 Ciudad de México, CDMX #s/n, Colonia Rosedal, C.P. 04330",Departamento,El Rosedal,Rosedal,Desconocida,4330.0,2.0,1.0,,1.0,40.0,"['Cisterna', 'Telefonía']",32110.0,,,2025-11-30 05:39:42
https://propiedades.com/inmuebles/departamento-en-venta-san-felipe-85-xoco-df-30527805#pagina=7&tipos=residencial-venta&area=df&pos=43,29216399.0,7300000.0,"Venta departamento en San Felipe #85, Colonia Xoco, C.P. 03330",Departamento,San Felipe #85,Xoco,Desconocida,3330.0,3.0,2.0,72.0,2.0,9.0,[],51810.0,,,2025-11-30 05:39:59
https://propiedades.com/inmuebles/departamento-en-venta-santa-maria-nonoalco-df-27483939#pagina=23&tipos=residencial-venta&area=df&pos=5,29928966.0,6500000.0,"Se vende departamento en , Colonia Santa Maria Nonoalco, C.P. 03700",Departamento,"03700, Ciudad de México",Santa Maria Nonoalco,Desconocida,3700.0,2.0,2.0,142.0,2.0,,[],43230.0,,,2025-11-30 05:40:19
https://propiedades.com/inmuebles/departamento-en-venta-luis-garcia-250-zona-urbana-ejidal-santa-martha-acatitla-sur-iztapalapa-09970-ciudad-de-mexico-c-250-valle-de-san-lorenzo-df-30359834#pagina=33&tipos=residencial-venta&area=df&pos=40,30359840.0,462000.0,"Departamento en venta disponible en Luis García 250, Zona Urbana Ejidal Santa Martha Acatitla Sur, Iztapalapa, 09970 Ciudad de México, C #250, Colonia Valle de San Lorenzo, C.P. 09970",Departamento,Disponible en Luis García 250,Valle de San Lorenzo,Iztapalapa,9970.0,2.0,1.0,,,,[],11490.0,19.299241,-99.078326,2025-11-30 05:40:37
https://propiedades.com/inmuebles/casa-en-venta-av-527-34-san-juan-de-aragon-i-secc-gustavo-a-madero-07969-ciudad-de-mexico-cdmx-34-san-juan-de-aragon-i-seccion-df-30490571#pagina=24&tipos=residencial-venta&area=df&pos=43,30435907.0,7500000.0,"Casa en venta disponible en Av. 527 34, San Juan de Aragón I Secc, Gustavo A. Madero, 07969 Ciudad de México, CDMX #34, Colonia San Juan de Aragón I Sección, C.P. 07969",Casa,Avenida 527 34,San Juan de Aragón I Sección,Gustavo A. Madero,7969.0,3.0,4.0,,,22.0,"['Cisterna', 'Telefonía', 'Aire acondicionado']",15080.0,19.46061,-99.089386,2025-11-30 05:41:36
https://propiedades.com/inmuebles/casa-en-venta-tehuantepec-roma-sur-df-29746162#pagina=16&tipos=residencial-venta&area=df&pos=30,30536004.0,26990000.0,"Se vende casa TEHUANTEPEC, Colonia Roma Sur, C.P. 06760",Casa,,Roma Sur,Cuauhtémoc,6760.0,4.0,5.0,0.0,3.0,,[],,19.405833,-99.163304,2025-11-30 05:41:50
https://propiedades.com/inmuebles/departamento-en-venta-san-borja-912-del-valle-centro-df-28023464#pagina=24&tipos=residencial-venta&area=df&pos=26,30167759.0,6500000.0,"Se vende departamento San Borja #912, Colonia Del Valle Centro, C.P. 03100",Departamento,,Del Valle Centro,Benito Juárez,3100.0,3.0,3.0,0.0,1.0,52.0,[],42630.0,19.386924,-99.163602,2025-11-30 05:42:07
https://propiedades.com/inmuebles/departamento-en-venta-col-del-valle-nte-03103-ciudad-de-mexico-cdmx-del-valle-norte-df-30167759#pagina=11&tipos=residencial-venta&area=df&pos=20,28023464.0,6000000.0,"Departamento en venta, Col del Valle Nte, 03103 Ciudad de México, CDMX, Colonia Del Valle Norte, C.P. 03103",Departamento,Venta,Del Valle Norte,Benito Juárez,3103.0,2.0,3.0,164.0,2.0,45.0,['Telefonía'],42630.0,19.373635,-99.157408,2025-11-30 05:42:20
https://propiedades.com/inmuebles/casa-en-venta-paranagua-217-san-pedro-zacatenco-gustavo-a-madero-07369-ciudad-de-mexico-cdmx-sn-residencial-zacatenco-df-30435626#pagina=35&tipos=residencial-venta&area=df&pos=11,29060082.0,3500000.0,"Se vende casa en Paranagua 217, San Pedro Zacatenco, Gustavo A. Madero, 07369 Ciudad de México, CDMX #s/n, Colonia Residencial Zacatenco, C.P. 07369",Casa,Paranagua 217,Residencial Zacatenco,Gustavo A. Madero,7369.0,4.0,5.0,,,10.0,[],17960.0,19.504081,-99.126948,2025-11-30 05:42:35
https://propiedades.com/inmuebles/departamento-en-venta-av-santa-fe-santa-fe-cuajimalpa-cuajimalpa-de-morelos-05348-ciudad-de-mexico-cdmx-546-santa-fe-cuajimalpa-df-30319636#pagina=33&tipos=residencial-venta&area=df&pos=16,,16301312.0,"Venta de departamento Av. Santa Fe, Santa Fe, Cuajimalpa, Cuajimalpa de Morelos, 05348 Ciudad de México, CDMX #546, Colonia Santa Fe Cuajimalpa, C.P. 05348",Departamento,,Santa Fe Cuajimalpa,Cuajimalpa,5348.0,2.0,2.0,,,,['Telefonía'],52900.0,19.358168,-99.272261,2025-11-30 05:43:04
https://propiedades.com/inmuebles/departamento-en-venta-departamento-con-amenidades-en-periferico-sur-merced-gomez-lomas-de-plateros-df-30317878#pagina=6&tipos=residencial-venta&area=df&pos=9,30553759.0,4698000.0,"Venta departamento en DEPARTAMENTO CON AMENIDADES EN PERIFERICO SUR MERCED GOMEZ, Colonia Lomas de Plateros, C.P. 01480",Departamento,Departamento CON Amenidades EN Periferico Sur Merced Gomez,Lomas de Plateros,Desconocida,1480.0,2.0,2.0,,1.0,1.0,['Cisterna'],18610.0,,,2025-11-30 05:43:17
https://propiedades.com/inmuebles/departamento-en-venta-avenida-mexico-359-359-manzanastitla-df-28072809#pagina=3&tipos=residencial-venta&area=df&pos=6,29115582.0,4100000.0,"Venta departamento en Avenida Mexico 359 #359, Colonia Manzanastitla, C.P. 05270",Departamento,"Av. México 359 Cuajimalpa de Morelos, Ciudad de México",Manzanastitla,Desconocida,5270.0,2.0,2.0,,2.0,7.0,"['Cisterna', 'Telefonía']",38150.0,,,2025-11-30 05:43:31
https://propiedades.com/inmuebles/departamento-en-venta-cerrada-tajin-17-17-residencial-emperadores-df-27385843#pagina=8&tipos=residencial-venta&area=df&pos=15,30462835.0,4700000.0,"Departamento en venta, Cerrada Tajin 17 #17, Colonia Residencial Emperadores, C.P. 03320",Departamento,,Residencial Emperadores,Desconocida,3320.0,2.0,2.0,93.0,2.0,,[],34140.0,,,2025-11-30 05:43:44
https://propiedades.com/inmuebles/departamento-en-venta-san-pedro-de-los-pinos-df-30555962#pagina=18&tipos=residencial-venta&area=df&pos=39,27722557.0,3593000.0,"Departamento disponible en venta en , Colonia San Pedro de los Pinos, C.P. 03800",Departamento,,San Pedro de los Pinos,Desconocida,3800.0,2.0,1.0,63.0,1.0,,[],39790.0,,,2025-11-30 05:44:00
https://propiedades.com/inmuebles/casa-en-venta-fuente-de-los-deseos-46-fuentes-del-pedregal-tlalpan-14140-ciudad-de-mexico-cdmx-46-fuentes-del-pedregal-df-30435218#pagina=31&tipos=residencial-venta&area=df&pos=40,30533963.0,13500000.0,"Se vende casa Fuente de Los Deseos 46, Fuentes del Pedregal, Tlalpan, 14140 Ciudad de México, CDMX #46, Colonia Fuentes del Pedregal, C.P. 14140",Casa,,Fuentes del Pedregal,Tlalpan,14140.0,4.0,3.0,329.0,3.0,,['Telefonía'],27820.0,19.306339,-99.225903,2025-11-30 05:44:37
https://propiedades.com/inmuebles/departamento-en-venta-bretana-zacahuitzco-df-28909310#pagina=3&tipos=residencial-venta&area=df&pos=41,30334082.0,3059149.0,"Venta de departamento en Bretaña, Colonia Zacahuitzco, C.P. 03550",Departamento,Bretaña,Zacahuitzco,Desconocida,3550.0,2.0,2.0,48.0,1.0,,[],44200.0,,,2025-11-30 05:44:52
https://propiedades.com/inmuebles/departamento-en-venta-atenor-salas-ciudad-de-mexico-cdmx-49-atenor-salas-df-30528862#pagina=8&tipos=residencial-venta&area=df&pos=8,30486223.0,3890000.0,"Venta de departamento Atenor Salas, Ciudad de México, CDMX #49Int. 301, Colonia Atenor Salas, C.P. 03010",Departamento,,Atenor Salas,Desconocida,3010.0,2.0,2.0,100.0,2.0,13.0,[],39000.0,,,2025-11-30 05:45:04
https://propiedades.com/inmuebles/departamento-en-venta-basopas-el-caracol-ciudad-de-mexico-cdmx-65-el-caracol-df-30435226#pagina=12&tipos=residencial-venta&area=df&pos=7,30396308.0,2980000.0,"Departamento en venta, Basopas, El Caracol, Ciudad de México, CDMX #65, Colonia El Caracol, C.P. 04739",Departamento,"El Caracol, Ciudad de México",El Caracol,Desconocida,4739.0,2.0,1.0,,1.0,6.0,[],31870.0,,,2025-11-30 05:45:17
https://propiedades.com/inmuebles/departamento-en-venta-penthouse-con-roof-privado-en-la-colonia-cuauhtemoc-tabacalera-df-30519202#pagina=26&tipos=residencial-venta&area=df&pos=3,30296817.0,11247600.0,"Venta de departamento en PENTHOUSE CON ROOF PRIVADO EN LA COLONIA CUAUHTEMOC, Colonia Tabacalera, C.P. 06030",Departamento,,Tabacalera,Desconocida,6030.0,2.0,2.0,82.0,2.0,1.0,['Cisterna'],61480.0,,,2025-11-30 05:45:31
https://propiedades.com/inmuebles/casa-en-venta-cumbres-de-acultzingo-lomas-altas-ciudad-de-mexico-cdmx-lomas-altas-df-30464444#pagina=7&tipos=residencial-venta&area=df&pos=5,30506536.0,18850000.0,"Casa en venta disponible en Cumbres de Acultzingo, Lomas Altas, Ciudad de México, CDMX, Colonia Lomas Altas, C.P. 11950",Casa,"Lomas Altas, Ciudad de México",Lomas Altas,Desconocida,11950.0,3.0,3.0,10.0,4.0,38.0,['Cisterna'],33550.0,,,2025-11-30 05:45:48
https://propiedades.com/inmuebles/casa-en-venta-bosque-de-hayas-bosque-de-las-lomas-df-30050120#pagina=18&tipos=residencial-venta&area=df&pos=41,28835706.0,59000000.0,"Venta de casa en Bosque de Hayas, Colonia Bosque de las Lomas, C.P. 11700",Casa,Bosque de Hayas,Bosque de las Lomas,Cuajimalpa,11700.0,4.0,6.0,0.0,4.0,7.0,[],42970.0,19.400533,-99.240839,2025-11-30 05:46:04
https://propiedades.com/inmuebles/departamento-en-venta-lago-mask-granada-df-10462274#pagina=18&tipos=residencial-venta&area=df&pos=21,30560891.0,5885000.0,"Departamento disponible en venta en LAGO MASK, Colonia Granada, C.P. 11520",Departamento,"situado en Nuevo Polanco, Ciudad de México",Granada,Desconocida,11520.0,3.0,2.0,0.0,1.0,,[],65250.0,,,2025-11-30 05:46:22
https://propiedades.com/inmuebles/departamento-en-venta-privcervantes-17-granada-miguel-hidalgo-11529-ciudad-de-mexico-cdmx-17-ampliacion-granada-df-30230162#pagina=33&tipos=residencial-venta&area=df&pos=2,30378668.0,9000000.0,"Venta de departamento en Priv.cervantes 17, Granada, Miguel Hidalgo, 11529 Ciudad de México, CDMX #17, Colonia Ampliación Granada, C.P. 11529",Departamento,Priv.cervantes 17,Ampliación Granada,Miguel Hidalgo,11529.0,2.0,2.0,126.0,,1.0,[],65250.0,19.442902,-99.201421,2025-11-30 05:46:40
https://propiedades.com/inmuebles/departamento-en-venta-xola-narvarte-poniente-ciudad-de-mexico-cdmx-narvarte-poniente-df-30427317#pagina=31&tipos=residencial-venta&area=df&pos=2,30519220.0,4800000.0,"Se vende departamento en Xola, Narvarte Poniente, Ciudad de México, CDMX, Colonia Narvarte Poniente, C.P. 03020",Departamento,"Narvarte Poniente, Ciudad de México",Narvarte Poniente,Benito Juárez,3020.0,2.0,2.0,70.0,2.0,8.0,['Cisterna'],41310.0,19.389297,-99.16122,2025-11-30 05:46:53
https://propiedades.com/inmuebles/departamento-en-venta-av-marina-nacional-370-anzures-df-30289166#pagina=5&tipos=residencial-venta&area=df&pos=39,29695601.0,4100000.0,"Venta de departamento en Av. Marina Nacional #370, Colonia Anzures, C.P. 11590",Departamento,,Anzures,Miguel Hidalgo,11590.0,2.0,2.0,60.0,1.0,,[],48270.0,19.432097,-99.177165,2025-11-30 05:47:36
https://propiedades.com/inmuebles/departamento-en-venta-rebsamen-narvarte-oriente-df-28767154#pagina=21&tipos=residencial-venta&area=df&pos=8,27477553.0,9900000.0,"Venta departamento en Rebsamen, Colonia Narvarte Oriente, C.P. 03023",Departamento,"Narvarte Poniente, Ciudad de México",Narvarte Oriente,Benito Juárez,3023.0,3.0,2.0,272.0,2.0,5.0,[],41310.0,19.389297,-99.16122,2025-11-30 05:47:50
https://propiedades.com/inmuebles/casa-en-venta-managua-907-907-lindavista-norte-df-29801958#pagina=32&tipos=residencial-venta&area=df&pos=20,30471300.0,9500000.0,"Casa disponible en venta en Managua 907 #907, Colonia Lindavista Norte, C.P. 07300",Casa,Av. Lindavista y,Lindavista Norte,Gustavo A. Madero,7300.0,2.0,3.0,,,50.0,['Cisterna'],22480.0,19.506562,-99.146881,2025-11-30 05:48:02
https://propiedades.com/inmuebles/departamento-en-venta-santa-maria-la-ribera-df-30462847#pagina=16&tipos=residencial-venta&area=df&pos=3,30404350.0,1780000.0,"Departamento en venta, , Colonia Santa Maria La Ribera, C.P. 06400",Departamento,Venta,Santa Maria la Ribera,Desconocida,6400.0,2.0,1.0,0.0,1.0,25.0,[],36890.0,,,2025-11-30 05:48:18
https://propiedades.com/inmuebles/departamento-en-venta-eje-central-lazaro-cardenas-centro-area-4-df-21740469#pagina=5&tipos=residencial-venta&area=df&pos=36,30085973.0,2233255.0,"Venta departamento en Eje central Lázaro Cárdenas, Colonia Centro (Área 4), C.P. 06040",Departamento,,Centro (área 4),Cuauhtémoc,6040.0,2.0,1.0,0.0,2.0,,[],36970.0,19.43263,-99.133178,2025-11-30 05:48:35
https://propiedades.com/inmuebles/casa-en-venta-huipulco-ciudad-de-mexico-cdmx-sn-san-lorenzo-huipulco-df-30553547#pagina=26&tipos=residencial-venta&area=df&pos=43,28522418.0,5980000.0,"Venta casa en Huipulco, Ciudad de México, CDMX #s/n, Colonia San Lorenzo Huipulco, C.P. 14370",Casa,,San Lorenzo Huipulco,Desconocida,14370.0,3.0,3.0,216.0,3.0,,['Cisterna'],24140.0,,,2025-11-30 05:48:51
https://propiedades.com/inmuebles/departamento-en-venta-calzada-de-tlalpan-nativitas-df-29547962#pagina=5&tipos=residencial-venta&area=df&pos=21,29082602.0,4967837.0,"Se vende departamento en Calzada de Tlalpan, Colonia Nativitas, C.P. 03500",Departamento,"Nativitas, Ciudad de México",Nativitas,Tlalpan,3500.0,2.0,2.0,0.0,1.0,,[],41860.0,19.379394,-99.1402,2025-11-30 05:49:05
https://propiedades.com/inmuebles/departamento-en-venta-condesa-df-30535557#pagina=15&tipos=residencial-venta&area=df&pos=12,30509729.0,8000000.0,"Se vende departamento , Colonia Condesa, C.P. 06140",Departamento,,Condesa,Cuauhtémoc,6140.0,2.0,3.0,98.0,1.0,,[],62600.0,19.414864,-99.176429,2025-11-30 05:49:21
https://propiedades.com/inmuebles/casa-en-venta-loma-bonita-san-jeronimo-lidice-df-30466630#pagina=16&tipos=residencial-venta&area=df&pos=41,30465626.0,8900000.0,"Venta de casa en LOMA BONITA, Colonia San Jerónimo Lídice, C.P. 10200",Casa,"La Magdalena Contreras, Ciudad de México",San Jerónimo Lídice,La Magdalena Contreras,10200.0,3.0,3.0,173.0,2.0,17.0,[],31770.0,19.319043,-99.223471,2025-11-30 05:49:36
https://propiedades.com/inmuebles/departamento-en-venta-manuel-gonzalez-246-san-simon-tolnahuac-cuauhtemoc-06900-ciudad-de-mexico-cdmx-246-nonoalco-tlatelolco-df-30435266#pagina=31&tipos=residencial-venta&area=df&pos=31,30494836.0,2072394.0,"Venta de departamento Manuel Gonzalez 246, San Simón Tolnahuac, Cuauhtémoc, 06900 Ciudad de México, CDMX #246, Colonia Nonoalco Tlatelolco, C.P. 06900",Departamento,,Nonoalco Tlatelolco,Cuauhtémoc,6900.0,2.0,1.0,,1.0,,[],17990.0,19.453077,-99.140852,2025-11-30 05:49:51
https://propiedades.com/inmuebles/departamento-en-venta-calz-vallejo-1268-torre-5-depto-204-santa-rosa-gustavo-a-madero-cdmx-cp-07620-santa-rosa-df-29686340#tipos=residencial-venta&area=df&pos=14,30511923.0,1514000.0,"Venta departamento en Calz Vallejo 1268 Torre 5 Depto 204, Santa Rosa, Gustavo A Madero, CDMX, C.P. 07620, Colonia Santa Rosa, C.P. 07620",Departamento,,Santa Rosa,Desconocida,7620.0,2.0,1.0,51.0,,20.0,['Cisterna'],19020.0,,,2025-11-30 05:51:22
https://propiedades.com/inmuebles/departamento-en-venta-mellado-51-51-valle-gomez-df-30096819#pagina=7&tipos=residencial-venta&area=df&pos=8,30334897.0,1748000.0,"Departamento disponible en venta en Mellado 51 #51, Colonia Valle Gómez, C.P. 06240",Departamento,"Cuauhtémoc, Ciudad de México",Valle Gómez,Desconocida,6240.0,2.0,1.0,42.0,1.0,7.0,[],25030.0,,,2025-11-30 05:51:38
https://propiedades.com/inmuebles/departamento-en-venta-anaxagoras-col-del-valle-centro-ciudad-de-mexico-cdmx-del-valle-centro-df-30237811#pagina=33&tipos=residencial-venta&area=df&pos=6,30498644.0,2600000.0,"Departamento disponible en venta en Anaxágoras, Col del Valle Centro, Ciudad de México, CDMX, Colonia Del Valle Centro, C.P. 03100",Departamento,"Col del Valle Centro, Ciudad de México",Del Valle Centro,Benito Juárez,3100.0,1.0,1.0,,1.0,,['Cisterna'],42630.0,19.386924,-99.163602,2025-11-30 05:51:53
https://propiedades.com/inmuebles/casa-en-venta-c-cerro-zacayuca-campestre-churubusco-04200-ciudad-de-mexico-cdmx-sn-campestre-churubusco-df-30541924#pagina=7&tipos=residencial-venta&area=df&pos=25,28194513.0,9331000.0,"Venta casa en C. Cerro Zacayuca, Campestre Churubusco, 04200 Ciudad de México, CDMX #s/n, Colonia Campestre Churubusco, C.P. 04200",Casa,C. Cerro Zacayuca,Campestre Churubusco,Coyoacán,4200.0,4.0,3.0,53.0,3.0,45.0,"['Cisterna', 'Telefonía']",21080.0,19.340282,-99.13902,2025-11-30 05:52:07
https://propiedades.com/inmuebles/casa-en-condominio-en-venta-fuentes-del-pedregal-14140-ciudad-de-mexico-cdmx-fuentes-del-pedregal-df-30255948#pagina=10&tipos=residencial-venta&area=df&pos=28,26009544.0,16000000.0,"Se vende casa en condominio Fuentes del Pedregal, 14140 Ciudad de México, CDMX, Colonia Fuentes del Pedregal, C.P. 14140",Casa,Condominio Fuentes del Pedregal,Fuentes del Pedregal,Desconocida,14140.0,4.0,5.0,,,18.0,"['Cisterna', 'Telefonía']",,,,2025-11-30 05:52:21
https://propiedades.com/inmuebles/departamento-en-venta-blvrd-reforma-lomas-de-vista-hermosa-ciudad-de-mexico-cdmx-lomas-de-vista-hermosa-df-30400339#pagina=30&tipos=residencial-venta&area=df&pos=8,30496188.0,7591600.0,"Se vende departamento Blvrd Reforma, Lomas de Vista Hermosa, Ciudad de México, CDMXInt. 204, Colonia Lomas de Vista Hermosa, C.P. 05100",Departamento,"Lomas de Vista Hermosa, Ciudad de México",Lomas de Vista Hermosa,Cuajimalpa,5100.0,3.0,1.0,,1.0,,[],47460.0,19.365351,-99.273719,2025-11-30 05:52:37
https://propiedades.com/inmuebles/departamento-en-venta-miraflores-miravalle-df-30354562#pagina=4&tipos=residencial-venta&area=df&pos=1,30230115.0,4400000.0,"Departamento en venta, Miraflores, Colonia Miravalle, C.P. 03580",Departamento,"Portales Oriente, Ciudad de México",Miravalle,Desconocida,3580.0,2.0,2.0,72.0,1.0,,[],39680.0,,,2025-11-30 05:52:51
https://propiedades.com/inmuebles/casa-en-venta-suderman-chapultepec-morales-df-29486543#pagina=17&tipos=residencial-venta&area=df&pos=27,30397651.0,16500000.0,"Casa en venta, Suderman, Colonia Chapultepec Morales, C.P. 11570",Casa,Venta,Chapultepec Morales,Desconocida,11570.0,3.0,2.0,,,55.0,[],85590.0,,,2025-11-30 05:53:05
https://propiedades.com/inmuebles/departamento-en-venta-merced-gomez-merced-gomez-df-30453460#pagina=26&tipos=residencial-venta&area=df&pos=19,25580586.0,50000.0,"Se vende departamento Merced Gómez, Colonia Merced Gómez, C.P. 01600",Departamento,"Delegación Álvaro Obregón, Ciudad de México",Merced Gómez,Álvaro Obregón,1600.0,1.0,1.0,,1.0,1.0,[],45450.0,19.364683,-99.198554,2025-11-30 05:53:21
https://propiedades.com/inmuebles/departamento-en-venta-penthouse-con-roof-privado-en-la-colonia-cuahtemoc-cuauhtemoc-df-30296817#pagina=32&tipos=residencial-venta&area=df&pos=29,28523607.0,10696980.0,"Se vende departamento en PENTHOUSE CON ROOF PRIVADO EN LA COLONIA CUAHTEMOC, Colonia Cuauhtémoc, C.P. 06500",Departamento,,Cuauhtémoc,Cuauhtémoc,6500.0,2.0,2.0,82.0,2.0,1.0,['Cisterna'],60120.0,19.43263,-99.133178,2025-11-30 05:53:39
https://propiedades.com/inmuebles/casa-en-venta-granjas-coapa-df-30218403#pagina=33&tipos=residencial-venta&area=df&pos=35,30456329.0,6490000.0,"Venta de casa en , Colonia Granjas Coapa, C.P. 14330",Casa,,Granjas Coapa,Desconocida,14330.0,3.0,3.0,120.0,2.0,37.0,[],24590.0,,,2025-11-30 05:54:31
https://propiedades.com/inmuebles/departamento-en-venta-av-ingenieros-militares-152-san-lorenzo-tlaltenango-miguel-hidalgo-11210-naucalpan-de-juarez-cd-152-san-lorenzo-tlaltenango-df-30494816#pagina=7&tipos=residencial-venta&area=df&pos=19,30555952.0,3468000.0,"Venta departamento en Av. Ingenieros Militares 152, San Lorenzo Tlaltenango, Miguel Hidalgo, 11210 Naucalpan de Juárez, CD #152, Colonia San Lorenzo Tlaltenango, C.P. 11210",Departamento,Avenida Ingenieros Militares 152,San Lorenzo Tlaltenango,Miguel Hidalgo,11210.0,2.0,2.0,75.0,2.0,,[],40360.0,19.468242,-99.207476,2025-11-30 05:54:43
https://propiedades.com/inmuebles/departamento-en-venta-departamento-con-terraza-y-amenidades-en-san-rafael-san-rafael-df-30494877#pagina=2&tipos=residencial-venta&area=df&pos=4,30537920.0,6990000.0,"Departamento en venta disponible en DEPARTAMENTO CON TERRAZA Y AMENIDADES EN SAN RAFAEL, Colonia San Rafael, C.P. 06470",Departamento,Disponible en Departamento CON Terraza Y Amenidades EN San Rafael,San Rafael,Cuauhtémoc,6470.0,2.0,2.0,,2.0,1.0,['Cisterna'],44580.0,19.437945,-99.162422,2025-11-30 05:54:58
https://propiedades.com/inmuebles/departamento-en-venta-albert-df-30516067#pagina=15&tipos=residencial-venta&area=df&pos=2,30334625.0,3265000.0,"Se vende departamento en , Colonia Albert, C.P. 03560",Departamento,"Benito Juárez, Ciudad de México",Albert,Desconocida,3560.0,1.0,1.0,0.0,1.0,10.0,[],36630.0,,,2025-11-30 05:55:15
https://propiedades.com/inmuebles/departamento-en-venta-colonia-condesa-06140-ciudad-de-mexico-cdmx-condesa-df-30528512#pagina=27&tipos=residencial-venta&area=df&pos=38,30464100.0,6500000.0,"Se vende departamento Colonia Condesa, 06140 Ciudad de México, CDMX, Colonia Condesa, C.P. 06140",Departamento,,Condesa,Cuauhtémoc,6140.0,2.0,1.0,117.0,2.0,15.0,[],62600.0,19.414864,-99.176429,2025-11-30 05:55:29
https://propiedades.com/inmuebles/casa-en-venta-aristoteles-240-240-polanco-iv-seccion-df-29249823#pagina=3&tipos=residencial-venta&area=df&pos=11,28968975.0,46000000.0,"Se vende casa Aristóteles 240 #240, Colonia Polanco IV Sección, C.P. 11550",Casa,"miguel hidalgo, ciudad de méxico",Polanco Iv Sección,Miguel Hidalgo,11550.0,4.0,2.0,500.0,10.0,55.0,[],80860.0,19.431891,-99.194951,2025-11-30 05:55:40
https://propiedades.com/inmuebles/casa-en-venta-calle-cerrada-de-san-jeronimo-san-jeronimo-lidice-df-30172503#pagina=32&tipos=residencial-venta&area=df&pos=10,29985647.0,19900000.0,"Venta de casa en Calle Cerrada de San Jerónimo, Colonia San Jerónimo Lídice, C.P. 10200",Casa,,San Jerónimo Lídice,La Magdalena Contreras,10200.0,3.0,3.0,480.0,3.0,3.0,"['Cisterna', 'Telefonía']",31770.0,19.326719,-99.22256,2025-11-30 05:55:55
https://propiedades.com/inmuebles/departamento-en-venta-calle-de-chiapas-roma-norte-df-29295979#pagina=9&tipos=residencial-venta&area=df&pos=16,28519493.0,7895003.0,"Venta departamento en Calle de Chiapas, Colonia Roma Norte, C.P. 06700",Departamento,Calle de Chiapas,Roma Norte,Cuauhtémoc,6700.0,2.0,2.0,5.0,1.0,1.0,[],54490.0,19.413053,-99.160158,2025-11-30 05:56:12
https://propiedades.com/inmuebles/departamento-en-venta-palacio-del-escorial-lomas-de-chapultepec-lomas-de-reforma-df-3571198#pagina=20&tipos=residencial-venta&area=df&pos=37,30469370.0,6500000.0,"Venta de departamento en PALACIO DEL ESCORIAL, LOMAS DE CHAPULTEPEC, Colonia Lomas de Reforma, C.P. 11930",Departamento,CALLE CERRADA,Lomas de Reforma,Desconocida,11930.0,1.0,1.0,75.0,1.0,7.0,[],73780.0,,,2025-11-30 05:56:29
https://propiedades.com/inmuebles/departamento-en-venta-pico-de-verapaz-jardines-en-la-montana-df-29921592#pagina=18&tipos=residencial-venta&area=df&pos=44,28458846.0,18000000.0,"Venta departamento en Pico de Verapaz, Colonia Jardines en la Montaña, C.P. 14210",Departamento,Pico de Verapaz,Jardines en la Montaña,Desconocida,14210.0,3.0,2.0,,3.0,,['Aire acondicionado'],46840.0,,,2025-11-30 05:56:46
https://propiedades.com/inmuebles/departamento-en-venta-av-centenario-283-edifh4-depto24-lomas-de-plateros-01480-alvaro-obregon-cdmx-lomas-de-plateros-df-29739107#tipos=residencial-venta&area=df&pos=7,29131543.0,1884000.0,"Venta de departamento en Av Centenario #283, Edif-H4 Depto-24, Lomas de Plateros, 01480, Álvaro Obregón, CDMX, Colonia Lomas de Plateros, C.P. 01480",Departamento,,Lomas de Plateros,Álvaro Obregón,1480.0,2.0,1.0,,1.0,30.0,[],18610.0,19.368548,-99.198239,2025-11-30 05:57:14
https://propiedades.com/inmuebles/casa-en-condominio-en-venta-calle-picacho-jardines-del-pedregal-df-28100442#pagina=8&tipos=residencial-venta&area=df&pos=36,30518965.0,23000000.0,"Casa en condominio en venta, Calle Picacho, Colonia Jardines del Pedregal, C.P. 01900",Casa,Calle Picacho,Jardines del Pedregal,Tlalpan,1900.0,3.0,4.0,,,38.0,['Cisterna'],,19.2953,-99.209786,2025-11-30 05:57:28
https://propiedades.com/inmuebles/departamento-en-venta-av-ejercito-nacional-mexicano-245-anahuac-i-secc-miguel-hidalgo-11320-ciudad-de-mexico-cdmx-245-anahuac-ii-seccion-df-30560984#pagina=22&tipos=residencial-venta&area=df&pos=37,30432635.0,5750000.0,"Departamento disponible en venta en Av. Ejército Nacional Mexicano 245, Anáhuac I Secc, Miguel Hidalgo, 11320 Ciudad de México, CDMX #245, Colonia Anahuac II Sección, C.P. 11320",Departamento,Avenida Ejército Nacional Mexicano 245,Anahuac Ii Sección,Miguel Hidalgo,11320.0,2.0,2.0,100.0,2.0,6.0,"['Cisterna', 'Telefonía']",39760.0,19.407116,-99.190617,2025-11-30 05:57:44
https://propiedades.com/inmuebles/departamento-en-venta-luis-garcia-250-zona-urbana-ejidal-santa-martha-acatitla-sur-iztapalapa-09970-ciudad-de-mexico-c-250-valle-de-san-lorenzo-df-30359838#pagina=33&tipos=residencial-venta&area=df&pos=41,30359834.0,495000.0,"Se vende departamento en Luis García 250, Zona Urbana Ejidal Santa Martha Acatitla Sur, Iztapalapa, 09970 Ciudad de México, C #250, Colonia Valle de San Lorenzo, C.P. 09970",Departamento,Luis García 250,Valle de San Lorenzo,Iztapalapa,9970.0,2.0,1.0,,1.0,,[],11490.0,19.299241,-99.078326,2025-11-30 05:57:59
https://propiedades.com/inmuebles/departamento-en-venta-del-valle-centro-df-27483422#pagina=22&tipos=residencial-venta&area=df&pos=47,29377732.0,4800000.0,"Se vende departamento en , Colonia Del Valle Centro, C.P. 03100",Departamento,,Del Valle Centro,Benito Juárez,3100.0,3.0,2.0,119.0,3.0,,[],42630.0,19.386924,-99.163602,2025-11-30 05:58:16
https://propiedades.com/inmuebles/departamento-en-venta-segunda-cda-guillermo-prieto-cuajimalpa-05030-ciudad-de-mexico-cdmx-33-jesus-del-monte-df-30358454#pagina=10&tipos=residencial-venta&area=df&pos=26,29770180.0,2850000.0,"Departamento en venta disponible en Segunda Cda. Guillermo Prieto, Cuajimalpa, 05030 Ciudad de México, CDMX #33Int. 503, Colonia Jesús del Monte, C.P. 05260",Departamento,Disponible en Segunda Cda. Guillermo Prieto,Jesús del Monte,Cuajimalpa,5030.0,2.0,2.0,105.0,2.0,12.0,[],27460.0,19.363697,-99.290585,2025-11-30 05:58:44
https://propiedades.com/inmuebles/casa-en-condominio-en-venta-santiago-san-jeronimo-lidice-ciudad-de-mexico-cdmx-san-jeronimo-lidice-df-30508909#pagina=23&tipos=residencial-venta&area=df&pos=37,30267357.0,17950000.0,"Venta de casa en condominio Santiago, San Jerónimo Lídice, Ciudad de México, CDMX, Colonia San Jerónimo Lídice, C.P. 10200",Casa,"San Jerónimo Lídice, Ciudad de México",San Jerónimo Lídice,La Magdalena Contreras,10200.0,3.0,3.0,360.0,,11.0,"['Cisterna', 'Telefonía']",,19.326798,-99.222269,2025-11-30 05:58:58
https://propiedades.com/inmuebles/departamento-en-venta-fray-angelico-santa-maria-nonoalco-df-27722557#pagina=4&tipos=residencial-venta&area=df&pos=6,28590498.0,3940718.0,"Venta de departamento Fray Angelico, Colonia Santa Maria Nonoalco, C.P. 03700",Departamento,Av. Revolución,Santa Maria Nonoalco,Desconocida,3700.0,2.0,2.0,63.0,1.0,,[],43230.0,,,2025-11-30 05:59:11
https://propiedades.com/inmuebles/casa-en-venta-lindavista-norte-df-28909986#pagina=22&tipos=residencial-venta&area=df&pos=31,29521710.0,13948000.0,"Se vende casa , Colonia Lindavista Norte, C.P. 07300",Casa,,Lindavista Norte,Gustavo A. Madero,7300.0,4.0,4.0,0.0,,,[],22480.0,19.505739,-99.148014,2025-11-30 05:59:27
https://propiedades.com/inmuebles/casa-en-condominio-en-venta-calle-17-club-de-golf-mexico-df-30407329#pagina=27&tipos=residencial-venta&area=df&pos=15,30378609.0,12900000.0,"Se vende casa en condominio CALLE 17, Colonia Club de Golf México, C.P. 14620",Casa,Condominio Calle 17,Club de Golf México,Desconocida,14620.0,3.0,3.0,273.0,,10.0,"['Cisterna', 'Telefonía']",,,,2025-11-30 05:59:43
https://propiedades.com/inmuebles/departamento-en-venta-juan-racine-polanco-i-seccion-df-30540928#pagina=25&tipos=residencial-venta&area=df&pos=7,30070236.0,11990000.0,"Venta de departamento Juan Racine, Colonia Polanco I Sección, C.P. 11510",Departamento,,Polanco I Sección,Miguel Hidalgo,11510.0,3.0,2.0,210.0,2.0,,['Cisterna'],84460.0,19.429379,-99.196393,2025-11-30 06:00:26
https://propiedades.com/inmuebles/casa-en-venta-paseo-de-lomas-altas-lomas-altas-df-30408438#pagina=16&tipos=residencial-venta&area=df&pos=1,30350377.0,3500000.0,"Se vende casa Paseo de Lomas Altas, Colonia Lomas Altas, C.P. 11950",Casa,,Lomas Altas,Desconocida,11950.0,3.0,3.0,0.0,1.0,,[],33550.0,,,2025-11-30 06:00:46
https://propiedades.com/inmuebles/departamento-en-venta-jose-vasconcelos-hipodromo-condesa-df-28452334#pagina=19&tipos=residencial-venta&area=df&pos=32,30241752.0,6400000.0,"Se vende departamento en José Vasconcelos, Colonia Hipódromo Condesa, C.P. 06170",Departamento,José Vasconcelos,Hipódromo Condesa,Cuauhtémoc,6170.0,2.0,2.0,90.0,2.0,13.0,['Aire acondicionado'],62600.0,19.410062,-99.182947,2025-11-30 06:01:02
https://propiedades.com/inmuebles/casa-en-venta-romulo-ofarrill-523-ampliacion-alpes-df-30095950#pagina=9&tipos=residencial-venta&area=df&pos=38,30295439.0,16000000.0,"Casa en venta, Rómulo OFarrill #523, Colonia Ampliación Alpes, C.P. 01710",Casa,Venta,Ampliación Alpes,Desconocida,1710.0,3.0,2.0,280.0,4.0,20.0,[],40690.0,,,2025-11-30 06:01:15
https://propiedades.com/inmuebles/departamento-en-venta-cam-a-san-pablo-5844-cantaros-la-noria-xochimilco-16030-ciudad-de-mexico-cdmx-5844-ampliacion-la-noria-df-30533699#pagina=27&tipos=residencial-venta&area=df&pos=6,30168785.0,2550000.0,"Departamento en venta disponible en Cam. a San Pablo 5844, Cántaros, La Noria, Xochimilco, 16030 Ciudad de México, CDMX #5844, Colonia Ampliación La Noria, C.P. 16030",Departamento,Disponible en Cam. A San Pablo 5844,Ampliación la Noria,Xochimilco,16030.0,2.0,2.0,,,30.0,['Cisterna'],17530.0,19.266708,-99.127005,2025-11-30 06:01:31
https://propiedades.com/inmuebles/departamento-en-venta-anillo-perif-4271-ampliacion-fuentes-del-pedregal-tlalpan-14110-ciudad-de-mexico-cdmx-4271-pedregal-del-lago-df-30333782#pagina=8&tipos=residencial-venta&area=df&pos=26,26305139.0,11900000.0,"Se vende departamento Anillo Perif. 4271, Ampliacion Fuentes del Pedregal, Tlalpan, 14110 Ciudad de México, CDMX #4271, Colonia Pedregal del Lago, C.P. 14110",Departamento,,Pedregal del Lago,Tlalpan,14110.0,2.0,2.0,146.0,2.0,3.0,['Aire acondicionado'],47970.0,19.308896,-99.225738,2025-11-30 06:01:45
https://propiedades.com/inmuebles/departamento-en-venta-av-instituto-politecnico-nacional-lindavista-norte-df-30545572#pagina=25&tipos=residencial-venta&area=df&pos=15,28317884.0,4713900.0,"Se vende departamento Av Instituto Politécnico Nacional, Colonia Lindavista Norte, C.P. 07300",Departamento,,Lindavista Norte,Gustavo A. Madero,7300.0,3.0,2.0,65.0,1.0,1.0,['Cisterna'],34430.0,19.505739,-99.148014,2025-11-30 06:02:01
https://propiedades.com/inmuebles/casa-en-venta-mirlo-rosedal-df-29753133#pagina=6&tipos=residencial-venta&area=df&pos=29,30246594.0,8650000.0,"Venta de casa en Mirlo, Colonia Rosedal, C.P. 04330",Casa,Mirlo,Rosedal,Desconocida,4330.0,4.0,2.0,91.0,2.0,30.0,[],19640.0,,,2025-11-30 06:02:19
https://propiedades.com/inmuebles/departamento-en-venta-narvarte-oriente-df-29843229#pagina=25&tipos=residencial-venta&area=df&pos=31,29887284.0,4500000.0,"Departamento en venta disponible en , Colonia Narvarte Oriente, C.P. 03023",Departamento,Disponible en,Narvarte Oriente,Benito Juárez,3023.0,2.0,1.0,0.0,2.0,4.0,[],41310.0,19.393267,-99.150258,2025-11-30 06:02:35
https://propiedades.com/inmuebles/casa-en-venta-paseos-de-taxquena-coyoacan-paseos-de-taxquena-df-28194513#pagina=14&tipos=residencial-venta&area=df&pos=34,30541924.0,8500000.0,"Casa disponible en venta en PASEOS DE TAXQUEÑA COYOACÁN, Colonia Paseos de Taxqueña, C.P. 04250",Casa,Paseos DE Taxqueña Coyoacán,Paseos de Taxqueña,Coyoacán,4250.0,3.0,4.0,95.0,2.0,38.0,['Cisterna'],18280.0,19.345201,-99.124737,2025-11-30 06:02:47
https://propiedades.com/inmuebles/departamento-en-venta-edgar-allan-poe-polanco-iii-seccion-df-30043517#pagina=10&tipos=residencial-venta&area=df&pos=22,27835835.0,33000000.0,"Venta departamento en Edgar Allan Poe, Colonia Polanco III Sección, C.P. 11540",Departamento,,Polanco Iii Sección,Miguel Hidalgo,11540.0,3.0,3.0,77.0,20283.0,,[],84460.0,19.407116,-99.190617,2025-11-30 06:03:16
https://propiedades.com/inmuebles/departamento-en-venta-reforma-social-df-25249210#pagina=20&tipos=residencial-venta&area=df&pos=11,29408282.0,12000000.0,"Venta de departamento en , Colonia Reforma Social, C.P. 11650",Departamento,,Reforma Social,Desconocida,11650.0,3.0,2.0,171.0,2.0,12.0,[],57240.0,,,2025-11-30 06:03:34
https://propiedades.com/inmuebles/departamento-en-venta-amores-344-col-del-valle-nte-benito-juarez-03103-ciudad-de-mexico-cdmx-344-del-valle-norte-df-30473034#pagina=11&tipos=residencial-venta&area=df&pos=5,30488605.0,6750000.0,"Venta de departamento Amores 344, Col del Valle Nte, Benito Juárez, 03103 Ciudad de México, CDMX #344, Colonia Del Valle Norte, C.P. 03103",Departamento,,Del Valle Norte,Benito Juárez,3103.0,2.0,2.0,120.0,2.0,12.0,[],42630.0,19.373635,-99.157408,2025-11-30 06:03:50
https://propiedades.com/inmuebles/departamento-en-venta-calle-3-picos-polanco-v-seccion-df-29063204#pagina=13&tipos=residencial-venta&area=df&pos=44,30477168.0,23000000.0,"Se vende departamento en Calle 3 Picos, Colonia Polanco V Sección, C.P. 11560",Departamento,"Polanco III Secc, Ciudad de México",Polanco V Sección,Miguel Hidalgo,11560.0,2.0,2.0,10.0,2.0,15.0,['Aire acondicionado'],84460.0,19.429379,-99.196393,2025-11-30 06:04:04
https://propiedades.com/inmuebles/departamento-en-venta-arenal-02980-ciudad-de-mexico-cdmx-arenal-df-30545288#pagina=27&tipos=residencial-venta&area=df&pos=42,30507497.0,3400000.0,"Se vende departamento Arenal 02980 Ciudad de México CDMX, Colonia Arenal, C.P. 02980",Departamento,,Arenal,Desconocida,2980.0,3.0,2.0,75.0,2.0,,['Cisterna'],33450.0,,,2025-11-30 06:04:20
https://propiedades.com/inmuebles/departamento-en-venta-manuel-gonzalez-114-114-nonoalco-tlatelolco-df-29538043#pagina=6&tipos=residencial-venta&area=df&pos=45,,1900000.0,"Se vende departamento en Manuel Gonzalez 114 #114, Colonia Nonoalco Tlatelolco, C.P. 06900",Departamento,Manuel Gonzalez 114 #114,Nonoalco Tlatelolco,Desconocida,6900.0,2.0,1.0,,,50.0,"['Cisterna', 'Telefonía']",17990.0,,,2025-11-30 06:04:34
https://propiedades.com/inmuebles/departamento-en-venta-miguel-laurent-col-del-valle-centro-ciudad-de-mexico-cdmx-sn-tlacoquemecatl-df-30541925#pagina=16&tipos=residencial-venta&area=df&pos=12,29216399.0,7500000.0,"Departamento disponible en venta en Miguel Laurent, Col del Valle Centro, Ciudad de México, CDMX #s/n, Colonia Tlacoquemecatl, C.P. 03200",Departamento,"Col del Valle Centro, Ciudad de México",Tlacoquemecatl,Desconocida,3200.0,3.0,2.0,180.0,2.0,,"['Cisterna', 'Telefonía', 'Aire acondicionado']",43110.0,,,2025-11-30 06:04:46
https://propiedades.com/inmuebles/departamento-en-venta-gabriel-mancera-del-valle-centro-df-29949512#pagina=23&tipos=residencial-venta&area=df&pos=9,28886024.0,8100000.0,"Se vende departamento en Gabriel Mancera, Colonia Del Valle Centro, C.P. 03100",Departamento,Gabriel Mancera,Del Valle Centro,Benito Juárez,3100.0,3.0,2.0,0.0,2.0,,[],42630.0,19.387851,-99.163879,2025-11-30 06:05:00
https://propiedades.com/inmuebles/departamento-en-venta-av-jardin-cosmopolita-df-30462542#pagina=4&tipos=residencial-venta&area=df&pos=20,11930149.0,2650000.0,"Departamento en venta, av jardin, Colonia Cosmopolita, C.P. 02670",Departamento,Venta,Cosmopolita,Desconocida,2670.0,2.0,1.0,65.0,2.0,10.0,[],24090.0,,,2025-11-30 06:05:16
https://propiedades.com/inmuebles/departamento-en-venta-jose-maria-iglesias-tabacalera-df-29217975#pagina=4&tipos=residencial-venta&area=df&pos=43,29279566.0,3506707.0,"Venta de departamento José María Iglesias, Colonia Tabacalera, C.P. 06030",Departamento,,Tabacalera,Desconocida,6030.0,2.0,1.0,0.0,,,[],61480.0,,,2025-11-30 06:05:31
https://propiedades.com/inmuebles/departamento-en-venta-suiza-portales-oriente-df-20291958#pagina=17&tipos=residencial-venta&area=df&pos=39,30519025.0,4009965.0,"Se vende departamento en Suiza, Colonia Portales Oriente, C.P. 03570",Departamento,Suiza,Portales Oriente,Benito Juárez,3570.0,2.0,2.0,,1.0,,[],41970.0,19.368332,-99.139629,2025-11-30 06:07:14
https://propiedades.com/inmuebles/departamento-en-venta-jacarandas-55-san-clemente-nte-alvaro-obregon-01740-ciudad-de-mexico-cdmx-55-san-clemente-norte-df-30283045#pagina=14&tipos=residencial-venta&area=df&pos=2,30334893.0,3842000.0,"Departamento en venta disponible en Jacarandas 55, San Clemente Nte, Álvaro Obregón, 01740 Ciudad de México, CDMX #55, Colonia San Clemente Norte, C.P. 01740",Departamento,Disponible en Jacarandas 55,San Clemente Norte,Álvaro Obregón,1740.0,2.0,2.0,110.0,2.0,10.0,[],29400.0,19.348487,-99.231672,2025-11-30 06:07:29
https://propiedades.com/inmuebles/departamento-en-venta-ciencias-escandon-i-seccion-df-29740627#pagina=3&tipos=residencial-venta&area=df&pos=40,27755201.0,3200000.0,"Venta de departamento en Ciencias, Colonia Escandón I Sección, C.P. 11800",Departamento,Ciencias,Escandón I Sección,Miguel Hidalgo,11800.0,2.0,1.0,0.0,,,[],42820.0,19.407116,-99.190617,2025-11-30 06:07:39
https://propiedades.com/inmuebles/casa-en-venta-casa-en-condominio-en-la-colonia-del-valle-centro-del-valle-centro-df-30198079#pagina=6&tipos=residencial-venta&area=df&pos=11,30362147.0,10950000.0,"Venta de casa en CASA EN CONDOMINIO EN LA COLONIA DEL VALLE CENTRO, Colonia Del Valle Centro, C.P. 03100",Casa,Casa EN Condominio EN LA Colonia DEL Valle Centro,Del Valle Centro,Benito Juárez,3100.0,3.0,3.0,150.0,2.0,1.0,['Cisterna'],39090.0,19.386924,-99.163602,2025-11-30 06:07:54
https://propiedades.com/inmuebles/departamento-en-venta-av-division-del-nte-19-del-valle-norte-df-27598078#pagina=22&tipos=residencial-venta&area=df&pos=27,30115335.0,4050000.0,"Se vende departamento en Av. Division Del Nte. #19, Colonia Del Valle Norte, C.P. 03103",Departamento,"Álvaro Obregón, Ciudad de México",Del Valle Norte,Benito Juárez,3103.0,2.0,2.0,0.0,,53.0,[],42630.0,19.373635,-99.157408,2025-11-30 06:08:09
https://propiedades.com/inmuebles/departamento-en-venta-benito-juarez-119-119-albert-df-30163256#pagina=7&tipos=residencial-venta&area=df&pos=12,30334625.0,3390000.0,"Departamento en venta, Benito Juárez 119 #119, Colonia Albert, C.P. 03560",Departamento,"Benito Juárez, Ciudad de México",Albert,Benito Juárez,3560.0,1.0,1.0,73.0,1.0,13.0,['Cisterna'],36630.0,19.371082,-99.139113,2025-11-30 06:08:27
https://propiedades.com/inmuebles/casa-en-venta-fresno-santa-maria-la-ribera-df-30496418#pagina=15&tipos=residencial-venta&area=df&pos=30,11971881.0,6975000.0,"Casa disponible en venta en Fresno, Colonia Santa Maria La Ribera, C.P. 06400",Casa,Fresno,Santa Maria la Ribera,Desconocida,6400.0,3.0,2.0,,,,[],15590.0,,,2025-11-30 06:08:42
https://propiedades.com/inmuebles/departamento-en-venta-av-real-de-san-martin-103-santa-barbara-azcapotzalco-02230-ciudad-de-mexico-cdmx-103-santa-barbara-df-30508516#pagina=35&tipos=residencial-venta&area=df&pos=32,16966654.0,578501.0,"Venta de departamento Av. Real de San Martín 103, Santa Barbara, Azcapotzalco, 02230 Ciudad de México, CDMX #103, Colonia Santa Bárbara, C.P. 02230",Departamento,,Santa Bárbara,Azcapotzalco,2230.0,2.0,1.0,69.0,1.0,,[],19320.0,19.495037,-99.180245,2025-11-30 06:08:59
https://propiedades.com/inmuebles/departamento-en-venta-benito-juarez-119-dep-506-albert-benito-juarez--ciudad-de-mexico-cdmx-cp-03560-albert-df-30334625#pagina=2&tipos=residencial-venta&area=df&pos=47,30595375.0,3195000.0,"Venta de departamento en Benito Juárez 119, DEP 506, Albert, Benito Juárez, Ciudad de México, CDMX, C.p 03560., Colonia Albert, C.P. 03560",Departamento,"Benito Juárez, Ciudad de México",Albert,Benito Juárez,3560.0,1.0,1.0,73.0,1.0,13.0,['Cisterna'],36630.0,19.371082,-99.139113,2025-11-30 06:09:14
https://propiedades.com/inmuebles/casa-en-venta-priv-primera-camelia-florida-01030-ciudad-de-mexico-cdmx-florida-df-30237077#pagina=29&tipos=residencial-venta&area=df&pos=3,27688701.0,26000000.0,"Casa disponible en venta en Priv. Primera Camelia, Florida, 01030 Ciudad de México, CDMX, Colonia Florida, C.P. 01030",Casa,Priv. Primera Camelia,Florida,Desconocida,1030.0,3.0,2.0,600.0,6.0,2.0,"['Cisterna', 'Telefonía']",48860.0,,,2025-11-30 06:09:30
https://propiedades.com/inmuebles/casa-en-venta-prolongacion-5-de-mayo-san-andres-totoltepec-df-29838913#pagina=4&tipos=residencial-venta&area=df&pos=46,30113813.0,8140000.0,"Se vende casa en Prolongación 5 de mayo, Colonia San Andrés Totoltepec, C.P. 14400",Casa,Prolongación 5 de Mayo,San Andrés Totoltepec,Azcapotzalco,14400.0,4.0,5.0,650.0,,25.0,[],13420.0,19.483891,-99.184394,2025-11-30 06:09:56
https://propiedades.com/inmuebles/departamento-en-venta-cobre-193-popular-rastro-venustiano-carranza-15220-ciudad-de-mexico-cdmx-193-popular-rastro-df-30508500#pagina=29&tipos=residencial-venta&area=df&pos=11,30435293.0,1250615.0,"Departamento en venta, Cobre 193, Popular Rastro, Venustiano Carranza, 15220 Ciudad de México, CDMX #193, Colonia Popular Rastro, C.P. 15220",Departamento,Venta,Popular Rastro,Venustiano Carranza,15220.0,2.0,1.0,,1.0,,[],14940.0,19.449711,-99.11512,2025-11-30 06:10:10
https://propiedades.com/inmuebles/departamento-en-venta-rio-guadalquivir-31-cuauhtemoc-06500-ciudad-de-mexico-cdmx-31-cuauhtemoc-df-30378613#pagina=30&tipos=residencial-venta&area=df&pos=38,28295538.0,6343454.0,"Venta departamento en Río Guadalquivir 31, Cuauhtémoc, 06500 Ciudad de México, CDMX #31, Colonia Cuauhtémoc, C.P. 06500",Departamento,Río Guadalquivir 31,Cuauhtémoc,Cuauhtémoc,6500.0,2.0,2.0,35.0,1.0,1.0,[],60120.0,19.429174,-99.170416,2025-11-30 06:10:26
https://propiedades.com/inmuebles/casa-en-venta-norte-81a-sindicato-mexicano-de-electricistas-df-30483818#pagina=15&tipos=residencial-venta&area=df&pos=26,28942557.0,7199000.0,"Venta de casa en Norte 81-A, Colonia Sindicato Mexicano de Electricistas, C.P. 02060",Casa,,Sindicato Mexicano de Electricistas,Desconocida,2060.0,3.0,2.0,0.0,2.0,,[],15090.0,,,2025-11-30 06:10:41
https://propiedades.com/inmuebles/departamento-en-venta-revolucion-guadalupe-inn-df-29861629#pagina=23&tipos=residencial-venta&area=df&pos=33,30473056.0,2778926.0,"Se vende departamento en Revolución, Colonia Guadalupe Inn, C.P. 01020",Departamento,Revolución,Guadalupe Inn,Desconocida,1020.0,3.0,1.0,38.0,,,[],49840.0,,,2025-11-30 06:10:54
https://propiedades.com/inmuebles/departamento-en-venta-mezquital-valle-gomez-06240-ciudad-de-mexico-cdmx-valle-gomez-df-30358287#pagina=7&tipos=residencial-venta&area=df&pos=11,29163592.0,1300000.0,"Venta de departamento en Mezquital, Valle Gómez, 06240 Ciudad de México, CDMX, Colonia Valle Gómez, C.P. 06240",Departamento,Mezquital,Valle Gómez,Desconocida,6240.0,2.0,1.0,43.0,1.0,5.0,[],25030.0,,,2025-11-30 06:11:10
https://propiedades.com/inmuebles/departamento-en-venta-departamento-con-terraza-2-recamaras-y-family-en-polanco-bosque-de-chapultepec-i-seccion-df-30489897#pagina=28&tipos=residencial-venta&area=df&pos=5,30434473.0,19200000.0,"Departamento en venta disponible en DEPARTAMENTO CON TERRAZA 2 RECAMARAS Y FAMILY EN POLANCO , Colonia Bosque de Chapultepec I Sección, C.P. 11580",Departamento,,Bosque de Chapultepec I Sección,Desconocida,11580.0,2.0,3.0,150.0,2.0,1.0,['Cisterna'],91620.0,,,2025-11-30 06:11:24
https://propiedades.com/inmuebles/departamento-en-venta-tolnahuac-73-san-simon-tolnahuac-cuauhtemoc-06920-ciudad-de-mexico-cdmx-73-san-simon-tolnahuac-df-30411830#pagina=11&tipos=residencial-venta&area=df&pos=39,30253050.0,2300000.0,"Venta de departamento Tolnahuac 73, San Simón Tolnahuac, Cuauhtémoc, 06920 Ciudad de México, CDMX #73, Colonia San Simón Tolnahuac, C.P. 06920",Departamento,,San Simón Tolnahuac,Cuauhtémoc,6920.0,2.0,2.0,60.0,1.0,1.0,['Cisterna'],19830.0,19.459546,-99.143257,2025-11-30 06:11:42
https://propiedades.com/inmuebles/departamento-en-venta-torres-adalid-703-col-del-valle-nte-benito-juarez-03103-ciudad-de-mexico-cdmx-703-del-valle-norte-df-30485743#pagina=33&tipos=residencial-venta&area=df&pos=37,29545654.0,1912755.0,"Se vende departamento en Torres Adalid 703, Col del Valle Nte, Benito Juárez, 03103 Ciudad de México, CDMX #703, Colonia Del Valle Norte, C.P. 03103",Departamento,Torres Adalid 703,Del Valle Norte,Benito Juárez,3103.0,2.0,1.0,,1.0,,[],42630.0,19.373635,-99.157408,2025-11-30 06:12:00
https://propiedades.com/inmuebles/departamento-en-venta-manuel-gonzalez-tlatelolco-ciudad-de-mexico-cdmx-nonoalco-tlatelolco-df-30246044#pagina=8&tipos=residencial-venta&area=df&pos=43,29172179.0,1900000.0,"Departamento en venta, Manuel Gonzalez, Tlatelolco, Ciudad de México, CDMX, Colonia Nonoalco Tlatelolco, C.P. 06900",Departamento,"Tlatelolco, Ciudad de México",Nonoalco Tlatelolco,Desconocida,6900.0,3.0,1.0,81.0,,50.0,"['Cisterna', 'Telefonía']",17990.0,,,2025-11-30 06:12:13
https://propiedades.com/inmuebles/casa-en-venta-almenas-jardines-del-sur-16050-ciudad-de-mexico-cdmx-jardines-del-sur-df-30319637#pagina=33&tipos=residencial-venta&area=df&pos=17,30589591.0,4312414.0,"Venta casa en Almenas, Jardines del Sur, 16050 Ciudad de México, CDMX, Colonia Jardines del Sur, C.P. 16050",Casa,Almenas,Jardines del Sur,Desconocida,16050.0,3.0,2.0,160.0,3.0,,['Telefonía'],18400.0,,,2025-11-30 06:13:06
https://propiedades.com/inmuebles/departamento-en-venta-lago-neuchatel-10-amp-granada-miguel-hidalgo-11529-ciudad-de-mexico-cdmx-10-ampliacion-granada-df-30246544#pagina=12&tipos=residencial-venta&area=df&pos=32,30533817.0,7599009.0,"Se vende departamento Lago Neuchatel 10, Amp Granada, Miguel Hidalgo, 11529 Ciudad de México, CDMX #10Int. 14, Colonia Ampliación Granada, C.P. 11529",Departamento,,Ampliación Granada,Miguel Hidalgo,11529.0,3.0,2.0,,2.0,10.0,"['Cisterna', 'Telefonía']",65250.0,19.442902,-99.201421,2025-11-30 06:13:23
https://propiedades.com/inmuebles/departamento-en-venta-anillo-periferico-3580-jardines-del-pedregal-df-30351798#pagina=7&tipos=residencial-venta&area=df&pos=36,26232736.0,7159000.0,"Venta de departamento en Anillo Periferico #3580, Colonia Jardines del Pedregal, C.P. 01900",Departamento,"coyoacán, ciudad de méxico",Jardines del Pedregal,Tlalpan,1900.0,3.0,2.0,109.0,30.0,1.0,[],47970.0,19.2953,-99.209786,2025-11-30 06:13:38
https://propiedades.com/inmuebles/casa-en-venta-monte-caucaso-lomas-de-chapultepec-lomas-de-chapultepec-vii-seccion-df-29919228#pagina=18&tipos=residencial-venta&area=df&pos=45,27310591.0,88900000.0,"Venta de casa MONTE CAUCASO, LOMAS DE CHAPULTEPEC, Colonia Lomas de Chapultepec VII Sección, C.P. 11000",Casa,,Lomas de Chapultepec VII Sección,Miguel Hidalgo,11000.0,4.0,,,,67.0,[],66430.0,19.407116,-99.190617,2025-11-30 06:13:54
https://propiedades.com/inmuebles/departamento-en-venta-francisco-landino-50-depto-409-lt-3-miguel-hidalgo-tlahuac-cdmx-cp-13200-miguel-hidalgo-df-29759728#tipos=residencial-venta&area=df&pos=8,30397065.0,2013000.0,"Departamento en venta, Francisco Landino 50 Depto 409 Lt 3, Miguel Hidalgo, Tláhuac, CDMX, C.P. 13200, Colonia Miguel Hidalgo, C.P. 13200",Departamento,,Miguel Hidalgo,Miguel Hidalgo,13200.0,2.0,2.0,64.0,1.0,7.0,['Cisterna'],16340.0,19.4157,-99.213688,2025-11-30 06:14:11
https://propiedades.com/inmuebles/departamento-en-venta-col-del-valle-del-valle-centro-df-30105878#pagina=14&tipos=residencial-venta&area=df&pos=31,29816716.0,5950000.0,"Venta de departamento Col del valle, Colonia Del Valle Centro, C.P. 03100",Departamento,,Del Valle Centro,Benito Juárez,3100.0,1.0,1.0,74.0,1.0,1.0,[],42630.0,19.386924,-99.163602,2025-11-30 06:14:39
https://propiedades.com/inmuebles/casa-en-venta-jardines-del-pedregal-df-30212384#pagina=22&tipos=residencial-venta&area=df&pos=10,30327005.0,88800000.0,"Casa en venta, _ , Colonia Jardines del Pedregal, C.P. 01900",Casa,,Jardines del Pedregal,Tlalpan,1900.0,4.0,4.0,790.0,10.0,,['Aire acondicionado'],27820.0,19.2953,-99.209786,2025-11-30 06:14:59
https://propiedades.com/inmuebles/casa-en-venta-mata-obscura-00-jalalpa-el-grande-df-29901328#pagina=34&tipos=residencial-venta&area=df&pos=21,29772931.0,3500000.0,"Casa en venta disponible en Mata Obscura #00Int. 00, Colonia Jalalpa El Grande, C.P. 01377",Casa,,Jalalpa el Grande,Desconocida,1377.0,5.0,2.0,240.0,2.0,,['Cisterna'],22500.0,,,2025-11-30 06:15:16
https://propiedades.com/inmuebles/departamento-en-venta-paseo-de-la-reforma-juarez-df-29745395#pagina=5&tipos=residencial-venta&area=df&pos=11,29710058.0,2631600.0,"Venta departamento en Paseo de la Reforma, Colonia Juárez, C.P. 06600",Departamento,,Juárez,Cuauhtémoc,6600.0,2.0,2.0,54.0,1.0,,[],56650.0,19.43327,-99.147684,2025-11-30 06:15:53
https://propiedades.com/inmuebles/casa-en-venta-calle-13-39-issfam-df-29981502#pagina=14&tipos=residencial-venta&area=df&pos=12,29849591.0,10100000.0,"Venta de casa en Calle 13 #39, Colonia ISSFAM, C.P. 14620",Casa,Calle 13 #39,Issfam,Desconocida,14620.0,5.0,3.0,20.0,4.0,18.0,['Telefonía'],30350.0,,,2025-11-30 06:16:16
https://propiedades.com/inmuebles/departamento-en-venta-lago-winnipeg-legaria-ciudad-de-mexico-cdmx-legaria-df-30262290#pagina=6&tipos=residencial-venta&area=df&pos=44,30396440.0,2176000.0,"Departamento en venta, Lago Winnipeg, Legaria, Ciudad de México, CDMX, Colonia Legaria, C.P. 11410",Departamento,"Legaria, Ciudad de México",Legaria,Miguel Hidalgo,11410.0,2.0,1.0,66.0,1.0,19.0,[],18040.0,19.449966,-99.200558,2025-11-30 06:16:53
https://propiedades.com/inmuebles/departamento-en-venta-privada-de-tamarindos-bosques-de-las-lomas-df-26330633#pagina=9&tipos=residencial-venta&area=df&pos=26,4595359.0,13000000.0,"Venta departamento en Privada de Tamarindos, Colonia Bosques de las Lomas, C.P. 05120",Departamento,calle cerrada,Bosques de las Lomas,Cuajimalpa,5120.0,3.0,3.0,297.0,3.0,15.0,"['Cisterna', 'Telefonía']",46010.0,19.388115,-99.251801,2025-11-30 06:17:05
https://propiedades.com/inmuebles/departamento-en-venta-romulo-o-farril-olivar-de-los-padres-df-30117760#pagina=4&tipos=residencial-venta&area=df&pos=37,28899126.0,4100000.0,"Departamento disponible en venta en Rómulo O Farril, Colonia Olivar de los Padres, C.P. 01780",Departamento,Rómulo O Farril,Olivar de los Padres,Álvaro Obregón,1780.0,2.0,2.0,0.0,2.0,10.0,[],38570.0,19.335118,-99.218901,2025-11-30 06:17:23
https://propiedades.com/inmuebles/departamento-en-venta-polanco-ii-seccion-polanco-ii-seccion-df-30047053#pagina=20&tipos=residencial-venta&area=df&pos=32,29210144.0,21950000.0,"Venta departamento en Polanco II Sección, Colonia Polanco II Sección, C.P. 11530",Departamento,calles más cotizadas de Polanco. Totalmente amueblado,Polanco Ii Sección,Miguel Hidalgo,11530.0,3.0,3.0,232.0,2.0,,[],84460.0,19.429379,-99.196393,2025-11-30 06:17:40
https://propiedades.com/inmuebles/departamento-en-venta-doctor-atl-santa-maria-la-ribera-df-30327686#pagina=30&tipos=residencial-venta&area=df&pos=39,30396428.0,3530000.0,"Venta departamento en Doctor Atl, Colonia Santa Maria La Ribera, C.P. 06400",Departamento,,Santa Maria la Ribera,Desconocida,6400.0,2.0,2.0,68.0,1.0,11.0,[],36890.0,,,2025-11-30 06:17:59
https://propiedades.com/inmuebles/departamento-en-venta-exhacienda-de-tarango-df-30555961#pagina=18&tipos=residencial-venta&area=df&pos=14,28183946.0,3486000.0,"Se vende departamento en , Colonia Ex-Hacienda de Tarango, C.P. 01618",Departamento,,Ex-hacienda de Tarango,Desconocida,1618.0,3.0,2.0,92.0,2.0,3.0,[],36720.0,,,2025-11-30 06:18:18
https://propiedades.com/inmuebles/departamento-en-venta-la-morena-1618-narvarte-poniente-benito-juarez-03023-ciudad-de-mexico-cdmx-1618-narvarte-oriente-df-30277529#pagina=32&tipos=residencial-venta&area=df&pos=22,30554640.0,5225000.0,"Departamento disponible en venta en La Morena 1618, Narvarte Poniente, Benito Juárez, 03023 Ciudad de México, CDMX #1618, Colonia Narvarte Oriente, C.P. 03023",Departamento,La Morena 1618,Narvarte Oriente,Benito Juárez,3023.0,2.0,2.0,110.0,3.0,21.0,[],41310.0,19.398431,-99.146637,2025-11-30 06:18:32
https://propiedades.com/inmuebles/departamento-en-venta-rio-consulado-san-juan-de-aragon-i-seccion-df-28626082#pagina=19&tipos=residencial-venta&area=df&pos=12,30515437.0,2295680.0,"Venta de departamento RIO CONSULADO, Colonia San Juan de Aragón I Sección, C.P. 07969",Departamento,,San Juan de Aragón I Sección,Desconocida,7969.0,1.0,1.0,,,,[],20180.0,,,2025-11-30 06:18:47
https://propiedades.com/inmuebles/casa-en-venta-santiago-san-jeronimo-aculco-df-27524755#pagina=13&tipos=residencial-venta&area=df&pos=33,29942336.0,13900000.0,"Venta de casa santiago, Colonia San Jerónimo Aculco, C.P. 01904",Casa,,San Jerónimo Aculco,La Magdalena Contreras,1904.0,3.0,4.0,,4.0,10.0,"['Cisterna', 'Telefonía']",31770.0,19.326719,-99.22256,2025-11-30 06:19:03
https://propiedades.com/inmuebles/departamento-en-venta-calz-ignacio-zaragoza-838-depto-n508-edificio-n-cond-zaragoza-ampliacion-aviacion-civil-venus-ampliacion-aviacion-civil-df-30198091#tipos=residencial-venta&area=df&pos=16,30584989.0,2738000.0,"Se vende departamento en Calz. Ignacio Zaragoza 838, Depto N-508 Edificio N, Cond. Zaragoza, Ampliación Aviación Civil, Venus, Colonia Ampliación Aviación Civil, C.P. 15750",Departamento,Calzada Ignacio Zaragoza 838,Ampliación Aviación Civil,Desconocida,15750.0,2.0,2.0,57.0,1.0,3.0,[],36750.0,,,2025-11-30 06:19:19
https://propiedades.com/inmuebles/departamento-en-venta-lomas-de-tarango-df-30546786#pagina=21&tipos=residencial-venta&area=df&pos=37,30589427.0,3884000.0,"Departamento disponible en venta en , Colonia Lomas de Tarango, C.P. 01620",Departamento,"alcaldía Álvaro Obregón, Ciudad de México",Lomas de Tarango,Desconocida,1620.0,3.0,1.0,86.0,1.0,37.0,[],23730.0,,,2025-11-30 06:20:12
https://propiedades.com/inmuebles/casa-en-condominio-en-venta-1a-cda-de-prolongacion-abasolo-74-colinas-del-bosque-tlalpan-14608-ciudad-de-mexico-cdmx-colinas-del-bosque-df-30338291#pagina=29&tipos=residencial-venta&area=df&pos=12,30407329.0,13800000.0,"Se vende casa en condominio en 1a Cda. de Prolongacion Abasolo 74, Colinas del Bosque, Tlalpan, 14608 Ciudad de México, CDMX, Colonia Colinas del Bosque, C.P. 14608",Casa,Condominio en 1a Cda. de Prolongacion Abasolo 74,Colinas del Bosque,Tlalpan,14608.0,3.0,3.0,273.0,,,['Cisterna'],,19.280657,-99.145808,2025-11-30 06:20:26
https://propiedades.com/inmuebles/departamento-en-venta-cda-ixnahualtongo-99-lorenzo-boturini-venustiano-carranza-15820-ciudad-de-mexico-cdmx-99-lorenzo-boturini-df-30407169#pagina=34&tipos=residencial-venta&area=df&pos=39,30054057.0,2290800.0,"Venta departamento en Cda. Ixnahualtongo 99, Lorenzo Boturini, Venustiano Carranza, 15820 Ciudad de México, CDMX #99, Colonia Lorenzo Boturini, C.P. 15820",Departamento,Cda. Ixnahualtongo 99,Lorenzo Boturini,Venustiano Carranza,15820.0,2.0,1.0,70.0,1.0,,[],25330.0,19.415914,-99.124752,2025-11-30 06:20:38
https://propiedades.com/inmuebles/departamento-en-venta-rio-ussuri-cuauhtemoc-df-30012267#pagina=31&tipos=residencial-venta&area=df&pos=14,30560539.0,3800000.0,"Se vende departamento en Río Ussuri, Colonia Cuauhtémoc, C.P. 06500",Departamento,Río Ussuri,Cuauhtémoc,Cuauhtémoc,6500.0,1.0,1.0,84.0,1.0,,[],60120.0,19.43514,-99.1689,2025-11-30 06:20:56
https://propiedades.com/inmuebles/departamento-en-venta-alabama-42-napoles-benito-juarez-03810-ciudad-de-mexico-cdmx-42-napoles-df-30435270#pagina=35&tipos=residencial-venta&area=df&pos=33,30208382.0,10700480.0,"Departamento en venta disponible en Alabama 42, Nápoles, Benito Juárez, 03810 Ciudad de México, CDMX #42, Colonia Napoles, C.P. 03810",Departamento,Disponible en Alabama 42,Napoles,Benito Juárez,3810.0,2.0,1.0,95.0,1.0,,[],51830.0,19.389663,-99.173808,2025-11-30 06:21:11
https://propiedades.com/inmuebles/casa-en-condominio-en-venta-arbol-del-fuego-43-la-candelaria-df-26292096#pagina=24&tipos=residencial-venta&area=df&pos=37,,9825427.0,"Casa en condominio disponible en venta en Árbol del Fuego #43, Colonia La Candelaria, C.P. 04380",Casa,Av. División Del Norte,La Candelaria,Desconocida,4380.0,3.0,2.0,,,2.0,[],,,,2025-11-30 06:21:26
https://propiedades.com/inmuebles/departamento-en-venta-eje-central-lazaro-cardenas-306-306-portales-norte-df-29807466#pagina=11&tipos=residencial-venta&area=df&pos=46,30531674.0,6500000.0,"Departamento en venta disponible en Eje Central Lázaro Cárdenas 306 #306Int. 1001, Colonia Portales Norte, C.P. 03303",Departamento,Disponible en Eje Central Lázaro Cárdenas 306 #306int. 1001,Portales Norte,Benito Juárez,3303.0,2.0,2.0,25.0,1.0,8.0,['Cisterna'],41970.0,19.368262,-99.149281,2025-11-30 06:21:42
https://propiedades.com/inmuebles/departamento-en-venta-van-dick-73-nonoalco-benito-juarez-03700-ciudad-de-mexico-cdmx-santa-maria-nonoalco-df-30528513#pagina=30&tipos=residencial-venta&area=df&pos=2,28272379.0,5200000.0,"Departamento en venta disponible en Van Dick 73, Nonoalco, Benito Juárez, 03700 Ciudad de México, CDMX, Colonia Santa Maria Nonoalco, C.P. 03700",Departamento,Disponible en Van Dick 73,Santa Maria Nonoalco,Benito Juárez,3700.0,3.0,1.0,88.0,1.0,1.0,[],43230.0,19.37188,-99.157701,2025-11-30 06:21:59
https://propiedades.com/inmuebles/departamento-en-venta-ignacio-allende-san-joaquin-df-29091541#pagina=4&tipos=residencial-venta&area=df&pos=34,29091532.0,3350000.0,"Venta de departamento en Ignacio Allende, Colonia San Joaquín, C.P. 11260",Departamento,,San Joaquín,Desconocida,11260.0,2.0,2.0,0.0,2.0,2.0,[],25440.0,,,2025-11-30 06:22:14
https://propiedades.com/inmuebles/departamento-en-venta-acacias-ciudad-de-mexico-cdmx-43-acacias-df-30490195#pagina=25&tipos=residencial-venta&area=df&pos=27,29901371.0,6490000.0,"Venta departamento en Acacias, Ciudad de México, CDMX #43Int. piso 6, Colonia Acacias, C.P. 03240",Departamento,,Acacias,Desconocida,3240.0,3.0,2.0,110.0,1.0,,['Cisterna'],51020.0,,,2025-11-30 06:22:30
https://propiedades.com/inmuebles/departamento-en-venta-ciudad-de-los-deportes-df-30555999#pagina=20&tipos=residencial-venta&area=df&pos=33,29912880.0,8.0,"Se vende departamento , Colonia Ciudad de los Deportes, C.P. 03710",Departamento,,Ciudad de los Deportes,Benito Juárez,3710.0,3.0,3.0,,2.0,,[],45250.0,19.382422,-99.17616,2025-11-30 06:24:12
https://propiedades.com/inmuebles/departamento-en-venta-eje-central-lazaro-cardenas-centro-area-1-df-29858891#pagina=6&tipos=residencial-venta&area=df&pos=36,30060849.0,2583060.0,"Venta departamento en Eje Central Lázaro Cárdenas, Colonia Centro (Área 1), C.P. 06000",Departamento,Eje Central Lázaro Cárdenas,Centro (área 1),Cuauhtémoc,6000.0,2.0,1.0,54.0,1.0,,"['Cisterna', 'Telefonía']",36970.0,19.432448,-99.13609,2025-11-30 06:24:28
https://propiedades.com/inmuebles/departamento-en-venta-miguel-angel-35-benito-juarez-roof-garden-privado-35-santa-maria-nonoalco-df-30435554#pagina=8&tipos=residencial-venta&area=df&pos=22,30466560.0,5100000.0,"Venta departamento en Miguel Ángel 35, Benito Juárez ROOF GARDEN PRIVADO #35, Colonia Santa Maria Nonoalco, C.P. 03700",Departamento,,Santa Maria Nonoalco,Benito Juárez,3700.0,2.0,2.0,65.0,2.0,9.0,[],43230.0,19.37188,-99.157701,2025-11-30 06:24:44
https://propiedades.com/inmuebles/casa-en-condominio-en-venta-colonia-tepepan-guadalupe-i-ramirez-santa-maria-tepepan-df-29376127#pagina=12&tipos=residencial-venta&area=df&pos=43,29705127.0,4600000.0,"Se vende casa en condominio COLONIA TEPEPAN #Guadalupe I Ramirez, Colonia Santa María Tepepan, C.P. 16020",Casa,Condominio Colonia Tepepan #guadalupe I Ramirez,Santa María Tepepan,Xochimilco,16020.0,2.0,2.0,34.0,,10.0,"['Cisterna', 'Telefonía']",,19.273872,-99.13672,2025-11-30 06:24:59
https://propiedades.com/inmuebles/departamento-en-venta-campo-sarlat-80-san-bartolo-cahualtongo-azcapotzalco-02720-ciudad-de-mexico-cdmx-san-bartolo-cahualtongo-df-29685863#tipos=residencial-venta&area=df&pos=42,30487664.0,1545000.0,"Venta de departamento en Campo Sarlat 80, San Bartolo Cahualtongo, Azcapotzalco, 02720 Ciudad de México, CDMX, Colonia San Bartolo Cahualtongo, C.P. 02720",Departamento,Campo Sarlat 80,San Bartolo Cahualtongo,Azcapotzalco,2720.0,2.0,1.0,54.0,1.0,25.0,[],13510.0,19.481969,-99.202284,2025-11-30 06:25:15
https://propiedades.com/inmuebles/departamento-en-venta-cerrada-valdivia-297-santo-tomas-ajusco-df-30048444#pagina=35&tipos=residencial-venta&area=df&pos=44,30048638.0,1700000.0,"Departamento en venta, Cerrada Valdivia #297Int. 00, Colonia Santo Tomas Ajusco, C.P. 14710",Departamento,Venta,Santo Tomas Ajusco,Desconocida,14710.0,2.0,1.0,,1.0,15.0,[],26580.0,,,2025-11-30 06:25:31
https://propiedades.com/inmuebles/departamento-en-venta-san-pedro-xalpa-df-30523429#pagina=16&tipos=residencial-venta&area=df&pos=16,30386088.0,3340000.0,"Departamento disponible en venta en , Colonia San Pedro Xalpa, C.P. 02710",Departamento,,San Pedro Xalpa,Azcapotzalco,2710.0,3.0,2.0,70.0,1.0,,[],21260.0,19.483774,-99.210195,2025-11-30 06:25:43
https://propiedades.com/inmuebles/casa-en-venta-cerrada-de-la-loma-lomas-de-san-angel-inn-df-30079513#pagina=25&tipos=residencial-venta&area=df&pos=4,22363963.0,9400000.0,"Venta casa en Cerrada de la Loma, Colonia Lomas de San Ángel Inn, C.P. 01790",Casa,calle cerrada y tranquila. Son 241 m2 habitables en 2 niveles. Planta baja,Lomas de San Ángel Inn,Álvaro Obregón,1790.0,3.0,2.0,0.0,,60.0,[],47160.0,19.345143,-99.199835,2025-11-30 06:26:00
https://propiedades.com/inmuebles/departamento-en-venta-departamento-con-amenidades-en-barranca-del-muerto-merced-gomez-df-30554237#pagina=2&tipos=residencial-venta&area=df&pos=3,28284767.0,5991000.0,"Venta de departamento en DEPARTAMENTO CON AMENIDADES EN BARRANCA DEL MUERTO, Colonia Merced Gómez, C.P. 01600",Departamento,,Merced Gómez,Álvaro Obregón,1600.0,2.0,2.0,100.0,1.0,1.0,['Cisterna'],45450.0,19.364683,-99.198554,2025-11-30 06:26:16
https://propiedades.com/inmuebles/departamento-en-venta-santa-anita-df-30556006#pagina=24&tipos=residencial-venta&area=df&pos=22,29711790.0,1954500.0,"Departamento disponible en venta en , Colonia Santa Anita, C.P. 08300",Departamento,"Iztacalco, Ciudad de México",Santa Anita,Desconocida,8300.0,2.0,1.0,65.0,1.0,,[],19350.0,,,2025-11-30 06:26:33
https://propiedades.com/inmuebles/departamento-en-venta-av-bordo-85magenta-a-ph4-exejido-de-santa-ursula-coapa-df-30399188#pagina=17&tipos=residencial-venta&area=df&pos=15,30171370.0,7900000.0,"Departamento en venta disponible en Av. Bordo 85magenta A ph4, Colonia Ex-Ejido de Santa Ursula Coapa, C.P. 04980",Departamento,Av. Bordo 85magenta A ph4,Ex-ejido de Santa Ursula Coapa,Coyoacán,4980.0,3.0,3.0,0.0,,9.0,[],34530.0,19.304115,-99.153214,2025-11-30 06:27:18
https://propiedades.com/inmuebles/departamento-en-venta-c-roberto-koch-15-impi-picos-iztacalco-08760-ciudad-de-mexico-cdmx-15-inpi-picos-df-30486264#pagina=31&tipos=residencial-venta&area=df&pos=30,28232391.0,2340000.0,"Se vende departamento en C. Roberto Koch 15, Impi Picos, Iztacalco, 08760 Ciudad de México, CDMX #15, Colonia INPI Picos, C.P. 08760",Departamento,C. Roberto Koch 15,Inpi Picos,Iztacalco,8760.0,3.0,1.0,73.0,1.0,42.0,['Cisterna'],12910.0,19.391306,-99.10371,2025-11-30 06:27:35
https://propiedades.com/inmuebles/departamento-en-venta-balderas-136-colonia-centro-centro-cuauhtemoc-06070-ciudad-de-mexico-cdmx-136-centro-area-7-df-30333376#pagina=12&tipos=residencial-venta&area=df&pos=19,30541900.0,2950000.0,"Venta departamento en Balderas 136, Colonia Centro, Centro, Cuauhtémoc, 06070 Ciudad de México, CDMX #136Int. 703, Colonia Centro (Área 7), C.P. 06070",Departamento,Balderas 136,Centro (área 7),Cuauhtémoc,6070.0,2.0,1.0,62.0,1.0,6.0,[],36970.0,19.43263,-99.133178,2025-11-30 06:27:47
https://propiedades.com/inmuebles/departamento-en-venta-gutierrez-zamora-ampliacion-alpes-df-28284770#pagina=15&tipos=residencial-venta&area=df&pos=7,30554235.0,7071350.0,"Venta departamento en Gutierrez Zamora, Colonia Ampliación Alpes, C.P. 01710",Departamento,Gutierrez Zamora,Ampliación Alpes,Desconocida,1710.0,2.0,2.0,0.0,2.0,2.0,[],53460.0,,,2025-11-30 06:28:00
https://propiedades.com/inmuebles/departamento-en-venta-cienfuegos-1077-lindavista-norte-df-30296301#pagina=13&tipos=residencial-venta&area=df&pos=37,30562995.0,3700000.0,"Departamento en venta, Cienfuegos #1077, Colonia Lindavista Norte, C.P. 07300",Departamento,Venta,Lindavista Norte,Gustavo A. Madero,7300.0,3.0,2.0,40.0,1.0,,['Cisterna'],34430.0,19.505739,-99.148014,2025-11-30 06:28:14
https://propiedades.com/inmuebles/departamento-en-venta-balderas-132-centro-area-7-df-30296274#pagina=12&tipos=residencial-venta&area=df&pos=37,29985608.0,2300000.0,"Se vende departamento Balderas #132, Colonia Centro (Área 7), C.P. 06070",Departamento,,Centro (área 7),Cuauhtémoc,6070.0,2.0,1.0,34.0,,1.0,[],36970.0,19.43263,-99.133178,2025-11-30 06:28:27
https://propiedades.com/inmuebles/casa-en-condominio-en-venta-avenida-san-lorenzo-80-san-lorenzo-la-cebada-df-29990152#pagina=9&tipos=residencial-venta&area=df&pos=47,,9977115.0,"Se vende casa en condominio Avenida San Lorenzo #80Int. 28, Colonia San Lorenzo La Cebada, C.P. 16035",Casa,Avenida San Lorenzo #80Int. 28,San Lorenzo la Cebada,Desconocida,16035.0,3.0,3.0,,,30.0,['Cisterna'],,,,2025-11-30 06:28:43
https://propiedades.com/inmuebles/casa-en-venta-avenida-del-castillo-ampliacion-cocoyotes-df-30012072#pagina=31&tipos=residencial-venta&area=df&pos=23,30249876.0,3100000.0,"Casa en venta, Avenida del Castillo, Colonia Ampliación Cocoyotes, C.P. 07180",Casa,"Cuautepec de Madero, Ciudad de México",Ampliación Cocoyotes,Desconocida,7180.0,3.0,2.0,240.0,,51.0,['Telefonía'],27470.0,,,2025-11-30 06:28:57
https://propiedades.com/inmuebles/casa-en-venta-segunda-cerrada-de-frontera-san-angel-df-28133465#pagina=19&tipos=residencial-venta&area=df&pos=2,28448345.0,39500000.0,"Venta de casa en Segunda Cerrada de Frontera, Colonia San Angel, C.P. 01000",Casa,,San Angel,Álvaro Obregón,1000.0,4.0,5.0,,6.0,,['Aire acondicionado'],47160.0,19.344367,-99.192447,2025-11-30 06:29:14
https://propiedades.com/inmuebles/departamento-en-venta-uxmal-620-vertiz-narvarte-benito-juarez-03600-ciudad-de-mexico-cdmx-620-vertiz-narvarte-df-30400599#pagina=6&tipos=residencial-venta&area=df&pos=42,30594784.0,6600000.0,"Se vende departamento en Uxmal 620, Vértiz Narvarte, Benito Juárez, 03600 Ciudad de México, CDMX #620, Colonia Vertiz Narvarte, C.P. 03600",Departamento,Uxmal 620,Vertiz Narvarte,Benito Juárez,3600.0,3.0,2.0,97.0,2.0,,[],41310.0,19.378535,-99.156929,2025-11-30 06:29:30
https://propiedades.com/inmuebles/departamento-en-venta-del-valle-centro-df-30434302#pagina=19&tipos=residencial-venta&area=df&pos=29,28602238.0,5.0,"Departamento en venta disponible en , Colonia Del Valle Centro, C.P. 03100",Departamento,,Del Valle Centro,Benito Juárez,3100.0,3.0,2.0,113.0,1.0,50.0,[],42630.0,19.386924,-99.163602,2025-11-30 06:30:05
https://propiedades.com/inmuebles/casa-en-venta-lomas-de-vista-hermosa-df-30457437#pagina=16&tipos=residencial-venta&area=df&pos=37,29281376.0,23950000.0,"Se vende casa en , Colonia Lomas de Vista Hermosa, C.P. 05100",Casa,,Lomas de Vista Hermosa,Cuajimalpa,5100.0,3.0,4.0,429.0,6.0,,[],37610.0,19.37698,-99.275171,2025-11-30 06:30:22
https://propiedades.com/inmuebles/departamento-en-venta-av-carlos-fernandez-graef-contadero-ciudad-de-mexico-cdmx-sn-las-tinajas-df-30219991#pagina=35&tipos=residencial-venta&area=df&pos=8,23024222.0,8500000.0,"Departamento en venta disponible en Av. Carlos Fernández Graef, Contadero, Ciudad de México, CDMX #s/n, Colonia Las Tinajas, C.P. 05370",Departamento,"Contadero, Ciudad de México",Las Tinajas,Desconocida,5370.0,2.0,2.0,125.0,3.0,1.0,"['Cisterna', 'Telefonía', 'Aire acondicionado']",49470.0,,,2025-11-30 06:30:40
https://propiedades.com/inmuebles/departamento-en-venta-granada-ciudad-de-mexico-cdmx-granada-df-30467053#pagina=35&tipos=residencial-venta&area=df&pos=28,30432627.0,2400.0,"Venta departamento en Granada, Ciudad de México, CDMX, Colonia Granada, C.P. 11520",Departamento,,Granada,Desconocida,11520.0,2.0,2.0,72.0,1.0,,[],65250.0,,,2025-11-30 06:30:55
https://propiedades.com/inmuebles/departamento-en-venta-casa-del-obrero-mundial-114-codigo-2-col-del-valle-nte-benito-juarez-03103-del-valle-nte-cdmx-del-valle-norte-df-30327427#pagina=2&tipos=residencial-venta&area=df&pos=24,30477186.0,3129115.0,"Venta de departamento en Casa del Obrero Mundial 114, código 2, Col del Valle Nte, Benito Juárez, 03103 Del Valle Nte, CDMX, Colonia Del Valle Norte, C.P. 03103",Departamento,,Del Valle Norte,Benito Juárez,3103.0,1.0,1.0,78.0,1.0,1.0,[],42630.0,19.373635,-99.157408,2025-11-30 06:31:09
https://propiedades.com/inmuebles/casa-en-venta-alamos-03400-ciudad-de-mexico-cdmx-sn-alamos-df-30490622#pagina=32&tipos=residencial-venta&area=df&pos=3,30404549.0,12500000.0,"Casa en venta disponible en Álamos, 03400 Ciudad de México, CDMX #s/n, Colonia Álamos, C.P. 03400",Casa,Disponible en Álamos,Álamos,Benito Juárez,3400.0,5.0,6.0,427.0,5.0,40.0,[],38340.0,19.394749,-99.142949,2025-11-30 06:31:37
https://propiedades.com/inmuebles/departamento-en-venta-portales-sur-df-30569718#pagina=18&tipos=residencial-venta&area=df&pos=9,30361918.0,3599000.0,"Venta departamento en , Colonia Portales Sur, C.P. 03300",Departamento,,Portales Sur,Benito Juárez,3300.0,2.0,1.0,65.0,1.0,6.0,[],41970.0,19.361694,-99.148914,2025-11-30 06:31:55
https://propiedades.com/inmuebles/casa-en-venta-anzures-df-29364373#pagina=23&tipos=residencial-venta&area=df&pos=31,,14500000.0,"Venta de casa , Colonia Anzures, C.P. 11590",Casa,AV. PRIMARIA CIRCUITO INTERIOR,Anzures,Miguel Hidalgo,11590.0,3.0,3.0,,,45.0,[],51110.0,19.432097,-99.177165,2025-11-30 06:32:10
https://propiedades.com/inmuebles/departamento-en-venta-alfonso-reyes-hipodromo-df-30274533#pagina=5&tipos=residencial-venta&area=df&pos=30,28508210.0,4500000.0,"Venta de departamento Alfonso Reyes, Colonia Hipódromo, C.P. 06100",Departamento,,Hipódromo,Cuauhtémoc,6100.0,2.0,1.0,60.0,,,[],62600.0,19.409371,-99.171213,2025-11-30 06:32:26
https://propiedades.com/inmuebles/departamento-en-venta-suits-con-amenidades-para-inversionistas-en-roma-norte-roma-norte-df-30560891#pagina=2&tipos=residencial-venta&area=df&pos=16,29382229.0,5994000.0,"Departamento disponible en venta en SUITS CON AMENIDADES PARA INVERSIONISTAS EN ROMA NORTE, Colonia Roma Norte, C.P. 06700",Departamento,Suits CON Amenidades Para Inversionistas EN Roma Norte,Roma Norte,Cuauhtémoc,6700.0,2.0,1.0,52.0,1.0,1.0,"['Cisterna', 'Aire acondicionado']",54490.0,19.418323,-99.162565,2025-11-30 06:32:42
https://propiedades.com/inmuebles/departamento-en-venta-ciencias-escandon-i-seccion-df-30085984#pagina=21&tipos=residencial-venta&area=df&pos=9,28472924.0,3237000.0,"Venta departamento en Ciencias, Colonia Escandón I Sección, C.P. 11800",Departamento,,Escandón I Sección,Miguel Hidalgo,11800.0,1.0,1.0,42.0,,,[],42820.0,19.407116,-99.190617,2025-11-30 06:33:29
https://propiedades.com/inmuebles/departamento-en-venta-av-instituto-politecnico-nacional-lindavista-norte-df-30545502#pagina=27&tipos=residencial-venta&area=df&pos=18,30537469.0,5680000.0,"Venta de departamento Av Instituto Politécnico Nacional, Colonia Lindavista Norte, C.P. 07300",Departamento,,Lindavista Norte,Gustavo A. Madero,7300.0,2.0,2.0,65.0,2.0,1.0,['Cisterna'],34430.0,19.505739,-99.148014,2025-11-30 06:33:46
https://propiedades.com/inmuebles/departamento-en-venta-antillas-portales-sur-df-28909306#pagina=4&tipos=residencial-venta&area=df&pos=33,30432519.0,3991684.0,"Venta de departamento Antillas, Colonia Portales Sur, C.P. 03300",Departamento,,Portales Sur,Benito Juárez,3300.0,2.0,2.0,4.0,1.0,,[],41970.0,19.361694,-99.148914,2025-11-30 06:34:01
https://propiedades.com/inmuebles/departamento-en-venta-sierra-gorda-lomas-de-chapultepec-vii-seccion-df-28752767#pagina=18&tipos=residencial-venta&area=df&pos=16,29460555.0,42000000.0,"Departamento en venta disponible en Sierra Gorda, Colonia Lomas de Chapultepec VII Sección, C.P. 11000",Departamento,Disponible en Sierra Gorda,Lomas de Chapultepec VII Sección,Miguel Hidalgo,11000.0,3.0,3.0,,,10.0,['Aire acondicionado'],58630.0,19.407116,-99.190617,2025-11-30 06:34:13
https://propiedades.com/inmuebles/casa-en-venta-san-jose-insurgentes-df-27479236#pagina=24&tipos=residencial-venta&area=df&pos=7,30511262.0,13600000.0,"Venta de casa en , Colonia San José Insurgentes, C.P. 03900",Casa,,San José Insurgentes,Desconocida,3900.0,3.0,3.0,213.0,2.0,,[],45250.0,,,2025-11-30 06:34:28
https://propiedades.com/inmuebles/casa-en-venta-alvaro-resendiz-coapa-presidentes-ejidales-1ra-secc-04470-ciudad-de-mexico-cdmx-presidentes-ejidales-2a-seccion-df-30339263#pagina=34&tipos=residencial-venta&area=df&pos=29,29895954.0,7895000.0,"Casa en venta disponible en Álvaro Reséndiz, Coapa, Presidentes Ejidales 1ra Secc, 04470 Ciudad de México, CDMX, Colonia Presidentes Ejidales 2a Sección, C.P. 04470",Casa,Disponible en Álvaro Reséndiz,Presidentes Ejidales Ii Sección,Desconocida,4470.0,3.0,3.0,60.0,2.0,10.0,"['Cisterna', 'Telefonía']",26240.0,,,2025-11-30 06:34:44
https://propiedades.com/inmuebles/departamento-en-venta-division-del-norte-lomas-de-memetla-df-27729469#pagina=19&tipos=residencial-venta&area=df&pos=34,30564577.0,4285000.0,"Se vende departamento en División del Norte, Colonia Lomas de Memetla, C.P. 05330",Departamento,División del Norte,Lomas de Memetla,Desconocida,5330.0,3.0,2.0,60.0,1.0,3.0,[],42750.0,,,2025-11-30 06:34:58
https://propiedades.com/inmuebles/departamento-en-venta-benito-miranda-77-edificio-b1-503-santa-ana-poniente-las-penas-iztapalapa-ciudad-de-mexico-cdm-las-penas-df-30327544#tipos=residencial-venta&area=df&pos=11,29685629.0,989000.0,"Departamento en venta, Benito Miranda 77 EDIFICIO B1, 503, Santa Ana Poniente, Las Peñas, Iztapalapa, Ciudad de México, CDM, Colonia Las Peñas, C.P. 09750",Departamento,"Iztapalapa, Ciudad de México",Las Peñas,Iztapalapa,9750.0,2.0,1.0,,1.0,28.0,[],9860.0,19.342917,-99.044772,2025-11-30 06:35:15
https://propiedades.com/inmuebles/departamento-en-venta-cruz-del-farol-69-miguel-hidalgo-df-28864851#pagina=13&tipos=residencial-venta&area=df&pos=1,29685522.0,2190000.0,"Venta de departamento cruz del farol #69, Colonia Miguel Hidalgo, C.P. 14250",Departamento,,Miguel Hidalgo,Miguel Hidalgo,14250.0,3.0,1.0,100.0,1.0,9.0,['Cisterna'],23140.0,19.4157,-99.213688,2025-11-30 06:35:29
https://propiedades.com/inmuebles/casa-en-venta-temiz-bosques-de-tarango-df-30338073#pagina=26&tipos=residencial-venta&area=df&pos=16,27714517.0,18800000.0,"Venta de casa en TEMIZ, Colonia Bosques de Tarango, C.P. 01580",Casa,Temiz,Bosques de Tarango,Desconocida,1580.0,3.0,3.0,244.0,4.0,6.0,"['Cisterna', 'Telefonía']",24000.0,,,2025-11-30 06:35:41
https://propiedades.com/inmuebles/departamento-en-venta-bilbao-28-interior-002-granjas-estrella-iztapalapa-ciudad-de-mexico--granjas-estrella-df-30334903#pagina=2&tipos=residencial-venta&area=df&pos=46,30048692.0,1292000.0,"Departamento disponible en venta en Bilbao 28, Interior 002, Granjas Estrella, Iztapalapa, Ciudad de México. , Colonia Granjas Estrella, C.P. 09880",Departamento,"Iztapalapa, Ciudad de México",Granjas Estrella,Iztapalapa,9880.0,2.0,1.0,43.0,1.0,30.0,[],14440.0,19.323036,-99.079056,2025-11-30 06:36:11
https://propiedades.com/inmuebles/casa-en-venta-pujato-41-lindavista-norte-df-29926977#pagina=3&tipos=residencial-venta&area=df&pos=25,30585913.0,9000000.0,"Venta de casa en Pujato #41, Colonia Lindavista Norte, C.P. 07300",Casa,,Lindavista Norte,Gustavo A. Madero,7300.0,3.0,3.0,,,25.0,['Telefonía'],22480.0,19.505739,-99.148014,2025-11-30 06:36:27
https://propiedades.com/inmuebles/departamento-en-venta-gabriel-mancera-del-valle-sur-df-30085975#pagina=21&tipos=residencial-venta&area=df&pos=13,26089152.0,5713003.0,"Venta de departamento Gabriel Mancera, Colonia Del Valle Sur, C.P. 03104",Departamento,"Col del Valle Centro, Ciudad de México",Del Valle Sur,Benito Juárez,3104.0,2.0,2.0,0.0,1.0,,[],42630.0,19.389128,-99.175683,2025-11-30 06:36:43
https://propiedades.com/inmuebles/departamento-en-venta-tomas-alva-edison-tabacalera-df-27243643#pagina=4&tipos=residencial-venta&area=df&pos=17,28972527.0,2429926.0,"Venta departamento en Tomás Alva Edison, Colonia Tabacalera, C.P. 06030",Departamento,,Tabacalera,Desconocida,6030.0,1.0,1.0,0.0,0.0,,[],61480.0,,,2025-11-30 06:36:59
https://propiedades.com/inmuebles/departamento-en-venta-david-herrera-16-escandon-i-secc-miguel-hidalgo-11800-ciudad-de-mexico-cdmx-16-escandon-ii-seccion-df-30378721#pagina=9&tipos=residencial-venta&area=df&pos=9,30484446.0,9479360.0,"Departamento en venta, David Herrera 16, Escandón I Secc, Miguel Hidalgo, 11800 Ciudad de México, CDMX #16, Colonia Escandón II Sección, C.P. 11800",Departamento,Venta,Escandón Ii Sección,Miguel Hidalgo,11800.0,4.0,3.0,200.0,2.0,1.0,[],42820.0,19.407116,-99.190617,2025-11-30 06:37:16
https://propiedades.com/inmuebles/departamento-en-venta-medellin-216-roma-nte-cuauhtemoc-06700-ciudad-de-mexico-cdmx-216-roma-norte-df-30507396#pagina=8&tipos=residencial-venta&area=df&pos=3,30367813.0,7000000.0,"Se vende departamento Medellín 216, Roma Nte., Cuauhtémoc, 06700 Ciudad de México, CDMX #216, Colonia Roma Norte, C.P. 06700",Departamento,,Roma Norte,Cuauhtémoc,6700.0,3.0,2.0,65.0,2.0,1.0,[],54490.0,19.418323,-99.162565,2025-11-30 06:37:29
https://propiedades.com/inmuebles/departamento-en-venta-avenida-jardin-sn-tlatilco-df-29685652#pagina=13&tipos=residencial-venta&area=df&pos=20,30588720.0,2200000.0,"Departamento disponible en venta en Avenida Jardín #s/n, Colonia Tlatilco, C.P. 02860",Departamento,Avenida Jardín #s/n,Tlatilco,Desconocida,2860.0,3.0,1.0,59.0,1.0,10.0,['Cisterna'],30410.0,,,2025-11-30 06:37:42
https://propiedades.com/inmuebles/departamento-en-venta-barranca-del-muerto-guadalupe-inn-df-30003905#pagina=4&tipos=residencial-venta&area=df&pos=12,27477467.0,4500000.0,"Venta de departamento en Barranca del muerto, Colonia Guadalupe Inn, C.P. 01020",Departamento,,Guadalupe Inn,Desconocida,1020.0,2.0,2.0,120.0,3.0,,[],49840.0,,,2025-11-30 06:37:57
https://propiedades.com/inmuebles/departamento-en-venta-calle-general-prim-1-centro-area-4-df-29445816#pagina=12&tipos=residencial-venta&area=df&pos=23,30327543.0,2850000.0,"Departamento disponible en venta en Calle General Prim #1, Colonia Centro (Área 4), C.P. 06040",Departamento,"Cuauhtémoc, Ciudad de México",Centro (área 4),Cuauhtémoc,6040.0,1.0,1.0,35.0,,,['Cisterna'],36970.0,19.43263,-99.133178,2025-11-30 06:38:14
https://propiedades.com/inmuebles/departamento-en-venta-av-rio-san-joaquin-498-amp-granada-miguel-hidalgo-11529-ciudad-de-mexico-cdmx-498-ampliacion-granada-df-30378632#pagina=8&tipos=residencial-venta&area=df&pos=5,30537460.0,17490000.0,"Departamento en venta disponible en Av. Río San Joaquín 498, Amp Granada, Miguel Hidalgo, 11529 Ciudad de México, CDMX #498, Colonia Ampliación Granada, C.P. 11529",Departamento,Avenida Río San Joaquín 498,Ampliación Granada,Miguel Hidalgo,11529.0,3.0,2.0,96.0,3.0,1.0,[],65250.0,19.444264,-99.199186,2025-11-30 06:38:29
https://propiedades.com/inmuebles/departamento-en-venta-avenida-oaxaca-36-roma-norte-df-28979084#pagina=11&tipos=residencial-venta&area=df&pos=45,30115441.0,3630000.0,"Departamento en venta, Avenida Oaxaca #36, Colonia Roma Norte, C.P. 06700",Departamento,Venta,Roma Norte,Cuauhtémoc,6700.0,1.0,1.0,37.0,1.0,,['Cisterna'],54490.0,19.418323,-99.162565,2025-11-30 06:40:09
https://propiedades.com/inmuebles/casa-en-venta-canal-de-la-virgen-24-18-xochimilco-16034-ciudad-de-mexico-cdmx-24-18-df-30494560#pagina=25&tipos=residencial-venta&area=df&pos=24,29535502.0,4146700.0,"Venta casa en Canal de La Virgen 24, 18, Xochimilco, 16034 Ciudad de México, CDMX #24, Colonia 18, C.P. 16034",Casa,Canal de La Virgen 24,18,Xochimilco,16034.0,3.0,1.0,72.0,3.0,1.0,[],28210.0,19.281945,-99.109754,2025-11-30 06:40:26
https://propiedades.com/inmuebles/casa-en-condominio-en-venta-av-san-francisco-368-barrio-san-francisco-la-magdalena-contreras-10500-ciudad-de-mexico-cdmx-368-barrio-san-francisco-df-30296463#pagina=10&tipos=residencial-venta&area=df&pos=46,30057569.0,10500000.0,"Casa en condominio disponible en venta en Av. San Francisco 368, Barrio San Francisco, La Magdalena Contreras, 10500 Ciudad de México, CDMX #368Int. 5, Colonia Barrio San Francisco, C.P. 10500",Casa,Avenida San Francisco 368,Barrio San Francisco,Tláhuac,10500.0,3.0,3.0,250.0,2.0,6.0,['Cisterna'],,19.258766,-99.002758,2025-11-30 06:40:40
https://propiedades.com/inmuebles/departamento-en-venta-calle-bahia-de-sta-barbara-150-veronica-anzures-miguel-hidalgo-11300-ciudad-de-mexico-cdmx-150-veronica-anzures-df-30472836#pagina=8&tipos=residencial-venta&area=df&pos=41,29484328.0,1910000.0,"Venta de departamento en Calle Bahia de Sta. Barbara 150, Verónica Anzúres, Miguel Hidalgo, 11300 Ciudad de México, CDMX #150, Colonia Veronica Anzures, C.P. 11300",Departamento,Calle Bahia de Sta. Barbara 150,Veronica Anzures,Miguel Hidalgo,11300.0,2.0,1.0,56.0,1.0,23.0,"['Cisterna', 'Telefonía']",48270.0,19.436364,-99.174758,2025-11-30 06:40:55
https://propiedades.com/inmuebles/casa-en-venta-avenida-de-los-45-metros-650-san-bartolo-atepehuacan-df-29893534#pagina=11&tipos=residencial-venta&area=df&pos=35,30245885.0,7300000.0,"Casa en venta disponible en Avenida de los 45 Metros #650Int. 5, Colonia San Bartolo Atepehuacan, C.P. 07730",Casa,Avenida de los 45 Metros #650Int. 5,San Bartolo Atepehuacan,Desconocida,7730.0,3.0,3.0,,,20.0,['Cisterna'],28420.0,,,2025-11-30 06:41:09
https://propiedades.com/inmuebles/departamento-en-venta-av-cuauhtemoc-doctores-df-29782632#pagina=4&tipos=residencial-venta&area=df&pos=27,29782633.0,3279000.0,"Departamento en venta disponible en Av. Cuauhtémoc, Colonia Doctores, C.P. 06720",Departamento,,Doctores,Cuauhtémoc,6720.0,1.0,1.0,0.0,1.0,,[],20910.0,19.421442,-99.14322,2025-11-30 06:41:24
https://propiedades.com/inmuebles/casa-en-condominio-en-venta-la-malinche-colinas-del-bosque-df-29853475#pagina=33&tipos=residencial-venta&area=df&pos=27,,33000000.0,"Se vende casa en condominio La Malinche, Colonia Colinas del Bosque, C.P. 14608",Casa,Condominio La Malinche,Colinas del Bosque,Desconocida,14608.0,4.0,4.0,,,22.0,"['Cisterna', 'Telefonía']",,,,2025-11-30 06:41:42
https://propiedades.com/inmuebles/departamento-en-venta-departamento-con-2-recamaras-y-amenidades-en-zoltan-kodaly-san-simon-tolnahuac-df-30367139#pagina=30&tipos=residencial-venta&area=df&pos=43,30385490.0,2326000.0,"Venta de departamento en DEPARTAMENTO CON 2 RECAMARAS Y AMENIDADES EN ZOLTAN KODALY, Colonia San Simón Tolnahuac, C.P. 06920",Departamento,"San Simón Tolnahuac, Ciudad de México",San Simón Tolnahuac,Desconocida,6920.0,2.0,1.0,46.0,1.0,1.0,['Cisterna'],19830.0,,,2025-11-30 06:41:57
https://propiedades.com/inmuebles/casa-en-venta-san-lorenzo-huipulco-df-28768673#pagina=27&tipos=residencial-venta&area=df&pos=44,29981502.0,9700000.0,"Venta casa en Unidad #78, Colonia San Lorenzo Huipulco, C.P. 14370",Casa,Unidad #78,San Lorenzo Huipulco,Desconocida,14370.0,3.0,3.0,,3.0,,"['Cisterna', 'Telefonía']",24140.0,,,2025-11-30 06:42:13
https://propiedades.com/inmuebles/departamento-en-venta-indianapolis-10-napoles-benito-juarez-03810-ciudad-de-mexico-cdmx-10-napoles-df-30447986#pagina=10&tipos=residencial-venta&area=df&pos=37,29414820.0,10540000.0,"Se vende departamento en Indianapolis 10, Nápoles, Benito Juárez, 03810 Ciudad de México, CDMX #10, Colonia Napoles, C.P. 03810",Departamento,Indianapolis 10,Napoles,Benito Juárez,3810.0,3.0,2.0,51.0,1.0,10.0,['Cisterna'],51830.0,19.395574,-99.177874,2025-11-30 06:42:31
https://propiedades.com/inmuebles/departamento-en-venta-paseo-de-la-reforma-lomas-de-santa-fe-df-30392850#pagina=16&tipos=residencial-venta&area=df&pos=47,29752352.0,4600000.0,"Departamento en venta, Paseo de la Reforma, Colonia Lomas de Santa Fe, C.P. 01219",Departamento,,Lomas de Santa Fe,Álvaro Obregón,1219.0,1.0,2.0,82.0,2.0,,[],52900.0,19.386783,-99.24078,2025-11-30 06:42:59
https://propiedades.com/inmuebles/casa-en-venta-del-carmen-df-27473231#pagina=25&tipos=residencial-venta&area=df&pos=35,24733448.0,12000000.0,"Casa disponible en venta en , Colonia Del Carmen, C.P. 04100",Casa,,Del Carmen,Desconocida,4100.0,3.0,2.0,5.0,4.0,,[],38930.0,,,2025-11-30 06:43:15
https://propiedades.com/inmuebles/casa-en-venta-av-las-flores-278-pilares-aguilas-alvaro-obregon-01710-ciudad-de-mexico-cdmx-278-ampliacion-alpes-df-30498565#pagina=30&tipos=residencial-venta&area=df&pos=30,26643278.0,18254313.0,"Casa disponible en venta en Av las Flores 278, Pilares Águilas, Álvaro Obregón, 01710 Ciudad de México, CDMX #278, Colonia Ampliación Alpes, C.P. 01710",Casa,Av las Flores 278,Ampliación Alpes,Álvaro Obregón,1710.0,3.0,3.0,461.0,3.0,,[],40690.0,19.350348,-99.204484,2025-11-30 06:43:33
https://propiedades.com/inmuebles/casa-en-venta-av-16-de-septiembre-85-tablas-de-san-lorenzo-san-lorenzo-atemoaya-xochimilco-16400-ciudad-de-me-85-san-lorenzo-atemoaya-df-30309422#pagina=8&tipos=residencial-venta&area=df&pos=17,27335007.0,3900000.0,"Venta casa en Av. 16 de Septiembre 85, Tablas de San Lorenzo, San Lorenzo Atemoaya, Xochimilco, 16400 Ciudad de Mé #85, Colonia San Lorenzo Atemoaya, C.P. 16400",Casa,"Xochimilco, Ciudad de México",San Lorenzo Atemoaya,Xochimilco,16400.0,3.0,1.0,,,29.0,"['Cisterna', 'Telefonía']",16400.0,19.248032,-99.099808,2025-11-30 06:43:46
https://propiedades.com/inmuebles/departamento-en-venta-bahia-de-campeche-tacuba-df-30158136#pagina=19&tipos=residencial-venta&area=df&pos=14,30072347.0,2300000.0,"Venta de departamento Bahia de campeche, Colonia Tacuba, C.P. 11410",Departamento,,Tacuba,Desconocida,11410.0,3.0,1.0,0.0,1.0,,[],28000.0,,,2025-11-30 06:44:01
https://propiedades.com/inmuebles/departamento-en-venta-cobalto-90-lomas-del-pedregal-framboyanes-df-26305139#pagina=14&tipos=residencial-venta&area=df&pos=20,30333782.0,12150000.0,"Departamento disponible en venta en cobalto #90, Colonia Lomas del Pedregal Framboyanes, C.P. 14150",Departamento,Cobalto #90,Lomas del Pedregal Framboyanes,Desconocida,14150.0,2.0,2.0,146.0,2.0,,"['Cisterna', 'Telefonía']",47970.0,,,2025-11-30 06:44:17
https://propiedades.com/inmuebles/casa-en-venta-san-pedro-martir-df-27114078#pagina=24&tipos=residencial-venta&area=df&pos=40,30228385.0,4100000.0,"Casa en venta, , Colonia San Pedro Mártir, C.P. 14650",Casa,calle súper tranquila en la colonia San Pedro Mártir. Al entrar a la casa se encuentra una escalinata por donde pod,San Pedro Mártir,Tlalpan,14650.0,4.0,2.0,,,35.0,[],21830.0,19.266621,-99.167191,2025-11-30 06:44:30
https://propiedades.com/inmuebles/departamento-en-venta-del-valle-sur-df-28906983#pagina=22&tipos=residencial-venta&area=df&pos=45,28886024.0,8330000.0,"Departamento en venta, , Colonia Del Valle Sur, C.P. 03104",Departamento,Venta,Del Valle Sur,Benito Juárez,3104.0,3.0,2.0,60.0,2.0,,[],42630.0,19.389128,-99.175683,2025-11-30 06:44:45
https://propiedades.com/inmuebles/departamento-en-venta-penthouse-con-roof-privado-en-santa-maria-la-ribera-santa-maria-la-ribera-df-30121011#pagina=24&tipos=residencial-venta&area=df&pos=24,30456511.0,6000000.0,"Venta departamento en PENTHOUSE CON ROOF PRIVADO EN SANTA MARIA LA RIBERA, Colonia Santa Maria La Ribera, C.P. 06400",Departamento,Penthouse CON Roof Privado EN Santa Maria LA Ribera,Santa Maria la Ribera,Desconocida,6400.0,2.0,2.0,84.0,1.0,,[],36890.0,,,2025-11-30 06:45:01
https://propiedades.com/inmuebles/departamento-en-venta-portales-sur-df-29750097#pagina=26&tipos=residencial-venta&area=df&pos=17,29333922.0,3280000.0,"Se vende departamento en , Colonia Portales Sur, C.P. 03300",Departamento,,Portales Sur,Benito Juárez,3300.0,2.0,1.0,60.0,1.0,14.0,[],41970.0,19.361694,-99.148914,2025-11-30 06:45:14
https://propiedades.com/inmuebles/departamento-en-venta-bahia-de-san-hipolito-43-veronica-anzures-df-30144816#pagina=10&tipos=residencial-venta&area=df&pos=43,30555983.0,3589000.0,"Venta departamento en Bahía de San Hipólito #43Int. 1203, Colonia Veronica Anzures, C.P. 11300",Departamento,Bahía de San Hipólito #43int. 1203,Veronica Anzures,Miguel Hidalgo,11300.0,3.0,2.0,70.0,1.0,12.0,"['Cisterna', 'Telefonía']",48270.0,19.436264,-99.174402,2025-11-30 06:46:09
https://propiedades.com/inmuebles/departamento-en-venta-hilario-perez-de-leon-americas-unidas-03610-ciudad-de-mexico-cdmx-americas-unidas-df-30261384#pagina=11&tipos=residencial-venta&area=df&pos=30,30201959.0,3703500.0,"Departamento disponible en venta en Hilario Pérez de León, Américas Unidas, 03610 Ciudad de México, CDMX, Colonia Américas Unidas, C.P. 03610",Departamento,Hilario Pérez de León,Américas Unidas,Benito Juárez,3610.0,2.0,2.0,70.0,1.0,8.0,[],31620.0,19.382511,-99.140913,2025-11-30 06:46:24
https://propiedades.com/inmuebles/casa-en-condominio-en-venta-avenida-barranca-de-tarango-80-tarango-df-29920943#pagina=9&tipos=residencial-venta&area=df&pos=21,29943835.0,16950000.0,"Casa en condominio en venta disponible en Avenida Barranca de Tarango #80Int. 14, Colonia Tarango, C.P. 01588",Casa,Avenida Barranca de Tarango #80Int. 14,Tarango,Desconocida,1588.0,3.0,4.0,,,,['Cisterna'],,,,2025-11-30 06:46:39
https://propiedades.com/inmuebles/departamento-en-venta-fundidores-73-trabajadores-de-hierro-azcapotzalco-02650-ciudad-de-mexico-cdmx-trabajadores-de-hierro-df-30485970#pagina=8&tipos=residencial-venta&area=df&pos=46,30519891.0,3541000.0,"Se vende departamento en Fundidores 73, Trabajadores de Hierro, Azcapotzalco, 02650 Ciudad de México, CDMX, Colonia Trabajadores de Hierro, C.P. 02650",Departamento,Fundidores 73,Trabajadores de Hierro,Azcapotzalco,2650.0,2.0,2.0,89.0,2.0,9.0,['Cisterna'],23610.0,19.483891,-99.184394,2025-11-30 06:46:56
https://propiedades.com/inmuebles/casa-en-venta-villa-florida-19-19-desarrollo-urbano-quetzalcoatl-df-29753057#pagina=12&tipos=residencial-venta&area=df&pos=15,28573398.0,2750000.0,"Se vende casa en Villa Florida 19 #19, Colonia Desarrollo Urbano Quetzalcoatl, C.P. 09700",Casa,Villa Florida 19 #19,Desarrollo Urbano Quetzalcoatl,Desconocida,9700.0,2.0,2.0,,,16.0,['Cisterna'],16700.0,,,2025-11-30 06:47:11
https://propiedades.com/inmuebles/departamento-en-venta-c-4-285-depto-402-edif-j-agricola-pantitlan-iztacalco-ciudad-de-mexico-cdmx-cp-08100-agricola-pantitlan-df-30420997#tipos=residencial-venta&area=df&pos=36,29413428.0,1407000.0,"Se vende departamento en C. 4 285, Depto. 402, Edif J, Agrícola Pantitlán, Iztacalco, Ciudad de México, CDMX, C.p 08100., Colonia Agrícola Pantitlan, C.P. 08100",Departamento,"Iztacalco, Ciudad de México",Agrícola Pantitlan,Iztacalco,8100.0,2.0,1.0,46.0,1.0,23.0,[],16320.0,19.405797,-99.066372,2025-11-30 06:47:37
https://propiedades.com/inmuebles/departamento-en-venta-francisco-villa-san-juan-tlihuaca-ciudad-de-mexico-cdmx-san-juan-tlihuaca-df-30283502#pagina=7&tipos=residencial-venta&area=df&pos=9,30277358.0,2237000.0,"Venta de departamento en Francisco Villa, San Juan Tlihuaca, Ciudad de México, CDMX, Colonia San Juan Tlihuaca, C.P. 02400",Departamento,"San Juan Tlihuaca, Ciudad de México",San Juan Tlihuaca,Desconocida,2400.0,2.0,1.0,51.0,1.0,11.0,[],16930.0,,,2025-11-30 06:47:50
https://propiedades.com/inmuebles/departamento-en-venta-san-buenaventura-df-30260578#pagina=19&tipos=residencial-venta&area=df&pos=35,30185999.0,5250000.0,"Departamento en venta disponible en , Colonia San Buenaventura, C.P. 14629",Departamento,,San Buenaventura,Desconocida,14629.0,2.0,2.0,35.0,1.0,,[],27620.0,,,2025-11-30 06:48:03
https://propiedades.com/inmuebles/departamento-en-venta-c-gabino-barreda-89-san-rafael-cuauhtemoc-06470-ciudad-de-mexico-cdmx-89-san-rafael-df-30432140#pagina=29&tipos=residencial-venta&area=df&pos=40,28295538.0,6450000.0,"Venta de departamento en C. Gabino Barreda 89, San Rafael, Cuauhtémoc, 06470 Ciudad de México, CDMX #89, Colonia San Rafael, C.P. 06470",Departamento,C. Gabino Barreda 89,San Rafael,Cuauhtémoc,6470.0,2.0,2.0,75.0,1.0,1.0,[],44580.0,19.438513,-99.163704,2025-11-30 06:48:21
https://propiedades.com/inmuebles/departamento-en-venta-museo-190-san-pablo-tepetlapa-df-30154930#pagina=25&tipos=residencial-venta&area=df&pos=14,30179976.0,3800000.0,"Se vende departamento en Museo #190, Colonia San Pablo Tepetlapa, C.P. 04620",Departamento,Avenidas como Tlalpan y División del Norte,San Pablo Tepetlapa,Coyoacán,4620.0,2.0,1.0,,,45.0,[],48470.0,19.321995,-99.138793,2025-11-30 06:48:33
https://propiedades.com/inmuebles/casa-en-venta-bosques-de-las-lomas-df-30555984#pagina=15&tipos=residencial-venta&area=df&pos=28,30582608.0,40000000.0,"Venta de casa , Colonia Bosques de las Lomas, C.P. 05120",Casa,,Bosques de las Lomas,Cuajimalpa,5120.0,4.0,4.0,0.0,5.0,45.0,[],42970.0,19.388115,-99.251801,2025-11-30 06:49:07
https://propiedades.com/inmuebles/departamento-en-venta-paseo-de-los-tamarindos-bosques-de-las-lomas-df-30561638#pagina=15&tipos=residencial-venta&area=df&pos=9,30295440.0,10300000.0,"Departamento en venta, Paseo de los Tamarindos, Colonia Bosques de las Lomas, C.P. 05120",Departamento,Venta,Bosques de las Lomas,Cuajimalpa,5120.0,3.0,2.0,0.0,3.0,4.0,[],46010.0,19.387978,-99.251383,2025-11-30 06:49:25
https://propiedades.com/inmuebles/casa-en-condominio-en-venta-nube-jardines-del-pedregal-df-29881668#pagina=29&tipos=residencial-venta&area=df&pos=24,29980753.0,29500000.0,"Casa en condominio en venta, NUBE, Colonia Jardines del Pedregal, C.P. 01900",Casa,Condominio en Venta,Jardines del Pedregal,Tlalpan,1900.0,3.0,3.0,80.0,7.0,5.0,"['Cisterna', 'Telefonía']",,19.2953,-99.209786,2025-11-30 06:49:43
https://propiedades.com/inmuebles/departamento-en-venta-calz-ignacio-zaragoza-885-agricola-oriental-iztacalco-08500-ciudad-de-mexico-cdmx-885-agricola-oriental-df-30290771#pagina=30&tipos=residencial-venta&area=df&pos=23,30389357.0,1972000.0,"Venta departamento en Calz. Ignacio Zaragoza 885, Agrícola Oriental, Iztacalco, 08500 Ciudad de México, CDMX #885, Colonia Agrícola Oriental, C.P. 08500",Departamento,Calzada Ignacio Zaragoza 885,Agrícola Oriental,Iztacalco,8500.0,2.0,2.0,45.0,1.0,,[],24150.0,19.408499,-99.077033,2025-11-30 06:50:00
https://propiedades.com/inmuebles/departamento-en-venta-av-ricardo-flores-magon-130-buenavista-cuauhtemoc-06300-buenavista-cdmx-130-guerrero-df-30435321#pagina=30&tipos=residencial-venta&area=df&pos=42,28924962.0,1931400.0,"Venta de departamento Av. Ricardo Flores Magón 130, Buenavista, Cuauhtémoc, 06300 Buenavista, CDMX #130Int. A307, Colonia Guerrero, C.P. 06300",Departamento,,Guerrero,Cuauhtémoc,6300.0,2.0,1.0,61.0,1.0,1.0,[],16480.0,19.44491,-99.145173,2025-11-30 06:50:16
https://propiedades.com/inmuebles/departamento-en-venta-zarco-77-guerrero-cuauhtemoc-06300-ciudad-de-mexico-cdmx-77-guerrero-df-30545508#pagina=29&tipos=residencial-venta&area=df&pos=41,30321330.0,513200.0,"Departamento disponible en venta en Zarco 77, Guerrero, Cuauhtémoc, 06300 Ciudad de México, CDMX #77, Colonia Guerrero, C.P. 06300",Departamento,Zarco 77,Guerrero,Cuauhtémoc,6300.0,1.0,1.0,,1.0,,"['Cisterna', 'Telefonía']",16480.0,19.438122,-99.146656,2025-11-30 06:50:30
https://propiedades.com/inmuebles/departamento-en-venta-penthouse-con-2-recamaras-y-roof-privado-en-escandon-escandon-ii-seccion-df-28126378#pagina=14&tipos=residencial-venta&area=df&pos=1,30484446.0,9650000.0,"Venta departamento en PENTHOUSE CON 2 RECAMARAS Y ROOF PRIVADO EN ESCANDON, Colonia Escandón II Sección, C.P. 11800",Departamento,Penthouse CON 2 Recamaras Y Roof Privado EN Escandon,Escandón Ii Sección,Miguel Hidalgo,11800.0,2.0,2.0,179.0,2.0,1.0,"['Cisterna', 'Telefonía']",42820.0,19.407116,-99.190617,2025-11-30 06:50:46
https://propiedades.com/inmuebles/departamento-en-venta-arequipa-750-lindavista-sur-df-30254607#pagina=23&tipos=residencial-venta&area=df&pos=38,30537469.0,5300000.0,"Departamento en venta, Arequipa #750, Colonia Lindavista Sur, C.P. 07300",Departamento,,Lindavista Sur,Gustavo A. Madero,7300.0,2.0,2.0,0.0,2.0,,[],34430.0,19.482795,-99.113361,2025-11-30 06:51:02
https://propiedades.com/inmuebles/departamento-en-venta-diego-rivera-27-27-san-pablo-tepetlapa-df-29489262#pagina=31&tipos=residencial-venta&area=df&pos=35,28136093.0,4590000.0,"Se vende departamento en Diego Rivera 27 #27Int. 502, Colonia San Pablo Tepetlapa, C.P. 04620",Departamento,calle Diego Rivera,San Pablo Tepetlapa,Coyoacán,4620.0,3.0,2.0,27.0,,45.0,['Cisterna'],48470.0,19.320937,-99.143019,2025-11-30 06:51:19
https://propiedades.com/inmuebles/casa-en-condominio-en-venta-narvarte-34-narvarte-poniente-df-28630494#pagina=5&tipos=residencial-venta&area=df&pos=46,28464464.0,10200000.0,"Se vende casa en condominio Narvarte #34, Colonia Narvarte Poniente, C.P. 03020",Casa,"Xoco, Ciudad de México",Narvarte Poniente,Benito Juárez,3020.0,3.0,2.0,204.0,2.0,,"['Cisterna', 'Telefonía', 'Aire acondicionado']",,19.392226,-99.157707,2025-11-30 06:51:35
https://propiedades.com/inmuebles/departamento-en-venta-calkin-428-heroes-de-padierna-df-29990427#pagina=8&tipos=residencial-venta&area=df&pos=38,28291360.0,3000000.0,"Venta departamento en CALKIN #428, Colonia Héroes de Padierna, C.P. 14200",Departamento,Calkin #428,Héroes de Padierna,Tlalpan,14200.0,2.0,1.0,91.0,,20070401.0,[],25680.0,19.283281,-99.221841,2025-11-30 06:52:27
https://propiedades.com/inmuebles/casa-en-condominio-en-venta-suchil-el-rosario-ciudad-de-mexico-cdmx-la-candelaria-df-30333623#pagina=26&tipos=residencial-venta&area=df&pos=44,30524887.0,19000000.0,"Casa en condominio en venta disponible en Suchil, El Rosario, Ciudad de México, CDMX, Colonia La Candelaria, C.P. 04380",Casa,"El Rosario, Ciudad de México",La Candelaria,Desconocida,4380.0,3.0,3.0,,,3.0,"['Cisterna', 'Telefonía']",,,,2025-11-30 06:52:44
https://propiedades.com/inmuebles/casa-en-venta-montana-jardines-del-pedregal-de-san-angel-df-30137990#pagina=31&tipos=residencial-venta&area=df&pos=3,30388754.0,34500000.0,"Casa en venta, Montaña, Colonia Jardines del Pedregal de San Ángel, C.P. 04500",Casa,Venta,Jardines del Pedregal de San Ángel,Tlalpan,4500.0,4.0,4.0,67.0,20.0,4.0,"['Cisterna', 'Telefonía']",47160.0,19.28806,-99.166973,2025-11-30 06:52:57
https://propiedades.com/inmuebles/departamento-en-venta-georgia-150-napoles-df-30358111#pagina=5&tipos=residencial-venta&area=df&pos=28,29849473.0,4000000.0,"Departamento en venta, Georgia #150, Colonia Napoles, C.P. 03810",Departamento,"Nápoles, Ciudad de México",Napoles,Desconocida,3810.0,2.0,1.0,0.0,1.0,,[],,,,2025-11-30 06:53:13
https://propiedades.com/inmuebles/departamento-en-venta-calle-monte-elbruz-148-lomas-de-chapultepec-i-seccion-df-30118764#pagina=14&tipos=residencial-venta&area=df&pos=3,5518595.0,16800000.0,"Venta de departamento en Calle Monte Elbruz #148, Colonia Lomas de Chapultepec I Sección, C.P. 11000",Departamento,Calle Monte Elbruz #148,Lomas de Chapultepec I Sección,Miguel Hidalgo,11000.0,3.0,4.0,260.0,3.0,11.0,[],58630.0,19.410697,-99.21981,2025-11-30 06:53:28
https://propiedades.com/inmuebles/departamento-en-venta-ote-253-39-agricola-oriental-iztacalco-08500-ciudad-de-mexico-cdmx-39-agricola-oriental-df-30382307#pagina=8&tipos=residencial-venta&area=df&pos=18,30396555.0,2427710.0,"Departamento en venta disponible en Ote. 253 39, Agrícola Oriental, Iztacalco, 08500 Ciudad de México, CDMX #39, Colonia Agrícola Oriental, C.P. 08500",Departamento,Disponible en Ote. 253 39,Agrícola Oriental,Iztacalco,8500.0,2.0,2.0,60.0,1.0,9.0,[],24150.0,19.404564,-99.069504,2025-11-30 06:53:45
https://propiedades.com/inmuebles/departamento-en-venta-agustin-gonzalez-de-cossio-col-del-valle-centro-ciudad-de-mexico-cdmx-del-valle-norte-df-30296641#pagina=9&tipos=residencial-venta&area=df&pos=6,28424978.0,12660000.0,"Venta de departamento en Agustín González de Cossío, Col del Valle Centro, Ciudad de México, CDMX, Colonia Del Valle Norte, C.P. 03103",Departamento,"Col del Valle Centro, Ciudad de México",Del Valle Norte,Benito Juárez,3103.0,3.0,3.0,210.0,2.0,6.0,[],42630.0,19.373635,-99.157408,2025-11-30 06:54:00
https://propiedades.com/inmuebles/departamento-en-venta-santa-maria-nonoalco-df-30556005#pagina=23&tipos=residencial-venta&area=df&pos=24,30327541.0,3703000.0,"Venta de departamento en , Colonia Santa María Nonoalco, C.P. 01420",Departamento,,Santa María Nonoalco,Desconocida,1420.0,2.0,1.0,74.0,1.0,15.0,[],34720.0,,,2025-11-30 06:54:18
https://propiedades.com/inmuebles/casa-en-venta-cerrada-diligencias-san-pedro-martir-df-30071158#pagina=4&tipos=residencial-venta&area=df&pos=7,29692348.0,11400000.0,"Se vende casa en Cerrada Diligencias, Colonia San Pedro Mártir, C.P. 14650",Casa,Cerrada Diligencias,San Pedro Mártir,Tlalpan,14650.0,3.0,5.0,,,46.0,[],21830.0,19.26315,-99.170637,2025-11-30 06:54:32
https://propiedades.com/inmuebles/casa-en-venta-calz-de-las-bombas-128-coapa-exhacienda-coapa-coyoacan-04980-ciudad-de-mexico-cdmx-128-viejo-ejido-de-santa-ursula-coapa-df-30407230#pagina=33&tipos=residencial-venta&area=df&pos=12,29132186.0,5210900.0,"Venta casa en Calz. de las Bombas 128, Coapa, Ex-Hacienda Coapa, Coyoacán, 04980 Ciudad de México, CDMX #128, Colonia Viejo Ejido de Santa Ursula Coapa, C.P. 04980",Casa,Calzada de las Bombas 128,Viejo Ejido de Santa Ursula Coapa,Coyoacán,4980.0,4.0,1.0,180.0,2.0,,[],12390.0,19.349861,-99.161975,2025-11-30 06:54:46
https://propiedades.com/inmuebles/casa-en-venta-canal-atezcapa-barrio-18-16034-ciudad-de-mexico-cdmx-18-df-30508592#pagina=24&tipos=residencial-venta&area=df&pos=31,30511239.0,4590000.0,"Casa en venta, Canal Atezcapa, Barrio 18, 16034 Ciudad de México, CDMX, Colonia 18, C.P. 16034",Casa,Venta,18,Desconocida,16034.0,3.0,4.0,,3.0,1.0,[],28210.0,,,2025-11-30 06:56:25
https://propiedades.com/inmuebles/departamento-en-venta-lago-alberto-anahuac-i-secc-ciudad-de-mexico-cdmx-320-anahuac-i-seccion-df-30338471#pagina=3&tipos=residencial-venta&area=df&pos=30,29835555.0,7151400.0,"Venta departamento en Lago Alberto, Anáhuac I Secc, Ciudad de México, CDMX #320Int. A-601, Colonia Anahuac I Sección, C.P. 11320",Departamento,"Anáhuac I Secc, Ciudad de México",Anahuac I Sección,Miguel Hidalgo,11320.0,3.0,2.0,110.0,2.0,15.0,['Cisterna'],39760.0,19.407116,-99.190617,2025-11-30 06:56:39
https://propiedades.com/inmuebles/departamento-en-venta-portales-oriente-df-30569708#pagina=17&tipos=residencial-venta&area=df&pos=11,30361918.0,3902000.0,"Se vende departamento en , Colonia Portales Oriente, C.P. 03570",Departamento,,Portales Oriente,Benito Juárez,3570.0,2.0,1.0,75.0,1.0,8.0,[],41970.0,19.360551,-99.142797,2025-11-30 06:56:54
https://propiedades.com/inmuebles/departamento-en-venta-victor-hugo-portales-norte-df-29993223#pagina=21&tipos=residencial-venta&area=df&pos=45,30361918.0,3838000.0,"Departamento disponible en venta en Víctor Hugo, Colonia Portales Norte, C.P. 03303",Departamento,,Portales Norte,Benito Juárez,3303.0,2.0,2.0,0.0,1.0,,[],41970.0,19.368262,-99.149281,2025-11-30 06:57:08
https://propiedades.com/inmuebles/departamento-en-venta-calle-rio-grijalva-35-cuauhtemoc-06500-ciudad-de-mexico-cdmx-35-cuauhtemoc-df-30456524#pagina=28&tipos=residencial-venta&area=df&pos=44,26247930.0,8250000.0,"Se vende departamento Calle Río Grijalva 35, Cuauhtémoc, 06500 Ciudad de México, CDMX #35, Colonia Cuauhtémoc, C.P. 06500",Departamento,,Cuauhtémoc,Cuauhtémoc,6500.0,1.0,2.0,85.0,1.0,1.0,[],60120.0,19.43263,-99.133178,2025-11-30 06:57:24
https://propiedades.com/inmuebles/departamento-en-venta-nahuatlacas-318mz-42-lt-23-ajusco-coyoacan-04300-ciudad-de-mexico-cdmx-318-ajusco-df-27530225#pagina=18&tipos=residencial-venta&area=df&pos=43,27311248.0,1433730.0,"Venta departamento en Nahuatlacas 318-mz 42 lt 23, Ajusco, Coyoacán, 04300 Ciudad de México, CDMX #318, Colonia Ajusco, C.P. 04300",Departamento,Nahuatlacas 318-mz 42 Lt 23,Ajusco,Coyoacán,4300.0,2.0,1.0,,1.0,,[],34050.0,19.31909,-99.160961,2025-11-30 06:57:37
https://propiedades.com/inmuebles/casa-en-condominio-en-venta-miguel-hidalgo-rancho-san-francisco-pueblo-san-bartolo-ameyalco-df-30181007#pagina=31&tipos=residencial-venta&area=df&pos=1,23649748.0,22500000.0,"Se vende casa en condominio Miguel Hidalgo, Colonia Rancho San Francisco Pueblo San Bartolo Ameyalco, C.P. 01807",Casa,Condominio Miguel Hidalgo,Rancho San Francisco Pueblo San Bartolo Ameyalco,Milpa Alta,1807.0,5.0,4.0,100.0,,8.0,"['Cisterna', 'Telefonía']",,19.191609,-99.023376,2025-11-30 06:57:53
https://propiedades.com/inmuebles/departamento-en-venta-ernesto-elorduy-vallejo-df-29776846#pagina=15&tipos=residencial-venta&area=df&pos=5,30499028.0,1100000.0,"Venta de departamento Ernesto Elorduy, Colonia Vallejo, C.P. 07870",Departamento,,Vallejo,Gustavo A. Madero,7870.0,2.0,1.0,,1.0,10.0,['Cisterna'],18210.0,19.496707,-99.149552,2025-11-30 06:58:07
https://propiedades.com/inmuebles/departamento-en-venta-gabino-barreda-san-rafael-df-26063324#pagina=19&tipos=residencial-venta&area=df&pos=8,26065462.0,5991034.0,"Venta de departamento Gabino Barreda, Colonia San Rafael, C.P. 06470",Departamento,,San Rafael,Cuauhtémoc,6470.0,2.0,2.0,29.0,1.0,,[],44580.0,19.437945,-99.162422,2025-11-30 06:58:22
https://propiedades.com/inmuebles/departamento-en-venta-cerrada-felix-cuevas-del-valle-sur-df-28664273#pagina=26&tipos=residencial-venta&area=df&pos=1,30327415.0,11141400.0,"Venta de departamento en Cerrada Felix Cuevas, Colonia Del Valle Sur, C.P. 03104",Departamento,Cerrada Felix Cuevas,Del Valle Sur,Benito Juárez,3104.0,3.0,2.0,120.0,2.0,,[],42630.0,19.389128,-99.175683,2025-11-30 06:58:39
https://propiedades.com/inmuebles/casa-en-venta-avenida-17-san-simon-ticumac-df-30437591#pagina=16&tipos=residencial-venta&area=df&pos=8,30272840.0,9000000.0,"Se vende casa en Avenida 17, Colonia San Simón Ticumac, C.P. 03660",Casa,Avenida 17,San Simón Ticumac,Benito Juárez,3660.0,3.0,4.0,0.0,1.0,,[],11600.0,19.374921,-99.146736,2025-11-30 06:59:25
https://propiedades.com/inmuebles/casa-en-venta-creston-376a-jardines-del-pedregal-alvaro-obregon-01900-ciudad-de-mexico-cdmx-376a-jardines-del-pedregal-df-30464210#pagina=8&tipos=residencial-venta&area=df&pos=32,29696427.0,26000000.0,"Casa en venta disponible en Creston 376A, Jardines del Pedregal, Álvaro Obregón, 01900 Ciudad de México, CDMX #376A, Colonia Jardines del Pedregal, C.P. 01900",Casa,Disponible en Creston 376a,Jardines del Pedregal,Tlalpan,1900.0,7.0,6.0,,5.0,20.0,['Telefonía'],27820.0,19.2953,-99.209786,2025-11-30 06:59:40
https://propiedades.com/inmuebles/casa-en-venta-emperadores-aztecas-76-san-pedro-iztacalco-iztacalco-08220-ciudad-de-mexico-cdmx-sn-san-pedro-df-30411727#pagina=10&tipos=residencial-venta&area=df&pos=40,28799415.0,7600000.0,"Venta casa en Emperadores Aztecas 76, San Pedro Iztacalco, Iztacalco, 08220 Ciudad de México, CDMX #s/n, Colonia San Pedro, C.P. 08220",Casa,Emperadores Aztecas 76,San Pedro,Azcapotzalco,8220.0,4.0,3.0,185.0,,35.0,['Cisterna'],4770.0,19.487482,-99.212095,2025-11-30 06:59:53
https://propiedades.com/inmuebles/departamento-en-venta-cda-de-las-granjas-125-el-jaguey-azcapotzalco-02519-ciudad-de-mexico-cdmx-125-el-jaguey-df-30431582#pagina=34&tipos=residencial-venta&area=df&pos=32,30425322.0,2919000.0,"Se vende departamento Cda. de las Granjas 125, El Jaguey, Azcapotzalco, 02519 Ciudad de México, CDMX #125, Colonia El Jagüey, C.P. 02519",Departamento,,El Jagüey,Azcapotzalco,2519.0,2.0,1.0,59.0,2.0,,['Telefonía'],35120.0,19.483891,-99.184394,2025-11-30 07:00:06
https://propiedades.com/inmuebles/departamento-en-venta-hipodromo-condesa-df-29799294#pagina=16&tipos=residencial-venta&area=df&pos=36,27563233.0,9190000.0,"Se vende departamento , Colonia Hipódromo Condesa, C.P. 06170",Departamento,,Hipódromo Condesa,Cuauhtémoc,6170.0,2.0,2.0,114.0,2.0,4.0,[],62600.0,19.409266,-99.179582,2025-11-30 07:00:16
https://propiedades.com/inmuebles/departamento-en-venta-c-sta-cruz-393-depto-402-edif-b3-las-arboledas-tlahuac-ciudad-de-mexico-cdmx-cp-13219-las-arboledas-df-30110988#tipos=residencial-venta&area=df&pos=25,29435345.0,998000.0,"Venta de departamento en C. Sta. Cruz 393, Depto 402, Edif B-3, Las Arboledas, Tláhuac, Ciudad de México, CDMX, C.p 13219., Colonia Las Arboledas, C.P. 13219",Departamento,"Tláhuac, Ciudad de México",Las Arboledas,Tláhuac,13219.0,2.0,1.0,44.0,0.0,27.0,[],14170.0,19.296259,-99.038171,2025-11-30 07:00:33
https://propiedades.com/inmuebles/casa-en-venta-ocho-34-san-pedro-de-los-pinos-df-30152675#pagina=35&tipos=residencial-venta&area=df&pos=4,30435755.0,139700.0,"Venta de casa en Ocho #34, Colonia San Pedro de los Pinos, C.P. 03800",Casa,Ocho #34,San Pedro de los Pinos,Desconocida,3800.0,3.0,1.0,,,,[],35520.0,,,2025-11-30 07:00:48
https://propiedades.com/inmuebles/casa-en-venta-paseo-lomas-altas-lomas-de-chapultepec-i-seccion-df-27837099#pagina=19&tipos=residencial-venta&area=df&pos=4,29497852.0,2300000.0,"Venta casa en Paseo Lomas Altas, Colonia Lomas de Chapultepec I Sección, C.P. 11000",Casa,Paseo Lomas Altas,Lomas de Chapultepec I Sección,Miguel Hidalgo,11000.0,4.0,3.0,,4.0,29.0,[],66430.0,19.410697,-99.21981,2025-11-30 07:01:05
https://propiedades.com/inmuebles/departamento-en-venta-c-gabino-barreda-89-san-rafael-cuauhtemoc-06470-ciudad-de-mexico-cdmx-89-san-rafael-df-30456386#pagina=27&tipos=residencial-venta&area=df&pos=22,28295538.0,6250000.0,"Venta de departamento C. Gabino Barreda 89, San Rafael, Cuauhtémoc, 06470 Ciudad de México, CDMX #89, Colonia San Rafael, C.P. 06470",Departamento,,San Rafael,Cuauhtémoc,6470.0,2.0,2.0,75.0,1.0,1.0,[],44580.0,19.437945,-99.162422,2025-11-30 07:01:22
https://propiedades.com/inmuebles/departamento-en-venta-departamento-con-3-recamaras-y-amenidades-en-portales-portales-norte-df-30093832#pagina=6&tipos=residencial-venta&area=df&pos=10,30449821.0,8655296.0,"Departamento en venta, DEPARTAMENTO CON 3 RECAMARAS Y AMENIDADES EN PORTALES, Colonia Portales Norte, C.P. 03303",Departamento,Portales,Portales Norte,Benito Juárez,3303.0,3.0,2.0,0.0,2.0,1.0,['Cisterna'],41970.0,19.371757,-99.143514,2025-11-30 07:01:35
https://propiedades.com/inmuebles/departamento-en-venta-boleo-57edif-f-depto-303-venustiano-venustiano-carranza-15220-ciudad-de-mexico-cdmx-57-popular-rastro-df-30576676#pagina=14&tipos=residencial-venta&area=df&pos=47,30576675.0,1666000.0,"Departamento en venta disponible en Boleo 57-edif f depto 303, Venustiano, Venustiano Carranza, 15220 Ciudad de México, CDMX #57, Colonia Popular Rastro, C.P. 15220",Departamento,Disponible en Boleo 57-edif F Depto 303,Popular Rastro,Venustiano Carranza,15220.0,2.0,1.0,47.0,1.0,15.0,['Cisterna'],14940.0,19.452715,-99.118769,2025-11-30 07:02:03
https://propiedades.com/inmuebles/casa-en-venta-camino-del-exito-44-44-campestre-aragon-df-29484684#pagina=9&tipos=residencial-venta&area=df&pos=28,30308697.0,4380000.0,"Casa disponible en venta en Camino del Éxito 44 #44, Colonia Campestre Aragón, C.P. 07530",Casa,Camino del Éxito 44 #44,Campestre Aragón,Desconocida,7530.0,4.0,2.0,,,40.0,['Cisterna'],8039.0,,,2025-11-30 07:02:17
https://propiedades.com/inmuebles/casa-en-venta-agricultura-18-federal-df-30396726#pagina=3&tipos=residencial-venta&area=df&pos=16,30436232.0,11850000.0,"Venta casa en Agricultura #18, Colonia Federal, C.P. 15700",Casa,Agricultura #18,Federal,Desconocida,15700.0,5.0,1.0,,3.0,40.0,['Cisterna'],10470.0,,,2025-11-30 07:02:33
https://propiedades.com/inmuebles/departamento-en-venta-c-coahuila-252-edif-a-depto-10-cuajimalpa-cuajimalpa-de-morelos-cdmx-cp-05000--cuajimalpa-df-30073118#pagina=2&tipos=residencial-venta&area=df&pos=23,29493805.0,2040000.0,"Venta de departamento en C. Coahuila 252, Edif A, Depto 10, Cuajimalpa, Cuajimalpa de Morelos, CDMX, C.p 05000. , Colonia Cuajimalpa, C.P. 05000",Departamento,,Cuajimalpa,Cuajimalpa,5000.0,1.0,1.0,58.0,1.0,5.0,['Cisterna'],35080.0,19.357981,-99.278199,2025-11-30 07:02:48
https://propiedades.com/inmuebles/departamento-en-venta-av-tamaulipas-1217-estado-de-hidalgo-df-29859569#pagina=12&tipos=residencial-venta&area=df&pos=38,30529873.0,2900000.0,"Venta de departamento en Av Tamaulipas #1217, Colonia Estado de Hidalgo, C.P. 01520",Departamento,,Estado de Hidalgo,Desconocida,1520.0,2.0,2.0,64.0,1.0,6.0,[],32920.0,,,2025-11-30 07:03:02
https://propiedades.com/inmuebles/casa-en-condominio-en-venta-fuego-jardines-del-pedregal-df-30038842#pagina=31&tipos=residencial-venta&area=df&pos=36,30068053.0,21950000.0,"Venta de casa en condominio en Fuego, Colonia Jardines del Pedregal, C.P. 01900",Casa,Condominio en Fuego,Jardines del Pedregal,Tlalpan,1900.0,3.0,4.0,,3.0,9.0,"['Cisterna', 'Telefonía']",,19.2953,-99.209786,2025-11-30 07:03:29
https://propiedades.com/inmuebles/departamento-en-venta-av-cuauhtemoc-letran-valle-df-30486224#pagina=15&tipos=residencial-venta&area=df&pos=44,27479140.0,5976600.0,"Departamento en venta disponible en Av Cuauhtémoc, Colonia Letrán Valle, C.P. 03650",Departamento,,Letrán Valle,Benito Juárez,3650.0,2.0,2.0,3.0,1.0,,[],43720.0,19.376082,-99.155022,2025-11-30 07:03:47
https://propiedades.com/inmuebles/departamento-en-venta-heriberto-frias-col-del-valle-centro-ciudad-de-mexico-cdmx-del-valle-centro-df-30477186#pagina=13&tipos=residencial-venta&area=df&pos=6,26128600.0,2985943.0,"Se vende departamento en Heriberto Frías, Col del Valle Centro, Ciudad de México, CDMX, Colonia Del Valle Centro, C.P. 03100",Departamento,"Col del Valle Centro, Ciudad de México",Del Valle Centro,Benito Juárez,3100.0,1.0,1.0,66.0,,1.0,"['Cisterna', 'Telefonía']",42630.0,19.386924,-99.163602,2025-11-30 07:04:04
https://propiedades.com/inmuebles/casa-en-condominio-en-venta-margaritas-florida-df-30096000#pagina=31&tipos=residencial-venta&area=df&pos=44,28893904.0,24000000.0,"Venta casa en condominio en Margaritas, Colonia Florida, C.P. 01030",Casa,calle de la Colonia Florida muy cerca del Club France y de la calle de Minerva. La casa se desarrolla en 3 niveles con 224 m2 de terreno y 389 m2 de con,Florida,Desconocida,1030.0,3.0,5.0,,,5.0,['Telefonía'],,,,2025-11-30 07:04:21
https://propiedades.com/inmuebles/departamento-en-venta-del-valle-centro-df-27483421#pagina=20&tipos=residencial-venta&area=df&pos=38,28808462.0,8800000.0,"Departamento disponible en venta en , Colonia Del Valle Centro, C.P. 03100",Departamento,,Del Valle Centro,Benito Juárez,3100.0,3.0,2.0,227.0,2.0,,[],42630.0,19.386924,-99.163602,2025-11-30 07:04:37
https://propiedades.com/inmuebles/departamento-en-venta-encarnacion-ortiz-1860-depto-4-cosmopolita-azcapotzalco-cdmx-cp-02670-cosmopolita-df-30163316#pagina=2&tipos=residencial-venta&area=df&pos=28,30334162.0,3026000.0,"Se vende departamento Encarnacion Ortiz 1860 Depto 4, Cosmopolita, Azcapotzalco, CDMX, C.P. 02670, Colonia Cosmopolita, C.P. 02670",Departamento,,Cosmopolita,Azcapotzalco,2670.0,2.0,2.0,70.0,1.0,8.0,['Cisterna'],24090.0,19.474717,-99.163152,2025-11-30 07:05:32
https://propiedades.com/inmuebles/departamento-en-venta-avenida-cuauhtemoc-1146-1146-letran-valle-df-29946210#pagina=35&tipos=residencial-venta&area=df&pos=7,30488605.0,6500000.0,"Venta de departamento en Avenida Cuauhtémoc 1146 #1146Int. 1, Colonia Letrán Valle, C.P. 03650",Departamento,"Narvarte Poniente, Ciudad de México",Letrán Valle,Benito Juárez,3650.0,3.0,2.0,45.0,2.0,11.0,"['Cisterna', 'Telefonía', 'Aire acondicionado']",43720.0,19.376082,-99.155022,2025-11-30 07:05:49
https://propiedades.com/inmuebles/departamento-en-venta-av-secretaria-de-marina-58-lomas-del-chamizal-cuajimalpa-de-morelos-05129-ciudad-de-mexico-mex-sn-lomas-del-chamizal-df-30531369#pagina=24&tipos=residencial-venta&area=df&pos=39,9883504.0,12000000.0,"Venta departamento en Av. Secretaría de Marina 58, Lomas del Chamizal, Cuajimalpa de Morelos, 05129 Ciudad de México, Méx., Colonia Lomas del Chamizal, C.P. 05129",Departamento,Av. Secretaría de Marina 58,Lomas del Chamizal,Cuajimalpa,5129.0,3.0,3.0,273.0,3.0,,"['Cisterna', 'Telefonía']",44330.0,19.384363,-99.266052,2025-11-30 07:06:07
https://propiedades.com/inmuebles/casa-en-venta-farallon-jardines-del-pedregal-df-29762024#pagina=20&tipos=residencial-venta&area=df&pos=24,30515951.0,45900000.0,"Casa disponible en venta en Farallón, Colonia Jardines del Pedregal, C.P. 01900",Casa,calle cerrada. Caseta de Vigilancia con policía bancaria 24 horas 1375 m2 de terreno 850 m2 de construcción 350 m2 de jardín privado 4 recámaras 4 baños y 2 medíos baños Cocina Desayunador Sal,Jardines del Pedregal,Tlalpan,1900.0,4.0,4.0,0.0,4.0,,[],27820.0,19.2953,-99.209786,2025-11-30 07:06:22
https://propiedades.com/inmuebles/casa-en-venta-paseo-de-los-ahuehuetes-sur-bosque-de-las-lomas-ciudad-de-mexico-cdmx-bosques-de-las-lomas-df-30352461#pagina=29&tipos=residencial-venta&area=df&pos=34,28301345.0,37500000.0,"Casa en venta disponible en Paseo de Los Ahuehuetes Sur, Bosque de las Lomas, Ciudad de México, CDMX, Colonia Bosques de las Lomas, C.P. 05120",Casa,"Bosque de las Lomas, Ciudad de México",Bosques de las Lomas,Cuajimalpa,5120.0,4.0,3.0,670.0,6.0,6.0,"['Cisterna', 'Telefonía']",42970.0,19.388056,-99.251277,2025-11-30 07:06:39
https://propiedades.com/inmuebles/departamento-en-venta-av-rio-san-joaquin-498-amp-granada-miguel-hidalgo-11529-ciudad-de-mexico-cdmx-498-ampliacion-granada-df-30363197#pagina=8&tipos=residencial-venta&area=df&pos=34,30537460.0,16500000.0,"Venta departamento en Av. Río San Joaquín 498, Amp Granada, Miguel Hidalgo, 11529 Ciudad de México, CDMX #498, Colonia Ampliación Granada, C.P. 11529",Departamento,Avenida Río San Joaquín 498,Ampliación Granada,Miguel Hidalgo,11529.0,3.0,2.0,165.0,3.0,1.0,"['Cisterna', 'Telefonía', 'Aire acondicionado']",65250.0,19.444264,-99.199186,2025-11-30 07:06:52
https://propiedades.com/inmuebles/casa-en-venta-alvaro-resendiz-13-coapa-presidentes-ejidales-2da-secc-coyoacan-04470-ciudad-de-mexico-cdmx-13-presidentes-ejidales-2a-seccion-df-30234111#pagina=35&tipos=residencial-venta&area=df&pos=20,28848338.0,7970000.0,"Casa disponible en venta en Álvaro Reséndiz 13, Coapa, Presidentes Ejidales 2da Secc, Coyoacán, 04470 Ciudad de México, CDMX #13, Colonia Presidentes Ejidales 2a Sección, C.P. 04470",Casa,Álvaro Reséndiz 13,Presidentes Ejidales Ii Sección,Coyoacán,4470.0,3.0,3.0,240.0,3.0,20.0,"['Cisterna', 'Telefonía']",26240.0,19.349861,-99.161975,2025-11-30 07:07:07
https://propiedades.com/inmuebles/departamento-en-venta-juarez-y-zarco-cuajimalpa-05000-ciudad-de-mexico-cdmx-cuajimalpa-df-30287521#pagina=8&tipos=residencial-venta&area=df&pos=47,30327533.0,3190000.0,"Se vende departamento Juárez y Zarco, Cuajimalpa, 05000 Ciudad de México, CDMX, Colonia Cuajimalpa, C.P. 05000",Departamento,,Cuajimalpa,Cuajimalpa,5000.0,2.0,2.0,35.0,2.0,3.0,[],35080.0,19.357981,-99.278199,2025-11-30 07:07:22
https://propiedades.com/inmuebles/departamento-en-venta-c-maestro-antonio-caso-18-san-rafael-cuauhtemoc-06470-ciudad-de-mexico-cdmx-18-san-rafael-df-30230176#pagina=35&tipos=residencial-venta&area=df&pos=39,29440102.0,4000000.0,"Se vende departamento C. Maestro Antonio Caso 18, San Rafael, Cuauhtémoc, 06470 Ciudad de México, CDMX #18, Colonia San Rafael, C.P. 06470",Departamento,,San Rafael,Cuauhtémoc,6470.0,2.0,1.0,65.0,1.0,1.0,['Telefonía'],44580.0,19.437945,-99.162422,2025-11-30 07:07:36
https://propiedades.com/inmuebles/departamento-en-venta-rio-grijalva-cuauhtemoc-df-26247930#pagina=3&tipos=residencial-venta&area=df&pos=32,29745395.0,8350000.0,"Departamento en venta, Rio Grijalva, Colonia Cuauhtémoc, C.P. 06500",Departamento,Venta,Cuauhtémoc,Cuauhtémoc,6500.0,2.0,2.0,54.0,1.0,,[],60120.0,19.441834,-99.127558,2025-11-30 07:07:53
https://propiedades.com/inmuebles/casa-en-venta-tlalpan-centro-df-30171406#pagina=21&tipos=residencial-venta&area=df&pos=16,17354382.0,6300000.0,"Venta de casa en , Colonia Tlalpan Centro, C.P. 14000",Casa,,Tlalpan Centro,Cuauhtémoc,14000.0,3.0,2.0,0.0,2.0,26.0,[],30640.0,19.43263,-99.133178,2025-11-30 07:08:27
https://propiedades.com/inmuebles/departamento-en-venta-eje-central-lazaro-cardenas-251-guerrero-cuauhtemoc-06300-cuauhtemoc-cdmx-251-guerrero-df-30431177#pagina=25&tipos=residencial-venta&area=df&pos=42,21385284.0,2432000.0,"Se vende departamento Eje Central Lázaro Cárdenas 251, Guerrero, Cuauhtémoc, 06300 Cuauhtémoc, CDMX #251, Colonia Guerrero, C.P. 06300",Departamento,,Guerrero,Cuauhtémoc,6300.0,2.0,2.0,8.0,1.0,11.0,['Cisterna'],16480.0,19.44491,-99.145173,2025-11-30 07:08:43
https://propiedades.com/inmuebles/casa-en-venta-calle-jose-maria-correa-177-177-ampliacion-asturias-df-29985931#pagina=32&tipos=residencial-venta&area=df&pos=21,30229645.0,9990000.0,"Casa en venta disponible en Calle José María Correa 177 #177, Colonia Ampliación Asturias, C.P. 06890",Casa,,Ampliación Asturias,Desconocida,6890.0,4.0,5.0,220.0,2.0,,['Cisterna'],28120.0,,,2025-11-30 07:08:59
https://propiedades.com/inmuebles/departamento-en-venta-benito-juarez-119-119-albert-df-30096667#pagina=12&tipos=residencial-venta&area=df&pos=39,30334625.0,3090000.0,"Venta de departamento en Benito Juárez 119 #119, Colonia Albert, C.P. 03560",Departamento,"Benito Juárez, Ciudad de México",Albert,Benito Juárez,3560.0,1.0,1.0,73.0,1.0,13.0,[],36630.0,19.371082,-99.139113,2025-11-30 07:09:13
https://propiedades.com/inmuebles/departamento-en-venta-av-popocatepetl-portales-sur-df-30449821#pagina=3&tipos=residencial-venta&area=df&pos=46,30093832.0,7408731.0,"Departamento disponible en venta en Av Popocatépetl, Colonia Portales Sur, C.P. 03300",Departamento,Av Popocatépetl,Portales Sur,Benito Juárez,3300.0,3.0,2.0,0.0,2.0,,[],41970.0,19.36026,-99.144924,2025-11-30 07:09:28
https://propiedades.com/inmuebles/casa-en-venta-plan-de-ayutla-san-lorenzo-la-cebada-16035-ciudad-de-mexico-cdmx-sn-san-lorenzo-la-cebada-df-30541325#pagina=25&tipos=residencial-venta&area=df&pos=20,,4000000.0,"Venta de casa Plan de Ayutla, San Lorenzo la Cebada, 16035 Ciudad de México, CDMX #s/n, Colonia San Lorenzo La Cebada, C.P. 16035",Casa,,San Lorenzo la Cebada,Desconocida,16035.0,4.0,2.0,,,10.0,['Cisterna'],11360.0,,,2025-11-30 07:09:44
https://propiedades.com/inmuebles/departamento-en-venta-calle-rio-grijalva-35-cuauhtemoc-06500-ciudad-de-mexico-cdmx-35-cuauhtemoc-df-30312984#pagina=31&tipos=residencial-venta&area=df&pos=26,28295538.0,5990000.0,"Venta de departamento Calle Río Grijalva 35, Cuauhtémoc, 06500 Ciudad de México, CDMX #35, Colonia Cuauhtémoc, C.P. 06500",Departamento,,Cuauhtémoc,Cuauhtémoc,6500.0,2.0,2.0,75.0,1.0,1.0,[],60120.0,19.43263,-99.133178,2025-11-30 07:09:58
https://propiedades.com/inmuebles/departamento-en-venta-calz-legaria-94-legaria-miguel-hidalgo-11410-ciudad-de-mexico-cdmx-94-legaria-df-30541964#pagina=7&tipos=residencial-venta&area=df&pos=47,29460189.0,2395000.0,"Departamento en venta disponible en Calz Legaria 94, Legaria, Miguel Hidalgo, 11410 Ciudad de México, CDMX #94, Colonia Legaria, C.P. 11410",Departamento,Disponible en Calz Legaria 94,Legaria,Miguel Hidalgo,11410.0,2.0,1.0,52.0,1.0,12.0,['Cisterna'],18040.0,19.45537,-99.194165,2025-11-30 07:10:14
https://propiedades.com/inmuebles/casa-en-venta-calle-oriente-174-411-moctezuma-2a-seccion-df-29975325#pagina=30&tipos=residencial-venta&area=df&pos=28,28629919.0,5500000.0,"Venta casa en Calle Oriente 174 #411, Colonia Moctezuma 2a Sección, C.P. 15530",Casa,,Moctezuma Ii Sección,Venustiano Carranza,15530.0,5.0,1.0,165.0,,50.0,[],8420.0,19.435929,-99.102544,2025-11-30 07:10:29
https://propiedades.com/inmuebles/departamento-en-venta-bretana-zacahuitzco-df-29090731#pagina=4&tipos=residencial-venta&area=df&pos=23,30334082.0,3059149.0,"Departamento disponible en venta en Bretaña, Colonia Zacahuitzco, C.P. 03550",Departamento,Bretaña,Zacahuitzco,Desconocida,3550.0,2.0,2.0,48.0,1.0,,[],44200.0,,,2025-11-30 07:10:45
https://propiedades.com/inmuebles/casa-en-venta-calle-penas-jardines-del-pedregal-df-30087165#pagina=31&tipos=residencial-venta&area=df&pos=47,28899106.0,29740000.0,"Venta de casa Calle Peñas, Colonia Jardines del Pedregal, C.P. 01900",Casa,,Jardines del Pedregal,Tlalpan,1900.0,3.0,4.0,235.0,4.0,6.0,"['Cisterna', 'Telefonía']",27820.0,19.2953,-99.209786,2025-11-30 07:12:13
https://propiedades.com/inmuebles/casa-en-venta-cerrada-ceylan-541-edif-e-dpto-12-jardines-de-ceylan-azcapotzalco-ciudad-de-mexico-cp-02300-jardines-de-ceylan-df-30327545#tipos=residencial-venta&area=df&pos=17,,1555000.0,"Venta de casa Cerrada Ceylan 541, Edif E, Dpto 12, Jardines de Ceylan, Azcapotzalco, Ciudad de México, C.P. 02300, Colonia Jardines de Ceylán, C.P. 02350",Casa,"Azcapotzalco, Ciudad de México",Jardines de Ceylán,Azcapotzalco,2300.0,2.0,1.0,48.0,,50.0,['Cisterna'],31300.0,19.479377,-99.165122,2025-11-30 07:12:31
https://propiedades.com/inmuebles/departamento-en-venta-calle-3-picos-polanco-v-seccion-df-29700466#pagina=14&tipos=residencial-venta&area=df&pos=5,29549269.0,2000000.0,"Departamento disponible en venta en Calle 3 Picos, Colonia Polanco V Sección, C.P. 11560",Departamento,Calle 3 Picos,Polanco V Sección,Miguel Hidalgo,11560.0,3.0,3.0,,,15.0,['Cisterna'],84460.0,19.429379,-99.196393,2025-11-30 07:12:45
https://propiedades.com/inmuebles/departamento-en-venta-departamento-con-terraza-y-amenidades-26-napoles-df-28301321#pagina=9&tipos=residencial-venta&area=df&pos=1,30273153.0,9000000.0,"Se vende departamento en DEPARTAMENTO CON TERRAZA Y AMENIDADES #26, Colonia Napoles, C.P. 03810",Departamento,Departamento CON Terraza Y Amenidades #26,Napoles,Desconocida,3810.0,2.0,2.0,20.0,2.0,,['Cisterna'],51830.0,,,2025-11-30 07:12:59
https://propiedades.com/inmuebles/departamento-en-venta-hipodromo-condesa-06170-ciudad-de-mexico-cdmx-hipodromo-condesa-df-30531382#pagina=30&tipos=residencial-venta&area=df&pos=41,29799294.0,9162400.0,"Departamento disponible en venta en Hipódromo Condesa, 06170 Ciudad de México, CDMX, Colonia Hipódromo Condesa, C.P. 06170",Departamento,Hipódromo Condesa,Hipódromo Condesa,Cuauhtémoc,6170.0,2.0,2.0,114.0,2.0,1.0,['Cisterna'],62600.0,19.417017,-99.175796,2025-11-30 07:13:12
https://propiedades.com/inmuebles/departamento-en-venta-contadero-df-30556002#pagina=16&tipos=residencial-venta&area=df&pos=17,30543566.0,12900000.0,"Venta departamento en , Colonia Contadero, C.P. 05500",Departamento,,Contadero,Cuajimalpa,5500.0,3.0,3.0,241.0,3.0,19.0,[],51870.0,19.346598,-99.299359,2025-11-30 07:13:27
https://propiedades.com/inmuebles/departamento-en-venta-avenida-revolucion-ciudad-de-los-deportes-df-25095069#pagina=17&tipos=residencial-venta&area=df&pos=38,29723018.0,4231200.0,"Se vende departamento AVENIDA REVOLUCION, Colonia Ciudad de los Deportes, C.P. 03710",Departamento,,Ciudad de los Deportes,Benito Juárez,3710.0,2.0,2.0,130.0,,,[],45250.0,19.382422,-99.17616,2025-11-30 07:13:42
https://propiedades.com/inmuebles/departamento-en-venta-calle-rio-grijalva-35-cuauhtemoc-06500-ciudad-de-mexico-cdmx-35-cuauhtemoc-df-30312992#pagina=31&tipos=residencial-venta&area=df&pos=27,28295538.0,5650000.0,"Venta departamento en Calle Río Grijalva 35, Cuauhtémoc, 06500 Ciudad de México, CDMX #35, Colonia Cuauhtémoc, C.P. 06500",Departamento,Calle Río Grijalva 35,Cuauhtémoc,Cuauhtémoc,6500.0,2.0,2.0,70.0,1.0,1.0,[],60120.0,19.43349,-99.170055,2025-11-30 07:13:59
https://propiedades.com/inmuebles/departamento-en-venta-rio-ussuri-15-cuauhtemoc-06500-ciudad-de-mexico-cdmx-15-cuauhtemoc-df-30250801#pagina=24&tipos=residencial-venta&area=df&pos=34,30508639.0,3800000.0,"Venta departamento en Río Ussuri 15, Cuauhtémoc, 06500 Ciudad de México, CDMX #15, Colonia Cuauhtémoc, C.P. 06500",Departamento,Río Ussuri 15,Cuauhtémoc,Cuauhtémoc,6500.0,2.0,2.0,84.0,1.0,30.0,['Cisterna'],60120.0,19.43514,-99.1689,2025-11-30 07:14:14
https://propiedades.com/inmuebles/departamento-en-venta-terremoto-jardines-del-pedregal-df-29274000#pagina=20&tipos=residencial-venta&area=df&pos=27,30291405.0,8270000.0,"Departamento en venta, TERREMOTO, Colonia Jardines del Pedregal, C.P. 01900",Departamento,,Jardines del Pedregal,Tlalpan,1900.0,2.0,2.0,209.0,2.0,20.0,[],47970.0,19.2953,-99.209786,2025-11-30 07:14:27
https://propiedades.com/inmuebles/departamento-en-venta-la-otra-banda-la-otra-banda-df-26247537#pagina=3&tipos=residencial-venta&area=df&pos=17,29952246.0,8294300.0,"Venta de departamento La Otra Banda, Colonia La Otra Banda, C.P. 01090",Departamento,,La Otra Banda,Desconocida,1090.0,3.0,2.0,119.0,2.0,,['Cisterna'],51650.0,,,2025-11-30 07:14:55
https://propiedades.com/inmuebles/departamento-en-venta-ignacio-allende-san-joaquin-df-29091532#pagina=4&tipos=residencial-venta&area=df&pos=35,29091541.0,3443700.0,"Venta departamento en Ignacio Allende, Colonia San Joaquín, C.P. 11260",Departamento,,San Joaquín,Desconocida,11260.0,2.0,2.0,0.0,2.0,2.0,[],25440.0,,,2025-11-30 07:15:10
https://propiedades.com/inmuebles/departamento-en-venta-carola-df-30361042#pagina=17&tipos=residencial-venta&area=df&pos=44,30519123.0,5350000.0,"Departamento disponible en venta en , Colonia Carola, C.P. 01180",Departamento,"Nonoalco, Ciudad de México",Carola,Desconocida,1180.0,2.0,2.0,0.0,1.0,5.0,[],35570.0,,,2025-11-30 07:15:23
https://propiedades.com/inmuebles/departamento-en-venta-departamento-con-terraza-y-roof-en-san-rafael-san-rafael-df-30456511#pagina=6&tipos=residencial-venta&area=df&pos=7,28618546.0,6350000.0,"Departamento disponible en venta en DEPARTAMENTO CON TERRAZA Y ROOF EN SAN RAFAEL, Colonia San Rafael, C.P. 06470",Departamento,,San Rafael,Cuauhtémoc,6470.0,2.0,1.0,108.0,1.0,,['Cisterna'],44580.0,19.437945,-99.162422,2025-11-30 07:15:38
https://propiedades.com/inmuebles/departamento-en-venta-primera-cerrada-de-avenida-del-iman-sn-pedregal-de-la-zorra-df-29853725#pagina=11&tipos=residencial-venta&area=df&pos=31,30004416.0,7000000.0,"Venta de departamento Primera Cerrada de Avenida del Imán #s/n, Colonia Pedregal de La Zorra, C.P. 04660",Departamento,"Coyoacán, Ciudad de México",Pedregal de la Zorra,Desconocida,4660.0,3.0,2.0,0.0,2.0,,['Cisterna'],43440.0,,,2025-11-30 07:15:56
https://propiedades.com/inmuebles/casa-en-venta-guadalupe-insurgentes-df-29530647#pagina=21&tipos=residencial-venta&area=df&pos=24,30532067.0,9750000.0,"Casa en venta, , Colonia Guadalupe Insurgentes, C.P. 07870",Casa,,Guadalupe Insurgentes,Desconocida,7870.0,2.0,2.0,0.0,,60.0,[],13240.0,,,2025-11-30 07:16:12
https://propiedades.com/inmuebles/casa-en-venta-colorines-52-chimilli-tlalpan-14749-ciudad-de-mexico-cdmx-52-chimilli-df-30541294#pagina=33&tipos=residencial-venta&area=df&pos=24,28569920.0,2580000.0,"Venta casa en Colorines 52, Chimilli, Tlalpan, 14749 Ciudad de México, CDMX #52, Colonia Chimilli, C.P. 14749",Casa,Colorines 52,Chimilli,Tlalpan,14749.0,2.0,5.0,,2.0,7.0,[],28230.0,19.269439,-99.218982,2025-11-30 07:16:25
https://propiedades.com/inmuebles/casa-en-venta-pinares-43-coapa-granjas-coapa-tlalpan-14330-ciudad-de-mexico-cdmx-43-granjas-coapa-df-30563893#pagina=14&tipos=residencial-venta&area=df&pos=43,,18500000.0,"Venta de casa en Pinares 43, Coapa, Granjas Coapa, Tlalpan, 14330 Ciudad de México, CDMX #43, Colonia Granjas Coapa, C.P. 14330",Casa,Pinares 43,Granjas Coapa,Tlalpan,14330.0,7.0,5.0,,,40.0,['Cisterna'],24590.0,19.28806,-99.166973,2025-11-30 07:16:39
https://propiedades.com/inmuebles/departamento-en-venta-av-coyoacan-47-del-valle-norte-df-27942319#pagina=21&tipos=residencial-venta&area=df&pos=36,28493923.0,4491290.0,"Se vende departamento Av. Coyoacán #47, Colonia Del Valle Norte, C.P. 03103",Departamento,"Col del Valle Centro, Ciudad de México",Del Valle Norte,Benito Juárez,3103.0,2.0,2.0,61.0,1.0,,[],42630.0,19.373635,-99.157408,2025-11-30 07:16:57
https://propiedades.com/inmuebles/departamento-en-venta-alfonso-xiii-01460-ciudad-de-mexico-cdmx-alfonso-xiii-df-30544560#pagina=27&tipos=residencial-venta&area=df&pos=23,30017870.0,3500000.0,"Venta de departamento en Alfonso XIII, 01460 Ciudad de México, CDMX, Colonia Alfonso XIII, C.P. 01460",Departamento,Alfonso Xiii,Alfonso Xiii,Desconocida,1460.0,2.0,2.0,60.0,1.0,12.0,[],24370.0,,,2025-11-30 07:17:11
https://propiedades.com/inmuebles/departamento-en-venta-bretana-zacahuitzco-df-30085971#pagina=19&tipos=residencial-venta&area=df&pos=33,30334082.0,3480284.0,"Venta de departamento en Bretaña, Colonia Zacahuitzco, C.P. 03550",Departamento,Bretaña,Zacahuitzco,Desconocida,3550.0,2.0,2.0,48.0,1.0,,[],44200.0,,,2025-11-30 07:18:07
https://propiedades.com/inmuebles/departamento-en-venta-av-hidalgo-115-dep-402-edif-b-el-ranchito-santa-anita-iztacalco--ciudad-de-mexico-cdmx-cp--santa-anita-df-29711790#tipos=residencial-venta&area=df&pos=24,30092041.0,1951000.0,"Venta departamento en Av. Hidalgo 115, Dep 402, Edif B, El Ranchito, Santa Anita, Iztacalco, Ciudad de México, CDMX, C.p , Colonia Santa Anita, C.P. 08300",Departamento,"Iztacalco, Ciudad de México",Santa Anita,Iztacalco,8300.0,2.0,1.0,65.0,1.0,30.0,['Cisterna'],19350.0,19.399705,-99.124816,2025-11-30 07:18:22
https://propiedades.com/inmuebles/departamento-en-venta-ocetotl-exejido-de-san-pablo-tepetlapa-df-30463094#pagina=16&tipos=residencial-venta&area=df&pos=42,30362319.0,4631000.0,"Venta de departamento en Ocetotl, Colonia Ex-Ejido de San Pablo Tepetlapa, C.P. 04840",Departamento,Ocetotl,Ex-ejido de San Pablo Tepetlapa,Desconocida,4840.0,3.0,2.0,35.0,1.0,,[],40550.0,,,2025-11-30 07:18:37
https://propiedades.com/inmuebles/departamento-en-venta-blvrd-reforma-lomas-de-vista-hermosa-ciudad-de-mexico-cdmx-lomas-de-vista-hermosa-df-30527974#pagina=27&tipos=residencial-venta&area=df&pos=33,29765971.0,7591600.0,"Departamento en venta disponible en Blvrd Reforma, Lomas de Vista Hermosa, Ciudad de México, CDMX, Colonia Lomas de Vista Hermosa, C.P. 05100",Departamento,"Lomas de Vista Hermosa, Ciudad de México",Lomas de Vista Hermosa,Cuajimalpa,5100.0,3.0,1.0,0.0,2.0,,[],47460.0,19.365351,-99.273719,2025-11-30 07:18:52
https://propiedades.com/inmuebles/departamento-en-venta-cda-millet-13-extremadura-insurgentes-benito-juarez-03740-ciudad-de-mexico-cdmx-13-extremadura-insurgentes-df-30435334#pagina=30&tipos=residencial-venta&area=df&pos=22,27845198.0,10700480.0,"Venta departamento en Cda. Millet 13, Extremadura Insurgentes, Benito Juárez, 03740 Ciudad de México, CDMX #13, Colonia Extremadura Insurgentes, C.P. 03740",Departamento,Cda. Millet 13,Extremadura Insurgentes,Benito Juárez,3740.0,2.0,1.0,,,,[],47820.0,19.377011,-99.179989,2025-11-30 07:19:07
https://propiedades.com/inmuebles/departamento-en-venta-viaducto-piedad-df-28914409#pagina=33&tipos=residencial-venta&area=df&pos=11,30334170.0,2550000.0,"Departamento disponible en venta en ., Colonia Viaducto Piedad, C.P. 08200",Departamento,,Viaducto Piedad,Desconocida,8200.0,1.0,1.0,60.0,,,[],20380.0,,,2025-11-30 07:19:30
https://propiedades.com/inmuebles/departamento-en-venta-gabriel-mancera-del-valle-centro-df-27698884#pagina=5&tipos=residencial-venta&area=df&pos=23,22.0,5043218.0,"Departamento en venta disponible en Gabriel Mancera, Colonia Del Valle Centro, C.P. 03100",Departamento,"Col del Valle Centro, Ciudad de México",Del Valle Centro,Benito Juárez,3100.0,2.0,2.0,2.0,1.0,,[],42630.0,19.386924,-99.163602,2025-11-30 07:19:47
https://propiedades.com/inmuebles/casa-en-venta-1er-callejon-de-sn-francisco-san-francisco-df-29799583#pagina=21&tipos=residencial-venta&area=df&pos=29,30074667.0,12000000.0,"Venta de casa 1er callejón de Sn Francisco, Colonia San Francisco, C.P. 10810",Casa,,San Francisco,Tláhuac,10810.0,3.0,4.0,0.0,3.0,,[],46450.0,19.30726,-99.01182,2025-11-30 07:20:02
https://propiedades.com/inmuebles/departamento-en-venta-lago-cardiel-92-92-argentina-antigua-df-29007828#pagina=32&tipos=residencial-venta&area=df&pos=44,30396440.0,2250000.0,"Se vende departamento en Lago Cardiel 92 #92, Colonia Argentina Antigua, C.P. 11270",Departamento,,Argentina Antigua,Desconocida,11270.0,2.0,1.0,60.0,1.0,26.0,[],17360.0,,,2025-11-30 07:20:17
https://propiedades.com/inmuebles/departamento-en-venta-privada-t-briones-28-san-simon-tolnahuac-cuauhtemoc-06920-ciudad-de-mexico-cdmx-28-san-simon-tolnahuac-df-30508550#pagina=30&tipos=residencial-venta&area=df&pos=44,29271890.0,2052500.0,"Departamento en venta, Privada T. Briones 28, San Simón Tolnahuac, Cuauhtémoc, 06920 Ciudad de México, CDMX #28, Colonia San Simón Tolnahuac, C.P. 06920",Departamento,Venta,San Simón Tolnahuac,Cuauhtémoc,6920.0,2.0,1.0,9.0,1.0,1.0,[],19830.0,19.459546,-99.143257,2025-11-30 07:20:32
https://propiedades.com/inmuebles/departamento-en-venta-prol-bosques-reforma-club-de-golf-bosques-df-30379558#pagina=17&tipos=residencial-venta&area=df&pos=43,28483360.0,3500000.0,"Se vende departamento Prol. Bosques Reforma, Colonia Club de Golf Bosques, C.P. 05214",Departamento,"Alcaldía Cuajimalpa, Ciudad de México",Club de Golf Bosques,Desconocida,5214.0,3.0,3.0,403.0,6.0,,['Aire acondicionado'],111520.0,,,2025-11-30 07:21:03
https://propiedades.com/inmuebles/departamento-en-venta-pitagoras-narvarte-poniente-df-29513079#pagina=5&tipos=residencial-venta&area=df&pos=16,25389085.0,12250000.0,"Se vende departamento Pitágoras, Colonia Narvarte Poniente, C.P. 03020",Departamento,,Narvarte Poniente,Benito Juárez,3020.0,3.0,3.0,226.0,2.0,,[],41310.0,19.392226,-99.157707,2025-11-30 07:21:23
https://propiedades.com/inmuebles/casa-en-venta-del-carmen-df-24776834#pagina=19&tipos=residencial-venta&area=df&pos=30,28935029.0,18000000.0,"Se vende casa en , Colonia Del Carmen, C.P. 04100",Casa,,Del Carmen,Desconocida,4100.0,4.0,2.0,644.0,2.0,63.0,[],38930.0,,,2025-11-30 07:21:38
https://propiedades.com/inmuebles/departamento-en-venta-insurgentes-centro-tabacalera-df-30407205#pagina=11&tipos=residencial-venta&area=df&pos=15,27243643.0,2676987.0,"Venta departamento en Insurgentes Centro, Colonia Tabacalera, C.P. 06030",Departamento,Insurgentes Centro,Tabacalera,Desconocida,6030.0,1.0,1.0,38.0,,1.0,['Cisterna'],61480.0,,,2025-11-30 07:21:52
https://propiedades.com/inmuebles/departamento-en-venta-av-de-las-torres-33-valle-escondido-tlalpan-14600-ciudad-de-mexico-cdmx-33-valle-escondido-df-30361453#pagina=35&tipos=residencial-venta&area=df&pos=16,29686306.0,2490000.0,"Se vende departamento en Av. de las Torres 33, Valle Escondido, Tlalpan, 14600 Ciudad de México, CDMX #33, Colonia Valle Escondido, C.P. 14600",Departamento,Avenida de las Torres 33,Valle Escondido,Tlalpan,14600.0,2.0,1.0,75.0,1.0,42.0,['Cisterna'],34990.0,19.270281,-99.142989,2025-11-30 07:22:06
https://propiedades.com/inmuebles/departamento-en-venta-lorenzo-boturini-sn-lorenzo-boturini-df-30054057#pagina=14&tipos=residencial-venta&area=df&pos=6,29341617.0,2100000.0,"Venta de departamento en Lorenzo Boturini #s/n, Colonia Lorenzo Boturini, C.P. 15820",Departamento,,Lorenzo Boturini,Desconocida,15820.0,2.0,1.0,6.0,1.0,12.0,[],25330.0,,,2025-11-30 07:22:24
https://propiedades.com/inmuebles/casa-en-venta-nte-58b-5217-tablas-de-san-agustin-gustavo-a-madero-07860-ciudad-de-mexico-cdmx-5217-la-joyita-df-30554712#pagina=31&tipos=residencial-venta&area=df&pos=7,30464800.0,4500000.0,"Venta casa en Nte 58-B 5217, Tablas de San Agustín, Gustavo A. Madero, 07860 Ciudad de México, CDMX #5217, Colonia La Joyita, C.P. 07860",Casa,Nte 58-b 5217,La Joyita,Gustavo A. Madero,7860.0,4.0,2.0,132.0,2.0,,[],11510.0,19.465749,-99.117548,2025-11-30 07:22:38
https://propiedades.com/inmuebles/departamento-en-venta-varsovia-juarez-df-30171699#pagina=19&tipos=residencial-venta&area=df&pos=11,,18800000.0,"Se vende departamento en Varsovia, Colonia Juárez, C.P. 06600",Departamento,Varsovia,Juárez,Cuauhtémoc,6600.0,2.0,2.0,272.0,,59.0,[],56650.0,19.4249,-99.168208,2025-11-30 07:22:53
https://propiedades.com/inmuebles/departamento-en-venta-departamento-con-3-recamaras-en-escandon-escandon-ii-seccion-df-30434077#pagina=7&tipos=residencial-venta&area=df&pos=2,30188974.0,9600000.0,"Departamento disponible en venta en DEPARTAMENTO CON 3 RECAMARAS EN ESCANDON, Colonia Escandón II Sección, C.P. 11800",Departamento,,Escandón Ii Sección,Miguel Hidalgo,11800.0,3.0,2.0,102.0,2.0,1.0,[],42820.0,19.407116,-99.190617,2025-11-30 07:23:10
https://propiedades.com/inmuebles/departamento-en-venta-cosmopolita-df-30556014#pagina=20&tipos=residencial-venta&area=df&pos=31,30163316.0,3026000.0,"Departamento en venta, , Colonia Cosmopolita, C.P. 02670",Departamento,,Cosmopolita,Desconocida,2670.0,2.0,2.0,70.0,1.0,8.0,[],24090.0,,,2025-11-30 07:23:25
https://propiedades.com/inmuebles/casa-en-venta-barrio-18-no-18-df-28087423#pagina=12&tipos=residencial-venta&area=df&pos=1,29936757.0,6000000.0,"Se vende casa en Barrio 18 #NO, Colonia 18, C.P. 16034",Casa,Barrio 18 #no,18,Desconocida,16034.0,6.0,4.0,,3.0,15.0,['Cisterna'],28210.0,,,2025-11-30 07:24:09
https://propiedades.com/inmuebles/departamento-en-venta-c-gabino-barreda-89-san-rafael-cuauhtemoc-06470-ciudad-de-mexico-cdmx-89-san-rafael-df-30553860#pagina=28&tipos=residencial-venta&area=df&pos=31,30563222.0,5300000.0,"Departamento en venta, C. Gabino Barreda 89, San Rafael, Cuauhtémoc, 06470 Ciudad de México, CDMX #89, Colonia San Rafael, C.P. 06470",Departamento,Venta,San Rafael,Cuauhtémoc,6470.0,2.0,2.0,64.0,1.0,1.0,[],44580.0,19.437945,-99.162422,2025-11-30 07:24:27
https://propiedades.com/inmuebles/departamento-en-venta-segunda-cerrada-del-moral-2a-del-moral-del-pueblo-de-tetelpan-df-28279120#pagina=17&tipos=residencial-venta&area=df&pos=46,30494324.0,5390000.0,"Venta departamento en Segunda Cerrada del Moral, Colonia 2a Del Moral del Pueblo de Tetelpan, C.P. 01700",Departamento,Segunda Cerrada del Moral,2a del Moral del Pueblo de Tetelpan,Desconocida,1700.0,3.0,3.0,139.0,2.0,,[],36990.0,,,2025-11-30 07:24:42
https://propiedades.com/inmuebles/departamento-en-venta-bretana-80-80-zacahuitzco-df-30096822#pagina=14&tipos=residencial-venta&area=df&pos=18,30201959.0,3500000.0,"Venta de departamento en Bretaña 80 #80, Colonia Zacahuitzco, C.P. 03550",Departamento,,Zacahuitzco,Desconocida,3550.0,1.0,2.0,73.0,1.0,10.0,['Cisterna'],44200.0,,,2025-11-30 07:24:58
https://propiedades.com/inmuebles/casa-en-venta-del-valle-centro-df-30555987#pagina=3&tipos=residencial-venta&area=df&pos=44,30399733.0,8500000.0,"Casa en venta disponible en , Colonia Del Valle Centro, C.P. 03100",Casa,Disponible en,Del Valle Centro,Benito Juárez,3100.0,3.0,2.0,,2.0,,[],39090.0,19.386924,-99.163602,2025-11-30 07:25:12
https://propiedades.com/inmuebles/departamento-en-venta-av-centenario-1811-pueblo-de-santiago-atzacoalco-gustavo-a-madero-07040-ciudad-de-mexico-cdmx-1811-santiago-atzacoalco-df-30518916#pagina=26&tipos=residencial-venta&area=df&pos=40,27620405.0,2441000.0,"Venta departamento en Av. Centenario 1811, Pueblo de Santiago Atzacoalco, Gustavo A. Madero, 07040 Ciudad de México, CDMX #1811Int. A-615, Colonia Santiago Atzacoalco, C.P. 07040",Departamento,Avenida Centenario 1811,Santiago Atzacoalco,Gustavo A. Madero,7040.0,3.0,1.0,60.0,,8.0,['Cisterna'],31030.0,19.500692,-99.094593,2025-11-30 07:25:28
https://propiedades.com/inmuebles/casa-en-venta-etna-42-los-alpes-df-26479248#pagina=13&tipos=residencial-venta&area=df&pos=45,30393807.0,29000000.0,"Casa disponible en venta en Etna #42, Colonia Los Alpes, C.P. 01010",Casa,calle tranquila. Recámaras y área social muy a,Los Alpes,Álvaro Obregón,1010.0,3.0,2.0,300.0,7.0,40.0,[],41810.0,19.359862,-99.193491,2025-11-30 07:25:42
https://propiedades.com/inmuebles/departamento-en-venta-merida-roma-norte-df-29838087#pagina=18&tipos=residencial-venta&area=df&pos=37,30494496.0,3950000.0,"Departamento disponible en venta en Mérida, Colonia Roma Norte, C.P. 06700",Departamento,Mérida,Roma Norte,Cuauhtémoc,6700.0,2.0,1.0,0.0,1.0,40.0,[],54490.0,19.414642,-99.156521,2025-11-30 07:25:57
https://propiedades.com/inmuebles/departamento-en-venta-santa-fe-santa-fe-df-29784202#pagina=21&tipos=residencial-venta&area=df&pos=46,30515522.0,5100000.0,"Se vende departamento Santa Fe, Colonia Santa Fe, C.P. 01376",Departamento,,Santa Fe,Álvaro Obregón,1376.0,2.0,2.0,81.0,2.0,8.0,[],51660.0,19.383964,-99.235094,2025-11-30 07:26:14
https://propiedades.com/inmuebles/departamento-en-venta-guerrero-df-30555972#pagina=18&tipos=residencial-venta&area=df&pos=33,30296886.0,1924000.0,"Departamento disponible en venta en , Colonia Guerrero, C.P. 06300",Departamento,,Guerrero,Desconocida,6300.0,2.0,1.0,47.0,1.0,7.0,[],16480.0,,,2025-11-30 07:26:31
https://propiedades.com/inmuebles/departamento-en-venta-city-owers-parck-grand--321-xoco-df-28420469#pagina=6&tipos=residencial-venta&area=df&pos=23,27693303.0,3850000.0,"Venta departamento en CITY OWERS PARCK GRAND #321Int. 3, Colonia Xoco, C.P. 03330",Departamento,City Owers Parck Grand #321int. 3,Xoco,Desconocida,3330.0,2.0,1.0,65.0,1.0,6.0,"['Cisterna', 'Telefonía', 'Aire acondicionado']",51810.0,,,2025-11-30 07:28:07
https://propiedades.com/inmuebles/departamento-en-venta-pitagoras-narvarte-poniente-df-25389085#pagina=5&tipos=residencial-venta&area=df&pos=17,29513079.0,12250000.0,"Se vende departamento en Pitágoras, Colonia Narvarte Poniente, C.P. 03020",Departamento,,Narvarte Poniente,Benito Juárez,3020.0,3.0,3.0,226.0,2.0,,[],41310.0,19.392226,-99.157707,2025-11-30 07:28:26
https://propiedades.com/inmuebles/departamento-en-venta-c-antillas-408-portales-nte-benito-juarez-03303-ciudad-de-mexico-cdmx-mexico-portales-norte-df-30327414#pagina=2&tipos=residencial-venta&area=df&pos=32,29993223.0,4231000.0,"Se vende departamento en C. Antillas 408, Portales Nte, Benito Juárez, 03303 Ciudad de México, CDMX, Mexico, Colonia Portales Norte, C.P. 03303",Departamento,C. Antillas 408,Portales Norte,Benito Juárez,3303.0,2.0,2.0,65.0,1.0,1.0,[],41970.0,19.368788,-99.142786,2025-11-30 07:28:44
https://propiedades.com/inmuebles/departamento-en-venta-manzanastitla-df-30546791#pagina=18&tipos=residencial-venta&area=df&pos=17,27925253.0,3250000.0,"Venta departamento en , Colonia Manzanastitla, C.P. 05270",Departamento,"alcaldía Cuajimalpa de Morelos, Ciudad de México",Manzanastitla,Desconocida,5270.0,1.0,1.0,8.0,2.0,4.0,[],38150.0,,,2025-11-30 07:28:59
https://propiedades.com/inmuebles/departamento-en-venta-tizapan-df-27449360#pagina=29&tipos=residencial-venta&area=df&pos=9,29465380.0,4000000.0,"Se vende departamento en , Colonia Tizapan, C.P. 01090",Departamento,"Álvaro Obregón, Ciudad de México",Tizapan,Desconocida,1090.0,2.0,2.0,113.0,2.0,,[],47410.0,,,2025-11-30 07:29:16
https://propiedades.com/inmuebles/departamento-en-venta-av-revolucion-guadalupe-inn-df-30295448#pagina=20&tipos=residencial-venta&area=df&pos=14,30566443.0,13000000.0,"Departamento en venta, Av. Revolución, Colonia Guadalupe Inn, C.P. 01020",Departamento,Av. Revolución,Guadalupe Inn,Desconocida,1020.0,3.0,4.0,205.0,3.0,7.0,[],49840.0,,,2025-11-30 07:29:28
https://propiedades.com/inmuebles/casa-en-venta-calle-sereno-colina-del-sur-df-30042615#pagina=19&tipos=residencial-venta&area=df&pos=1,29758191.0,7790000.0,"Venta de casa Calle Sereno, Colonia Colina del Sur, C.P. 01430",Casa,,Colina del Sur,Desconocida,1430.0,3.0,2.0,262.0,3.0,21.0,[],14900.0,,,2025-11-30 07:29:46
https://propiedades.com/inmuebles/departamento-en-venta-calz-san-juan-de-aragon-ciudad-de-mexico-cdmx-544-dm-nacional-df-30477671#pagina=11&tipos=residencial-venta&area=df&pos=10,29685866.0,1800000.0,"Departamento disponible en venta en Calz. San Juan de Aragón, Ciudad de México, CDMX #544, Colonia DM Nacional, C.P. 07450",Departamento,,Dm Nacional,Desconocida,7450.0,2.0,1.0,60.0,1.0,,[],19680.0,,,2025-11-30 07:30:02
https://propiedades.com/inmuebles/departamento-en-venta-calle-4-san-pedro-de-los-pinos-df-28417400#pagina=22&tipos=residencial-venta&area=df&pos=21,29191017.0,5990000.0,"Se vende departamento CALLE 4, Colonia San Pedro de los Pinos, C.P. 03800",Departamento,CALLE 4,San Pedro de los Pinos,Desconocida,3800.0,2.0,3.0,103.0,3.0,3.0,[],39790.0,,,2025-11-30 07:30:17
https://propiedades.com/inmuebles/departamento-en-venta-lago-xochimilco-56-anahuac-i-secc-miguel-hidalgo-11320-ciudad-de-mexico-cdmx-56-anahuac-ii-seccion-df-30498664#pagina=28&tipos=residencial-venta&area=df&pos=19,29342806.0,2878000.0,"Venta de departamento Lago Xochimilco 56, Anáhuac I Secc, Miguel Hidalgo, 11320 Ciudad de México, CDMX #56, Colonia Anahuac II Sección, C.P. 11320",Departamento,,Anahuac Ii Sección,Miguel Hidalgo,11320.0,2.0,1.0,,1.0,,[],39760.0,19.407116,-99.190617,2025-11-30 07:30:32
https://propiedades.com/inmuebles/departamento-en-venta-ahuahuetes-bosques-de-las-lomas-df-30355033#pagina=19&tipos=residencial-venta&area=df&pos=6,29855294.0,9800000.0,"Venta de departamento en Ahuahuetes, Colonia Bosques de las Lomas, C.P. 05120",Departamento,"Bosques de las Lomas, Ciudad de México",Bosques de las Lomas,Cuajimalpa,5120.0,113.0,3.0,0.0,4.0,,"['Cisterna', 'Telefonía']",46010.0,19.388115,-99.251801,2025-11-30 07:31:26
https://propiedades.com/inmuebles/departamento-en-venta-golfo-san-jorge-sn-tacuba-df-29727731#pagina=9&tipos=residencial-venta&area=df&pos=8,30442815.0,1732500.0,"Se vende departamento en Golfo San Jorge #s/n, Colonia Tacuba, C.P. 11410",Departamento,Golfo San Jorge #s/n,Tacuba,Desconocida,11410.0,1.0,1.0,41.0,,,['Cisterna'],28000.0,,,2025-11-30 07:31:46
https://propiedades.com/inmuebles/casa-en-venta-av-del-castillo-cuautepec-de-madero-ciudad-de-mexico-cdmx-cocoyotes-df-30417886#pagina=28&tipos=residencial-venta&area=df&pos=6,30560505.0,3100000.0,"Casa en venta disponible en Av del Castillo, Cuautepec de Madero, Ciudad de México, CDMX, Colonia Cocoyotes, C.P. 07180",Casa,"Cuautepec de Madero, Ciudad de México",Cocoyotes,Desconocida,7180.0,3.0,2.0,240.0,1.0,33.0,[],18610.0,,,2025-11-30 07:32:02
https://propiedades.com/inmuebles/departamento-en-venta-calz-de-los-tenorios-150-coapa-tenorios-fovissste-tlalpan-14326-ciudad-de-mexico-cdmx-150-tenorios-infonavit-df-30313565#pagina=10&tipos=residencial-venta&area=df&pos=7,30396439.0,3090000.0,"Departamento en venta, Calz. de los Tenorios 150, Coapa, Tenorios Fovissste, Tlalpan, 14326 Ciudad de México, CDMX #150, Colonia Tenorios INFONAVIT, C.P. 14326",Departamento,Venta,Tenorios Infonavit,Tlalpan,14326.0,2.0,1.0,80.0,1.0,46.0,[],28590.0,19.296574,-99.117322,2025-11-30 07:32:15
https://propiedades.com/inmuebles/departamento-en-venta-napoles-df-30336793#pagina=17&tipos=residencial-venta&area=df&pos=36,30466564.0,8970000.0,"Departamento en venta disponible en , Colonia Napoles, C.P. 03810",Departamento,,Napoles,Desconocida,3810.0,2.0,2.0,,2.0,9.0,[],51830.0,,,2025-11-30 07:32:28
https://propiedades.com/inmuebles/departamento-en-venta-zaragoza-171-buenavista-cuauhtemoc-06350-ciudad-de-mexico-cdmx-171-buenavista-df-30508595#pagina=35&tipos=residencial-venta&area=df&pos=2,29701122.0,1164060.0,"Departamento en venta, Zaragoza 171, Buenavista, Cuauhtémoc, 06350 Ciudad de México, CDMX #171, Colonia Buenavista, C.P. 06350",Departamento,Venta,Buenavista,Cuauhtémoc,6350.0,2.0,1.0,50.0,1.0,,[],20920.0,19.446028,-99.151752,2025-11-30 07:32:48
https://propiedades.com/inmuebles/casa-en-condominio-en-venta-calle-hermenegildo-galeana-sn-san-jeronimo-lidice-df-30087840#pagina=12&tipos=residencial-venta&area=df&pos=8,29299997.0,10400000.0,"Casa en condominio en venta disponible en Calle Hermenegildo Galeana #s/n, Colonia San Jerónimo Lídice, C.P. 10200",Casa,Calle Hermenegildo Galeana #s/n,San Jerónimo Lídice,La Magdalena Contreras,10200.0,3.0,3.0,185.0,,30.0,['Cisterna'],,19.324217,-99.226076,2025-11-30 07:33:04
https://propiedades.com/inmuebles/departamento-en-venta-jose-maria-vertiz-narvarte-oriente-df-30438038#pagina=16&tipos=residencial-venta&area=df&pos=13,29701063.0,5350000.0,"Venta de departamento en José Maria Vertiz, Colonia Narvarte Oriente, C.P. 03023",Departamento,José Maria Vertiz,Narvarte Oriente,Benito Juárez,3023.0,3.0,2.0,123.0,1.0,46.0,[],41310.0,19.387542,-99.151862,2025-11-30 07:33:20
https://propiedades.com/inmuebles/departamento-en-venta-avenida-de-los-bosques-1516-1516-lomas-del-chamizal-df-28487294#pagina=14&tipos=residencial-venta&area=df&pos=27,26616538.0,10490000.0,"Departamento en venta, Avenida de los Bosques 1516 #1516, Colonia Lomas del Chamizal, C.P. 05129",Departamento,Avenida de los Bosques 1516 #1516,Lomas del Chamizal,Desconocida,5129.0,2.0,3.0,257.0,2.0,11.0,['Cisterna'],44330.0,,,2025-11-30 07:33:35
https://propiedades.com/inmuebles/departamento-en-venta-departamento-con-amenidades-en-napoles-26-napoles-df-28301253#pagina=28&tipos=residencial-venta&area=df&pos=18,30499080.0,7196000.0,"Venta de departamento DEPARTAMENTO CON AMENIDADES EN NAPOLES #26Int. 303, Colonia Napoles, C.P. 03810",Departamento,Napoles #26int. 303,Napoles,Desconocida,3810.0,2.0,2.0,100.0,2.0,1.0,['Cisterna'],51830.0,,,2025-11-30 07:33:51
https://propiedades.com/inmuebles/departamento-en-venta-cuauhtemoc-narvarte-poniente-df-25370780#pagina=30&tipos=residencial-venta&area=df&pos=36,29834500.0,4100000.0,"Departamento en venta, Cuauhtémoc, Colonia Narvarte Poniente, C.P. 03020",Departamento,"Narvarte Oriente, Ciudad de México",Narvarte Poniente,Benito Juárez,3020.0,2.0,1.0,71.0,2.0,,[],41310.0,19.389297,-99.16122,2025-11-30 07:34:20
https://propiedades.com/inmuebles/departamento-en-venta-s-lorenzo-909-col-del-valle-sur-benito-juarez-03104-ciudad-de-mexico-cdmx-909-del-valle-sur-df-30498585#pagina=29&tipos=residencial-venta&area=df&pos=32,26247930.0,9077214.0,"Se vende departamento en S. Lorenzo 909, Col del Valle Sur, Benito Juárez, 03104 Ciudad de México, CDMX #909, Colonia Del Valle Sur, C.P. 03104",Departamento,S. Lorenzo 909,Del Valle Sur,Benito Juárez,3104.0,1.0,1.0,98.0,1.0,,[],42630.0,19.37292,-99.17579,2025-11-30 07:34:36
https://propiedades.com/inmuebles/departamento-en-venta-departamento-con-vista-exterior-en-roma-norte-roma-norte-df-30115457#pagina=34&tipos=residencial-venta&area=df&pos=10,29865175.0,4386827.0,"Venta departamento en DEPARTAMENTO CON VISTA EXTERIOR EN ROMA NORTE, Colonia Roma Norte, C.P. 06700",Departamento,,Roma Norte,Cuauhtémoc,6700.0,2.0,1.0,60.0,,1.0,['Cisterna'],54490.0,19.418323,-99.162565,2025-11-30 07:34:51
https://propiedades.com/inmuebles/departamento-en-venta-alamos-df-30355583#pagina=17&tipos=residencial-venta&area=df&pos=14,29428514.0,3030938.0,"Se vende departamento en , Colonia Álamos, C.P. 03400",Departamento,,Álamos,Benito Juárez,3400.0,2.0,2.0,63.0,1.0,,[],38920.0,19.394749,-99.142949,2025-11-30 07:35:07
https://propiedades.com/inmuebles/casa-en-venta-avenida-presidente-plutarco-elias-calles-sn-del-carmen-df-30537907#pagina=31&tipos=residencial-venta&area=df&pos=4,30180462.0,6280000.0,"Se vende casa Avenida Presidente Plutarco Elías Calles #s/n, Colonia Del Carmen, C.P. 03540",Casa,,Del Carmen,Desconocida,3540.0,4.0,3.0,294.0,1.0,,[],14420.0,,,2025-11-30 07:35:25
https://propiedades.com/inmuebles/casa-en-venta-cda-de-balcon-3-tetelpan-alvaro-obregon-01700-ciudad-de-mexico-cdmx-3-tecalcapa-del-pueblo-tetelpan-df-30537287#pagina=7&tipos=residencial-venta&area=df&pos=13,30537294.0,11500000.0,"Se vende casa en Cda. de Balcon 3, Tetelpan, Álvaro Obregón, 01700 Ciudad de México, CDMX #3, Colonia Tecalcapa del Pueblo Tetelpan, C.P. 01700",Casa,Cda. de Balcon 3,Tecalcapa del Pueblo Tetelpan,Álvaro Obregón,1700.0,2.0,3.0,218.0,2.0,20.0,"['Cisterna', 'Telefonía']",27590.0,19.390652,-99.195242,2025-11-30 07:35:50
https://propiedades.com/inmuebles/departamento-en-venta-lafontaine-153-polanco-polanco-iii-secc-miguel-hidalgo-11540-ciudad-de-mexico-cdmx-153-polanco-iii-seccion-df-30544826#pagina=12&tipos=residencial-venta&area=df&pos=44,27578008.0,13900000.0,"Departamento en venta, Lafontaine 153, Polanco, Polanco III Secc, Miguel Hidalgo, 11540 Ciudad de México, CDMX #153Int. GH2, Colonia Polanco III Sección, C.P. 11540",Departamento,Venta,Polanco Iii Sección,Miguel Hidalgo,11540.0,2.0,2.0,170.0,2.0,20.0,['Cisterna'],84460.0,19.407116,-99.190617,2025-11-30 07:36:03
https://propiedades.com/inmuebles/departamento-en-venta-avenida-ejercito-nacional-mexicano-225-225-anahuac-i-seccion-df-29882259#pagina=13&tipos=residencial-venta&area=df&pos=43,20353899.0,5500000.0,"Venta de departamento Avenida Ejército Nacional Mexicano 225 #225, Colonia Anahuac I Sección, C.P. 11320",Departamento,,Anahuac I Sección,Miguel Hidalgo,11320.0,2.0,2.0,100.0,2.0,5.0,"['Cisterna', 'Telefonía']",39760.0,19.407116,-99.190617,2025-11-30 07:36:16
https://propiedades.com/inmuebles/departamento-en-venta-eje-central-lazaro-cardenas-letran-valle-benito-juarez-03650-ciudad-de-mexico-cdmx-sn-letran-valle-df-30327692#pagina=29&tipos=residencial-venta&area=df&pos=2,30296290.0,3250000.0,"Se vende departamento Eje Central Lázaro Cárdenas, Letran Valle, Benito Juárez, 03650 Ciudad de México, CDMX #s/n, Colonia Letrán Valle, C.P. 03650",Departamento,,Letrán Valle,Benito Juárez,3650.0,2.0,1.0,43.0,1.0,1.0,['Cisterna'],43720.0,19.376082,-99.155022,2025-11-30 07:36:33
https://propiedades.com/inmuebles/casa-en-venta-cipactli-la-preciosa-df-29305709#pagina=13&tipos=residencial-venta&area=df&pos=26,29695996.0,10000000.0,"Casa disponible en venta en Cipactli, Colonia La Preciosa, C.P. 02460",Casa,Cipactli,La Preciosa,Azcapotzalco,2460.0,5.0,8.0,511.0,,,"['Cisterna', 'Telefonía']",4940.0,19.486844,-99.194362,2025-11-30 07:36:49
https://propiedades.com/inmuebles/departamento-en-venta-gabino-barreda-san-rafael-df-26065462#pagina=19&tipos=residencial-venta&area=df&pos=46,26063324.0,5487300.0,"Venta departamento en Gabino Barreda, Colonia San Rafael, C.P. 06470",Departamento,,San Rafael,Cuauhtémoc,6470.0,2.0,2.0,78.0,1.0,,[],44580.0,19.437945,-99.162422,2025-11-30 07:37:34
https://propiedades.com/inmuebles/departamento-en-venta-gutenberg-anzures-ciudad-de-mexico-cdmx-anzures-df-30485944#pagina=25&tipos=residencial-venta&area=df&pos=29,30489917.0,12240000.0,"Departamento disponible en venta en Gutenberg, Anzures, Ciudad de México, CDMX, Colonia Anzures, C.P. 11590",Departamento,"Anzures, Ciudad de México",Anzures,Miguel Hidalgo,11590.0,3.0,3.0,,2.0,8.0,['Cisterna'],48270.0,19.427472,-99.177193,2025-11-30 07:37:51
https://propiedades.com/inmuebles/departamento-en-venta-calle-rio-grijalva-cuauhtemoc-06500-ciudad-de-mexico-cdmx-cuauhtemoc-df-30378629#pagina=28&tipos=residencial-venta&area=df&pos=41,28295538.0,6500000.0,"Departamento disponible en venta en Calle Río Grijalva, Cuauhtémoc, 06500 Ciudad de México, CDMX, Colonia Cuauhtémoc, C.P. 06500",Departamento,Calle Río Grijalva,Cuauhtémoc,Cuauhtémoc,6500.0,2.0,2.0,90.0,1.0,1.0,[],60120.0,19.43349,-99.170055,2025-11-30 07:38:06
https://propiedades.com/inmuebles/casa-en-venta-san-andres-totoltepec-heroico-colegio-militar-df-29532231#pagina=10&tipos=residencial-venta&area=df&pos=27,,3900000.0,"Venta de casa en SAN ANDRES TOTOLTEPEC, Colonia Heróico Colegio Militar, C.P. 14653",Casa,calle Privada en San Andres Totoltepec,Heróico Colegio Militar,Desconocida,14653.0,3.0,3.0,,,35.0,['Cisterna'],36970.0,,,2025-11-30 07:38:19
https://propiedades.com/inmuebles/casa-en-venta-1a-cda-corceles-colina-del-sur-01430-ciudad-de-mexico-cdmx-colina-del-sur-df-30517302#pagina=10&tipos=residencial-venta&area=df&pos=42,28558968.0,7500000.0,"Casa en venta, 1a. Cda. Corceles, Colina del Sur, 01430 Ciudad de México, CDMX, Colonia Colina del Sur, C.P. 01430",Casa,Venta,Colina del Sur,Desconocida,1430.0,4.0,5.0,242.0,,30.0,[],14900.0,,,2025-11-30 07:38:33
https://propiedades.com/inmuebles/departamento-en-venta-polanco-polanco-v-seccion-df-30488461#pagina=17&tipos=residencial-venta&area=df&pos=32,30434473.0,17900000.0,"Departamento disponible en venta en Polanco, Colonia Polanco V Sección, C.P. 11560",Departamento,,Polanco V Sección,Miguel Hidalgo,11560.0,2.0,2.0,150.0,,,[],84460.0,19.429379,-99.196393,2025-11-30 07:38:49
https://propiedades.com/inmuebles/casa-en-venta-cda-de-la-presa-116-san-jeronimo-lidice-la-magdalena-contreras-10200-ciudad-de-mexico-cdmx-116-san-jeronimo-lidice-df-30498658#pagina=31&tipos=residencial-venta&area=df&pos=10,30295358.0,27224010.0,"Casa disponible en venta en Cda. de la Presa 116, San Jerónimo Lídice, La Magdalena Contreras, 10200 Ciudad de México, CDMX #116, Colonia San Jerónimo Lídice, C.P. 10200",Casa,Cda. de la Presa 116,San Jerónimo Lídice,La Magdalena Contreras,10200.0,2.0,2.0,100.0,4.0,,[],31770.0,19.326719,-99.22256,2025-11-30 07:39:06
https://propiedades.com/inmuebles/casa-en-venta-lomas-de-chapultepec-v-seccion-df-27817618#pagina=20&tipos=residencial-venta&area=df&pos=4,29855573.0,52500000.0,"Casa en venta disponible en _ , Colonia Lomas de Chapultepec V Sección, C.P. 11000",Casa,,Lomas de Chapultepec V Sección,Miguel Hidalgo,11000.0,3.0,4.0,0.0,4.0,,[],66430.0,19.410697,-99.21981,2025-11-30 07:39:21
https://propiedades.com/inmuebles/departamento-en-venta-romulo-ofarril-520-olivar-de-los-padres-alvaro-obregon-01780-ciudad-de-mexico-cdmx-520-olivar-de-los-padres-df-30485732#pagina=31&tipos=residencial-venta&area=df&pos=24,30439995.0,2882031.0,"Departamento en venta, Rómulo O'Farril 520, Olivar de los Padres, Álvaro Obregón, 01780 Ciudad de México, CDMX #520, Colonia Olivar de los Padres, C.P. 01780",Departamento,Venta,Olivar de los Padres,Álvaro Obregón,1780.0,2.0,2.0,85.0,1.0,,[],38570.0,19.337409,-99.219657,2025-11-30 07:39:38
https://propiedades.com/inmuebles/departamento-en-venta-alejandro-dumas-polanco-iv-seccion-df-28410623#pagina=21&tipos=residencial-venta&area=df&pos=10,30448815.0,15500000.0,"Venta de departamento Alejandro Dumas, Colonia Polanco IV Sección, C.P. 11550",Departamento,,Polanco Iv Sección,Miguel Hidalgo,11550.0,3.0,3.0,0.0,3.0,19.0,[],84460.0,19.431891,-99.194951,2025-11-30 07:39:52
https://propiedades.com/inmuebles/departamento-en-venta-penthouse-con-roof-privado-en-barranca-del-muerto-merced-gomez-df-30554240#pagina=25&tipos=residencial-venta&area=df&pos=45,30429523.0,7165000.0,"Se vende departamento PENTHOUSE CON ROOF PRIVADO EN BARRANCA DEL MUERTO, Colonia Merced Gómez, C.P. 01600",Departamento,,Merced Gómez,Álvaro Obregón,1600.0,2.0,2.0,133.0,2.0,1.0,['Cisterna'],45450.0,19.364683,-99.198554,2025-11-30 07:40:25
https://propiedades.com/inmuebles/departamento-en-venta-av-jardin-330-col-del-gas-azcapotzalco-02950-ciudad-de-mexico-cdmx-330-del-gas-df-30507497#pagina=2&tipos=residencial-venta&area=df&pos=7,30118882.0,3500000.0,"Se vende departamento Av. Jardín 330, Col del Gas, Azcapotzalco, 02950 Ciudad de México, CDMX #330, Colonia Del Gas, C.P. 02950",Departamento,,Del Gas,Azcapotzalco,2950.0,3.0,2.0,80.0,2.0,,"['Cisterna', 'Telefonía']",36710.0,19.46666,-99.15693,2025-11-30 07:40:42
https://propiedades.com/inmuebles/casa-en-venta-cerrada-de-colorines-jardines-del-pedregal-df-29429264#pagina=4&tipos=residencial-venta&area=df&pos=32,30492931.0,38483000.0,"Casa disponible en venta en Cerrada de Colorines, Colonia Jardines del Pedregal, C.P. 01900",Casa,calles más exclusivas y seguras de Pedregal de San Ángel,Jardines del Pedregal,Tlalpan,1900.0,3.0,3.0,907.0,6.0,65.0,[],27820.0,19.2953,-99.209786,2025-11-30 07:40:56
https://propiedades.com/inmuebles/departamento-en-venta-rio-yang-tsze-22b-cuauhtemoc-df-28959631#pagina=11&tipos=residencial-venta&area=df&pos=8,30560984.0,5700000.0,"Departamento disponible en venta en Río Yang Tsze #22BInt. 304, Colonia Cuauhtémoc, C.P. 06500",Departamento,Río Yang Tsze #22bint. 304,Cuauhtémoc,Cuauhtémoc,6500.0,2.0,2.0,105.0,2.0,10.0,['Cisterna'],60120.0,19.43263,-99.133178,2025-11-30 07:41:13
https://propiedades.com/inmuebles/departamento-en-venta-avenida-insurgentes-sur-guadalupe-inn-df-26154348#pagina=14&tipos=residencial-venta&area=df&pos=11,30410486.0,4881161.0,"Venta de departamento en Avenida Insurgentes Sur, Colonia Guadalupe Inn, C.P. 01020",Departamento,,Guadalupe Inn,Desconocida,1020.0,1.0,1.0,38.0,1.0,,"['Cisterna', 'Telefonía']",49840.0,,,2025-11-30 07:41:28
https://propiedades.com/inmuebles/departamento-en-venta-horacio-polanco-i-seccion-df-27291622#pagina=22&tipos=residencial-venta&area=df&pos=46,30434473.0,19324000.0,"Departamento en venta, Horacio, Colonia Polanco I Sección, C.P. 11510",Departamento,Venta,Polanco I Sección,Miguel Hidalgo,11510.0,3.0,3.0,150.0,2.0,,[],84460.0,19.429379,-99.196393,2025-11-30 07:41:46
https://propiedades.com/inmuebles/departamento-en-venta-zacatecas-roma-norte-df-29090332#pagina=23&tipos=residencial-venta&area=df&pos=34,30507396.0,7759000.0,"Venta de departamento en Zacatecas, Colonia Roma Norte, C.P. 06700",Departamento,,Roma Norte,Cuauhtémoc,6700.0,2.0,2.0,22.0,1.0,,[],54490.0,19.418323,-99.162565,2025-11-30 07:42:03
https://propiedades.com/inmuebles/departamento-en-venta-antillas-portales-sur-df-30473665#pagina=26&tipos=residencial-venta&area=df&pos=29,28909306.0,4406808.0,"Se vende departamento en Antillas, Colonia Portales Sur, C.P. 03300",Departamento,,Portales Sur,Benito Juárez,3300.0,2.0,2.0,4.0,1.0,,[],41970.0,19.361694,-99.148914,2025-11-30 07:42:26
https://propiedades.com/inmuebles/departamento-en-venta-carretera-mexico-toluca-cuajimalpa-cuajimalpa-df-27043349#pagina=18&tipos=residencial-venta&area=df&pos=22,28999510.0,5900000.0,"Departamento disponible en venta en Carretera México Toluca, Cuajimalpa, Colonia Cuajimalpa, C.P. 05000",Departamento,"Alcaldía Cuajimalpa, Ciudad de México",Cuajimalpa,Cuajimalpa,5000.0,2.0,2.0,126.0,2.0,,[],35080.0,19.357981,-99.278199,2025-11-30 07:42:40
https://propiedades.com/inmuebles/departamento-en-venta-torres-de-san-juan-eje-5-nte-calz-san-juan-de-aragon-dm-nacional-preparatoria-3-gustavo-a-m-dm-nacional-df-30519407#pagina=33&tipos=residencial-venta&area=df&pos=31,30576675.0,1754500.0,"Se vende departamento Torres de San Juan, Eje 5 Nte. (Calz. San Juan de Aragón), DM Nacional, Preparatoria 3, Gustavo A. M, Colonia DM Nacional, C.P. 07450",Departamento,,Dm Nacional,Desconocida,7450.0,2.0,1.0,,1.0,20.0,[],19680.0,,,2025-11-30 07:42:54
https://propiedades.com/inmuebles/departamento-en-venta-avenida-mazatlan-condesa-df-29459592#pagina=11&tipos=residencial-venta&area=df&pos=17,30528169.0,10500000.0,"Departamento en venta disponible en Avenida Mazatlan, Colonia Condesa, C.P. 06140",Departamento,"Hipódromo, Ciudad de México",Condesa,Cuauhtémoc,6140.0,4.0,2.0,186.0,1.0,,[],62600.0,19.411211,-99.172275,2025-11-30 07:44:36
https://propiedades.com/inmuebles/departamento-en-venta-lomas-de-los-angeles-del-pueblo-tetelpan-df-30555980#pagina=15&tipos=residencial-venta&area=df&pos=42,30358993.0,5657600.0,"Venta de departamento en , Colonia Lomas de los Angeles del Pueblo Tetelpan, C.P. 01790",Departamento,,Lomas de los Angeles del Pueblo Tetelpan,Desconocida,1790.0,3.0,2.0,5.0,2.0,,[],46680.0,,,2025-11-30 07:44:54
https://propiedades.com/inmuebles/departamento-en-venta-santa-fe-cuajimalpa-df-29448989#pagina=23&tipos=residencial-venta&area=df&pos=25,29115594.0,18990000.0,"Venta de departamento , Colonia Santa Fe Cuajimalpa, C.P. 05348",Departamento,,Santa Fe Cuajimalpa,Cuajimalpa,5348.0,4.0,4.0,0.0,4.0,,[],52900.0,19.358168,-99.272261,2025-11-30 07:45:12
https://propiedades.com/inmuebles/casa-en-condominio-en-venta-mirador-63-fuentes-de-tepepan-tlalpan-14643-ciudad-de-mexico-cdmx-63-fuentes-de-tepepan-df-30463924#pagina=7&tipos=residencial-venta&area=df&pos=35,30528422.0,6950000.0,"Venta de casa en condominio en Mirador 63, Fuentes de Tepepan, Tlalpan, 14643 Ciudad de México, CDMX #63, Colonia Fuentes de Tepepan, C.P. 14643",Casa,Condominio en Mirador 63,Fuentes de Tepepan,Tlalpan,14643.0,3.0,2.0,,4.0,,"['Cisterna', 'Aire acondicionado']",,19.268951,-99.147966,2025-11-30 07:45:29
https://propiedades.com/inmuebles/departamento-en-venta-palenque-narvarte-oriente-df-29483607#pagina=9&tipos=residencial-venta&area=df&pos=35,29888089.0,6400000.0,"Departamento en venta disponible en palenque, Colonia Narvarte Oriente, C.P. 03023",Departamento,Disponible en Palenque,Narvarte Oriente,Benito Juárez,3023.0,2.0,2.0,82.0,2.0,,[],41310.0,19.393267,-99.150258,2025-11-30 07:45:43
https://propiedades.com/inmuebles/casa-en-venta-avenida-545-san-juan-de-aragon-ii-seccion-df-30434064#pagina=10&tipos=residencial-venta&area=df&pos=41,30483138.0,4799999.0,"Casa disponible en venta en Avenida 545, Colonia San Juan de Aragón II Sección, C.P. 07969",Casa,Avenida 545,San Juan de Aragón Ii Sección,Desconocida,7969.0,4.0,2.0,138.0,,30.0,['Cisterna'],13900.0,,,2025-11-30 07:45:57
https://propiedades.com/inmuebles/departamento-en-venta-av-juarez-sta-cruz-atoyac-03310-ciudad-de-mexico-cdmx-sn-santa-cruz-atoyac-df-30513038#pagina=31&tipos=residencial-venta&area=df&pos=39,28450435.0,6300000.0,"Se vende departamento Av Juarez, Sta Cruz Atoyac, 03310 Ciudad de México, CDMX #s/n, Colonia Santa Cruz Atoyac, C.P. 03310",Departamento,,Santa Cruz Atoyac,Desconocida,3310.0,2.0,1.0,45.0,2.0,7.0,[],45020.0,,,2025-11-30 07:46:18
https://propiedades.com/inmuebles/casa-en-condominio-en-venta-cto-fuentes-del-pedregal-1007-fuentes-del-pedregal-tlalpan-14140-ciudad-de-mexico-cdmx-1007-fuentes-del-pedregal-df-30489882#pagina=12&tipos=residencial-venta&area=df&pos=16,,18600000.0,"Venta casa en condominio en Cto. Fuentes del Pedregal 1007, Fuentes del Pedregal, Tlalpan, 14140 Ciudad de México, CDMX #1007, Colonia Fuentes del Pedregal, C.P. 14140",Casa,Condominio en Cto. Fuentes del Pedregal 1007,Fuentes del Pedregal,Tlalpan,14140.0,3.0,3.0,,,1.0,['Cisterna'],,19.306339,-99.225903,2025-11-30 07:46:34
https://propiedades.com/inmuebles/casa-en-venta-plan-de-san-luis-san-lorenzo-la-cebada-16035-ciudad-de-mexico-cdmx-sn-san-lorenzo-la-cebada-df-30518809#pagina=25&tipos=residencial-venta&area=df&pos=11,30561221.0,4800000.0,"Se vende casa en Plan de San Luis, San Lorenzo la Cebada, 16035 Ciudad de México, CDMX #s/n, Colonia San Lorenzo La Cebada, C.P. 16035",Casa,Plan de San Luis,San Lorenzo la Cebada,Desconocida,16035.0,4.0,4.0,,3.0,1.0,['Cisterna'],11360.0,,,2025-11-30 07:46:49
https://propiedades.com/inmuebles/casa-en-venta-retorno-1-c-robelo-19-jardin-balbuena-iztacalco-15900-ciudad-de-mexico-cdmx-19-jardin-balbuena-df-30367011#pagina=11&tipos=residencial-venta&area=df&pos=11,26788259.0,8500000.0,"Casa en venta, Retorno. 1 C. Robelo 19, Jardín Balbuena, Iztacalco, 15900 Ciudad de México, CDMX #19, Colonia Jardín Balbuena, C.P. 15900",Casa,Venta,Jardín Balbuena,Venustiano Carranza,15900.0,4.0,3.0,177.0,2.0,53.0,[],17990.0,19.415415,-99.107064,2025-11-30 07:47:04
https://propiedades.com/inmuebles/casa-en-venta-san-jeronimo-lidice-df-30295359#pagina=21&tipos=residencial-venta&area=df&pos=25,30041766.0,13750000.0,"Casa en venta, , Colonia San Jerónimo Lídice, C.P. 10200",Casa,,San Jerónimo Lídice,La Magdalena Contreras,10200.0,3.0,3.0,350.0,3.0,,[],31770.0,19.326719,-99.22256,2025-11-30 07:47:38
https://propiedades.com/inmuebles/casa-en-venta-atizapan-de-zaragoza-san-felipe-de-jesus-df-30495712#pagina=15&tipos=residencial-venta&area=df&pos=20,30555304.0,5248000.0,"Venta de casa Atizapán de Zaragoza, Colonia San Felipe de Jesús, C.P. 07510",Casa,,San Felipe de Jesús,Desconocida,7510.0,6.0,3.0,,,45.0,[],11870.0,,,2025-11-30 07:47:56
https://propiedades.com/inmuebles/departamento-en-venta-choapan-condesa-df-29843148#pagina=22&tipos=residencial-venta&area=df&pos=5,30521401.0,6200000.0,"Venta de departamento en Choapan, Colonia Condesa, C.P. 06140",Departamento,Choapan,Condesa,Cuauhtémoc,6140.0,2.0,2.0,87.0,1.0,,[],62600.0,19.414864,-99.176429,2025-11-30 07:48:12
https://propiedades.com/inmuebles/departamento-en-venta-c-cleveland-60-noche-buena-benito-juarez-03720-ciudad-de-mexico-cdmx-60-nochebuena-df-30226183#pagina=32&tipos=residencial-venta&area=df&pos=24,,7000000.0,"Venta de departamento C. Cleveland 60, Noche Buena, Benito Juárez, 03720 Ciudad de México, CDMX #60, Colonia Nochebuena, C.P. 03720",Departamento,,Nochebuena,Benito Juárez,3720.0,2.0,2.0,,,10.0,"['Cisterna', 'Telefonía']",40260.0,19.37188,-99.157701,2025-11-30 07:48:28
https://propiedades.com/inmuebles/departamento-en-venta-eje-central-lazaro-cardenas-centro-area-4-df-21930832#pagina=5&tipos=residencial-venta&area=df&pos=35,30261427.0,3519963.0,"Departamento en venta disponible en Eje central Lázaro Cárdenas, Colonia Centro (Área 4), C.P. 06040",Departamento,Disponible en Eje Central Lázaro Cárdenas,Centro (área 4),Cuauhtémoc,6040.0,2.0,2.0,0.0,1.0,,[],36970.0,19.43263,-99.133178,2025-11-30 07:48:44
https://propiedades.com/inmuebles/departamento-en-venta-calzada-de-guadalupe-industrial-df-30406520#pagina=18&tipos=residencial-venta&area=df&pos=6,30407279.0,4500000.0,"Venta departamento en Calzada de Guadalupe, Colonia Industrial, C.P. 07800",Departamento,Calzada de Guadalupe,Industrial,Gustavo A. Madero,7800.0,3.0,2.0,0.0,2.0,,[],28110.0,19.472718,-99.121808,2025-11-30 07:49:00
https://propiedades.com/inmuebles/departamento-en-venta-av-alfonso-reyes-hipodromo-condesa-df-30521401#pagina=16&tipos=residencial-venta&area=df&pos=29,29843148.0,6763000.0,"Se vende departamento en Av. Alfonso Reyes, Colonia Hipódromo Condesa, C.P. 06170",Departamento,"Col. Condesa, Ciudad de México",Hipódromo Condesa,Cuauhtémoc,6170.0,3.0,2.0,0.0,1.0,,[],62600.0,19.417017,-99.175796,2025-11-30 07:49:15
https://propiedades.com/inmuebles/casa-en-venta-lomas-de-chapultepec-i-seccion-df-30223323#pagina=23&tipos=residencial-venta&area=df&pos=35,30590821.0,36000000.0,"Venta de casa , Colonia Lomas de Chapultepec I Sección, C.P. 11000",Casa,calles de Palmas. Excelente oportunidad de inversión en una propiedad con una excelente ubicación,Lomas de Chapultepec I Sección,Miguel Hidalgo,11000.0,3.0,2.0,793.0,,57.0,[],66430.0,19.410697,-99.21981,2025-11-30 07:49:34
https://propiedades.com/inmuebles/departamento-en-venta-blvd-adolfo-lopez-mateos-1888-los-alpes-alvaro-obregon-01010-ciudad-de-mexico-cdmx-1888-los-alpes-df-30527958#pagina=29&tipos=residencial-venta&area=df&pos=46,30324302.0,4493520.0,"Departamento en venta disponible en Blvd. Adolfo López Mateos 1888, Los Alpes, Álvaro Obregón, 01010 Ciudad de México, CDMX #1888, Colonia Los Alpes, C.P. 01010",Departamento,Blvd. Adolfo López Mateos 1888,Los Alpes,Álvaro Obregón,1010.0,1.0,1.0,,1.0,,[],59230.0,19.359324,-99.193178,2025-11-30 07:49:51
https://propiedades.com/inmuebles/departamento-en-venta-anillo-periferico--bosque-de-la-magdalena-2775-san-jeronimo-lidice-df-26184921#pagina=11&tipos=residencial-venta&area=df&pos=44,29645584.0,11300000.0,"Departamento en venta, ANILLO PERIFERICO bosque de la Magdalena #2775, Colonia San Jerónimo Lídice, C.P. 10200",Departamento,,San Jerónimo Lídice,La Magdalena Contreras,10200.0,4.0,2.0,287.0,2.0,16.0,['Cisterna'],39780.0,19.326719,-99.22256,2025-11-30 07:50:10
https://propiedades.com/inmuebles/departamento-en-venta-portales-norte-df-30462833#pagina=15&tipos=residencial-venta&area=df&pos=13,25684762.0,5937000.0,"Departamento en venta disponible en , Colonia Portales Norte, C.P. 03303",Departamento,,Portales Norte,Benito Juárez,3303.0,2.0,2.0,157.0,2.0,,[],41970.0,19.368262,-99.149281,2025-11-30 07:50:55
https://propiedades.com/inmuebles/departamento-en-venta-avenida-mexico-55-hipodromo-df-28685253#pagina=28&tipos=residencial-venta&area=df&pos=26,30519216.0,13500000.0,"Se vende departamento en AVENIDA MEXICO #55, Colonia Hipódromo, C.P. 06100",Departamento,Avenida Mexico #55,Hipódromo,Cuauhtémoc,6100.0,2.0,2.0,150.0,1.0,,[],62600.0,19.412516,-99.170305,2025-11-30 07:51:12
https://propiedades.com/inmuebles/departamento-en-venta-lago-neuchatel-granada-11529-ciudad-de-mexico-cdmx-ampliacion-granada-df-30537460#pagina=2&tipos=residencial-venta&area=df&pos=2,30576622.0,17000000.0,"Departamento en venta disponible en Lago Neuchatel, Granada, 11529 Ciudad de México, CDMX, Colonia Ampliación Granada, C.P. 11529",Departamento,Disponible en Lago Neuchatel,Ampliación Granada,Desconocida,11529.0,3.0,3.0,165.0,3.0,1.0,"['Cisterna', 'Telefonía']",65250.0,,,2025-11-30 07:51:27
https://propiedades.com/inmuebles/departamento-en-venta-salamanca-11-roma-norte-df-29865175#pagina=13&tipos=residencial-venta&area=df&pos=3,30161210.0,4609681.0,"Se vende departamento Salamanca #11, Colonia Roma Norte, C.P. 06700",Departamento,,Roma Norte,Cuauhtémoc,6700.0,2.0,1.0,60.0,,1.0,[],54490.0,19.418323,-99.162565,2025-11-30 07:51:39
https://propiedades.com/inmuebles/casa-en-condominio-en-venta-nubes-norte-jardines-del-pedregal-df-29300200#pagina=9&tipos=residencial-venta&area=df&pos=40,30068053.0,21000000.0,"Casa en condominio en venta, Nubes Norte, Colonia Jardines del Pedregal, C.P. 01900",Casa,"San Jerónimo Lídice, Ciudad de México",Jardines del Pedregal,Tlalpan,1900.0,3.0,5.0,300.0,3.0,10.0,"['Cisterna', 'Telefonía']",,19.2953,-99.209786,2025-11-30 07:51:55
https://propiedades.com/inmuebles/casa-en-venta-corea-38-revolucion-venustiano-carranza-15400-ciudad-de-mexico-cdmx-38-romero-rubio-df-30498660#pagina=34&tipos=residencial-venta&area=df&pos=7,30554267.0,4759150.0,"Se vende casa Corea 38, Revolución, Venustiano Carranza, 15400 Ciudad de México, CDMX #38, Colonia Romero Rubio, C.P. 15400",Casa,,Romero Rubio,Venustiano Carranza,15400.0,3.0,2.0,194.0,3.0,,[],19700.0,19.440794,-99.094385,2025-11-30 07:52:19
https://propiedades.com/inmuebles/departamento-en-venta-cobre-popular-rastro-ciudad-de-mexico-cdmx-167-popular-rastro-df-30485712#pagina=29&tipos=residencial-venta&area=df&pos=31,29685866.0,1987000.0,"Venta departamento en Cobre, Popular Rastro, Ciudad de México, CDMX #167, Colonia Popular Rastro, C.P. 15220",Departamento,"Popular Rastro, Ciudad de México",Popular Rastro,Venustiano Carranza,15220.0,1.0,1.0,56.0,1.0,21.0,[],14940.0,19.437766,-99.120825,2025-11-30 07:52:37
https://propiedades.com/inmuebles/departamento-en-venta-departamento-con-amenidades-en-roma-norte-roma-norte-df-30115441#pagina=35&tipos=residencial-venta&area=df&pos=43,30115448.0,3680201.0,"Departamento en venta disponible en DEPARTAMENTO CON AMENIDADES EN ROMA NORTE , Colonia Roma Norte, C.P. 06700",Departamento,Disponible en Departamento CON Amenidades EN Roma Norte,Roma Norte,Cuauhtémoc,6700.0,1.0,1.0,34.0,1.0,1.0,['Cisterna'],54490.0,19.418323,-99.162565,2025-11-30 07:52:51
https://propiedades.com/inmuebles/departamento-en-venta-c-golfo-de-bengala-1-int-803-tacuba-miguel-hidalgo-ciudad-de-mexico-cp-11410-tacuba-df-30361922#tipos=residencial-venta&area=df&pos=38,30382251.0,2381000.0,"Se vende departamento C. Golfo de Bengala 1, Int 803, Tacuba, Miguel Hidalgo, Ciudad de México, C.P. 11410, Colonia Tacuba, C.P. 11410",Departamento,"Miguel Hidalgo, Ciudad de México",Tacuba,Miguel Hidalgo,11410.0,2.0,5.0,69.0,1.0,20.0,['Cisterna'],28000.0,19.458357,-99.184228,2025-11-30 07:53:06
https://propiedades.com/inmuebles/departamento-en-venta-lourdes-zacahuitzco-df-30335905#pagina=21&tipos=residencial-venta&area=df&pos=18,30334625.0,2990000.0,"Venta de departamento Lourdes, Colonia Zacahuitzco, C.P. 03550",Departamento,"Benito Juárez, Ciudad de México",Zacahuitzco,Desconocida,3550.0,2.0,1.0,0.0,1.0,8.0,[],44200.0,,,2025-11-30 07:53:20
https://propiedades.com/inmuebles/departamento-en-venta-ermita-iztapalapa-1514-san-miguel-iztapalapa-09360-ciudad-de-mexico-cdmx-1514-san-miguel-df-30498759#pagina=11&tipos=residencial-venta&area=df&pos=29,30427535.0,1900000.0,"Venta de departamento en Ermita Iztapalapa 1514, San Miguel, Iztapalapa, 09360 Ciudad de México, CDMX #1514, Colonia San Miguel, C.P. 09360",Departamento,Ermita Iztapalapa 1514,San Miguel,Miguel Hidalgo,9360.0,2.0,1.0,49.0,1.0,8.0,[],18920.0,19.411038,-99.185778,2025-11-30 07:53:50
https://propiedades.com/inmuebles/departamento-en-venta-paseo-de-la-reforma-juarez-df-28517314#pagina=24&tipos=residencial-venta&area=df&pos=45,27795606.0,8944849.0,"Se vende departamento en Paseo de la Reforma, Colonia Juárez, C.P. 06600",Departamento,Paseo de la Reforma,Juárez,Cuauhtémoc,6600.0,1.0,1.0,0.0,1.0,1.0,[],56650.0,19.430966,-99.158874,2025-11-30 07:54:04
https://propiedades.com/inmuebles/casa-en-condominio-en-venta-calle-prolongacion-zarco-129-129-abdias-garcia-soto-df-28784173#pagina=9&tipos=residencial-venta&area=df&pos=15,6268381.0,7650000.0,"Se vende casa en condominio en Calle Prolongacion Zarco 129 #129, Colonia Abdias Garcia Soto, C.P. 05530",Casa,Calle Prolongacion Zarco 129 #129,Abdias Garcia Soto,Desconocida,5530.0,3.0,2.0,,,17.0,['Cisterna'],,,,2025-11-30 07:54:19
https://propiedades.com/inmuebles/departamento-en-venta-cda-de-geologos-4-el-triunfo-iztapalapa-09430-ciudad-de-mexico-cdmx-4-el-triunfo-df-27530222#pagina=24&tipos=residencial-venta&area=df&pos=15,30153031.0,1886538.0,"Venta de departamento Cda. de Geólogos 4, El Triunfo, Iztapalapa, 09430 Ciudad de México, CDMX #4, Colonia El Triunfo, C.P. 09430",Departamento,,El Triunfo,Iztapalapa,9430.0,2.0,1.0,65.0,1.0,,['Cisterna'],16400.0,19.377784,-99.120542,2025-11-30 07:54:37
https://propiedades.com/inmuebles/departamento-en-venta-av-mexico-363-depto-204-edif-b-park-deluxe-cuajimalpa-de-morelos--ciudad-de-mexico-cdmx-cp-cuajimalpa-df-30327533#tipos=residencial-venta&area=df&pos=43,30287521.0,3101500.0,"Departamento en venta, Av. México 363, Depto. 204, Edif B, Park Deluxe, Cuajimalpa de Morelos, Ciudad de México, CDMX, C.p, Colonia Cuajimalpa, C.P. 05000",Departamento,"Cuajimalpa de Morelos, Ciudad de México",Cuajimalpa,Cuajimalpa,5000.0,2.0,2.0,35.0,2.0,8.0,['Cisterna'],35080.0,19.357981,-99.278199,2025-11-30 07:54:53
https://propiedades.com/inmuebles/casa-en-venta-eten-tepeyac-insurgentes-ciudad-de-mexico-cdmx-tepeyac-insurgentes-df-30460268#pagina=6&tipos=residencial-venta&area=df&pos=43,29499635.0,7700000.0,"Casa disponible en venta en Eten, Tepeyac Insurgentes, Ciudad de México, CDMX, Colonia Tepeyac Insurgentes, C.P. 07020",Casa,"Tepeyac Insurgentes, Ciudad de México",Tepeyac Insurgentes,Desconocida,7020.0,3.0,3.0,,,,['Cisterna'],19020.0,,,2025-11-30 07:55:07
https://propiedades.com/inmuebles/casa-en-venta-general-anaya-san-diego-churubusco-df-27944944#pagina=18&tipos=residencial-venta&area=df&pos=4,,,,Otro,"a class=""ui-link"" href=""/polanco/residencial-venta"">Polanco, Ciudad de México","O Delegación"">",Desconocida,,,,,,,[],,,,2025-11-30 07:55:21
https://propiedades.com/inmuebles/departamento-en-venta-degollado-7-guerrero-cuahtemoc-06300-ciudad-de-mexico-guerrero-df-29701122#pagina=2&tipos=residencial-venta&area=df&pos=29,29475604.0,1268000.0,"Departamento disponible en venta en Degollado 7, Guerrero, Cuahtemoc, 06300, Ciudad de México, Colonia Guerrero, C.P. 06300",Departamento,"06300, Ciudad de México",Guerrero,Desconocida,6300.0,2.0,1.0,47.0,,28.0,[],16480.0,,,2025-11-30 07:55:37
https://propiedades.com/inmuebles/departamento-en-venta-av-granjas-538-dpto-306d-santo-tomas-azcapotzalco-cdmx-cp-02020-santo-tomas-df-29546412#tipos=residencial-venta&area=df&pos=26,29685888.0,2157000.0,"Venta de departamento Av. Granjas 538, Dpto 306D, Santo Tomas, Azcapotzalco, CDMX, C.P. 02020, Colonia Santo Tomas, C.P. 02020",Departamento,,Santo Tomas,Azcapotzalco,2020.0,2.0,1.0,43.0,1.0,1.0,[],39800.0,19.484695,-99.192787,2025-11-30 07:55:51
https://propiedades.com/inmuebles/departamento-en-venta-san-rafael-df-28602247#pagina=35&tipos=residencial-venta&area=df&pos=9,30230176.0,4008219.0,"Venta departamento en San Rafael, Colonia San Rafael, C.P. 06470",Departamento,San Rafael,San Rafael,Cuauhtémoc,6470.0,2.0,2.0,132.0,1.0,,[],44580.0,19.441588,-99.166431,2025-11-30 07:56:04
https://propiedades.com/inmuebles/departamento-en-venta-departamento-de-2-recamaras-con-amenidades-en-loreto-la-otra-banda-df-30168800#pagina=33&tipos=residencial-venta&area=df&pos=32,28590316.0,6375400.0,"Se vende departamento DEPARTAMENTO DE 2 RECAMARAS CON AMENIDADES EN LORETO, Colonia La Otra Banda, C.P. 04519",Departamento,,La Otra Banda,Desconocida,4519.0,2.0,2.0,120.0,1.0,1.0,['Cisterna'],48980.0,,,2025-11-30 07:56:58
https://propiedades.com/inmuebles/departamento-en-venta-cuajimalpa-df-30555993#pagina=24&tipos=residencial-venta&area=df&pos=29,30073118.0,2040000.0,"Venta de departamento en , Colonia Cuajimalpa, C.P. 05000",Departamento,,Cuajimalpa,Cuajimalpa,5000.0,1.0,1.0,58.0,1.0,5.0,[],35080.0,19.357981,-99.278199,2025-11-30 07:57:16
https://propiedades.com/inmuebles/casa-en-venta-c-tierra-blanca-64-tierra-nueva-azcapotzalco-02130-ciudad-de-mexico-cdmx-64-tierra-nueva-df-30554828#pagina=7&tipos=residencial-venta&area=df&pos=24,29184234.0,8000000.0,"Venta de casa C. Tierra Blanca 64, Tierra Nueva, Azcapotzalco, 02130 Ciudad de México, CDMX #64, Colonia Tierra Nueva, C.P. 02130",Casa,,Tierra Nueva,Azcapotzalco,2130.0,3.0,2.0,,,16.0,[],13300.0,19.500043,-99.201825,2025-11-30 07:57:31
https://propiedades.com/inmuebles/departamento-en-venta-lazaro-cardenas-centro-area-7-df-30085973#pagina=20&tipos=residencial-venta&area=df&pos=36,21740469.0,2304788.0,"Venta de departamento Lazaro Cardenas, Colonia Centro (Área 7), C.P. 06070",Departamento,,Centro (área 7),Cuauhtémoc,6070.0,1.0,1.0,0.0,2.0,,[],36970.0,19.43263,-99.133178,2025-11-30 07:57:47
https://propiedades.com/inmuebles/departamento-en-venta-victor-hugo-portales-norte-df-28561330#pagina=22&tipos=residencial-venta&area=df&pos=16,28909306.0,4650000.0,"Venta departamento en Victor Hugo, Colonia Portales Norte, C.P. 03303",Departamento,Victor Hugo,Portales Norte,Benito Juárez,3303.0,2.0,2.0,4.0,1.0,,[],41970.0,19.370345,-99.148307,2025-11-30 07:58:04
https://propiedades.com/inmuebles/departamento-en-venta-escandon-ii-secc-11800-ciudad-de-mexico-cdmx-escandon-ii-seccion-df-30321362#pagina=6&tipos=residencial-venta&area=df&pos=5,29745394.0,6400000.0,"Departamento disponible en venta en Escandón II Secc, 11800 Ciudad de México, CDMX, Colonia Escandón II Sección, C.P. 11800",Departamento,Escandón Ii Secc,Escandón Ii Sección,Miguel Hidalgo,11800.0,2.0,2.0,37.0,2.0,1.0,['Cisterna'],42820.0,19.407116,-99.190617,2025-11-30 07:58:20
https://propiedades.com/inmuebles/departamento-en-venta-nte-58b-tablas-de-san-agustin-07860-ciudad-de-mexico-cdmx-5102-la-joyita-df-30327285#pagina=9&tipos=residencial-venta&area=df&pos=45,30560854.0,3200000.0,"Venta de departamento en Nte 58-B, Tablas de San Agustín, 07860 Ciudad de México, CDMX #5102, Colonia La Joyita, C.P. 07860",Departamento,Nte 58-b,La Joyita,Desconocida,7860.0,3.0,2.0,111.0,1.0,6.0,['Cisterna'],21890.0,,,2025-11-30 07:58:38
https://propiedades.com/inmuebles/departamento-en-venta-mil-cumbres-187-lomas-altas-miguel-hidalgo-11950-ciudad-de-mexico-cdmx-187-lomas-altas-df-30545479#pagina=2&tipos=residencial-venta&area=df&pos=5,28247681.0,4500000.0,"Se vende departamento en Mil Cumbres 187, Lomas Altas, Miguel Hidalgo, 11950 Ciudad de México, CDMX #187, Colonia Lomas Altas, C.P. 11950",Departamento,Mil Cumbres 187,Lomas Altas,Miguel Hidalgo,11950.0,4.0,3.0,0.0,2.0,1.0,['Cisterna'],67630.0,19.398042,-99.23194,2025-11-30 07:58:53
https://propiedades.com/inmuebles/casa-en-venta-sierra-paracaima-lomas-de-chapultepec-viii-seccion-df-30350377#pagina=19&tipos=residencial-venta&area=df&pos=43,30306731.0,70000000.0,"Venta de casa en Sierra Paracaima, Colonia Lomas de Chapultepec VIII Sección, C.P. 11000",Casa,"miguel hidalgo, ciudad de méxico",Lomas de Chapultepec VIII Sección,Miguel Hidalgo,11000.0,2.0,4.0,0.0,1.0,,[],66430.0,19.407116,-99.190617,2025-11-30 07:59:07
https://propiedades.com/inmuebles/departamento-en-venta-zacatecas-roma-nte-06700-ciudad-de-mexico-cdmx-roma-norte-df-30367813#pagina=12&tipos=residencial-venta&area=df&pos=40,30507396.0,6850000.0,"Departamento en venta, Zacatecas, Roma Nte., 06700 Ciudad de México, CDMX, Colonia Roma Norte, C.P. 06700",Departamento,Venta,Roma Norte,Cuauhtémoc,6700.0,3.0,1.0,22.0,2.0,6.0,"['Cisterna', 'Telefonía']",54490.0,19.418323,-99.162565,2025-11-30 07:59:22
https://propiedades.com/inmuebles/departamento-en-venta-san-juan-df-30248673#pagina=19&tipos=residencial-venta&area=df&pos=25,30267305.0,8500000.0,"Se vende departamento , Colonia San Juan, C.P. 03730",Departamento,,San Juan,Desconocida,3730.0,3.0,2.0,125.0,2.0,15.0,[],43100.0,,,2025-11-30 08:00:59
https://propiedades.com/inmuebles/departamento-en-venta-paseo-de-la-reforma-juarez-df-29745396#pagina=5&tipos=residencial-venta&area=df&pos=10,28336879.0,2631600.0,"Venta de departamento Paseo de la Reforma, Colonia Juárez, C.P. 06600",Departamento,"Cuauhtémoc, Ciudad de México",Juárez,Cuauhtémoc,6600.0,88.0,1.0,54.0,1.0,,[],56650.0,19.425689,-99.154587,2025-11-30 08:01:16
https://propiedades.com/inmuebles/departamento-en-venta-villa-coapa-df-30519645#pagina=20&tipos=residencial-venta&area=df&pos=8,30396439.0,3090000.0,"Venta de departamento , Colonia Villa Coapa, C.P. 14390",Departamento,"alcaldía Tlalpan, Ciudad de México",Villa Coapa,Desconocida,14390.0,2.0,1.0,80.0,1.0,46.0,[],22640.0,,,2025-11-30 08:01:37
https://propiedades.com/inmuebles/departamento-en-venta-torre-mitikah-601-xoco-df-28080407#pagina=6&tipos=residencial-venta&area=df&pos=25,30529947.0,20995000.0,"Departamento en venta disponible en TORRE MITIKAH #601Int. 38, Colonia Xoco, C.P. 03330",Departamento,Disponible en Torre Mitikah #601int. 38,Xoco,Desconocida,3330.0,3.0,2.0,218.0,2.0,1.0,"['Cisterna', 'Telefonía', 'Aire acondicionado']",51810.0,,,2025-11-30 08:01:51
https://propiedades.com/inmuebles/casa-en-venta-eduardo-grieg-54-ex-hipodromo-de-peralvillo-cuauhtemoc-06250-ciudad-de-mexico-cdmx-54-exhipodromo-de-peralvillo-df-30407236#pagina=35&tipos=residencial-venta&area=df&pos=12,30363287.0,5798500.0,"Casa en venta disponible en Eduardo Grieg 54, Ex Hipódromo de Peralvillo, Cuauhtémoc, 06250 Ciudad de México, CDMX #54, Colonia Ex-Hipódromo de Peralvillo, C.P. 06250",Casa,Disponible en Eduardo Grieg 54,Ex-hipódromo de Peralvillo,Cuauhtémoc,6250.0,3.0,1.0,,1.0,,[],15890.0,19.456775,-99.13501,2025-11-30 08:02:06
https://propiedades.com/inmuebles/departamento-en-venta-gabriel-mancera-1360-del-valle-sur-df-26044062#pagina=28&tipos=residencial-venta&area=df&pos=20,28060029.0,4949000.0,"Venta departamento en Gabriel Mancera #1360, Colonia Del Valle Sur, C.P. 03104",Departamento,Gabriel Mancera #1360,Del Valle Sur,Benito Juárez,3104.0,2.0,2.0,84.0,2.0,2.0,[],42630.0,19.371371,-99.168751,2025-11-30 08:02:21
https://propiedades.com/inmuebles/departamento-en-venta-calz-mexicotacuba-1501-argentina-poniente-miguel-hidalgo-11230-ciudad-de-mexico-cdmx-1501-argentina-poniente-df-30351905#pagina=26&tipos=residencial-venta&area=df&pos=15,30431582.0,3000000.0,"Venta departamento en Calz México-Tacuba 1501, Argentina Poniente, Miguel Hidalgo, 11230 Ciudad de México, CDMX #1501, Colonia Argentina Poniente, C.P. 11230",Departamento,Calz México-tacuba 1501,Argentina Poniente,Miguel Hidalgo,11230.0,2.0,1.0,60.0,1.0,,"['Cisterna', 'Telefonía']",29350.0,19.458169,-99.207306,2025-11-30 08:02:38
https://propiedades.com/inmuebles/casa-en-venta-altavista-paseo-de-las-lomas-paseo-de-las-lomas-df-29210652#pagina=19&tipos=residencial-venta&area=df&pos=26,27503869.0,24900000.0,"Venta de casa Altavista, Paseo de las Lomas, Colonia Paseo de las Lomas, C.P. 01330",Casa,,Paseo de las Lomas,Desconocida,1330.0,4.0,5.0,0.0,4.0,30.0,[],39580.0,,,2025-11-30 08:02:52
https://propiedades.com/inmuebles/casa-en-venta-rancho-cocuite-campestre-coyoacan-campestre-coyoacan-df-30371782#pagina=18&tipos=residencial-venta&area=df&pos=8,30018224.0,8500000.0,"Se vende casa Rancho Cocuite, Campestre Coyoacán, Colonia Campestre Coyoacán, C.P. 04938",Casa,,Campestre Coyoacán,Coyoacán,4938.0,3.0,3.0,3.0,,,[],22830.0,19.343802,-99.142155,2025-11-30 08:03:10
https://propiedades.com/inmuebles/departamento-en-venta-illinois-70-cd-de-los-deportes-benito-juarez-03710-de-los-deportes-cdmx-70-ciudad-de-los-deportes-df-30287474#pagina=10&tipos=residencial-venta&area=df&pos=1,29912880.0,8670000.0,"Departamento en venta, Illinois 70, Cd. de los Deportes, Benito Juárez, 03710 De los Deportes, CDMX #70, Colonia Ciudad de los Deportes, C.P. 03710",Departamento,,Ciudad de los Deportes,Benito Juárez,3710.0,3.0,3.0,,2.0,1.0,['Cisterna'],45250.0,19.382422,-99.17616,2025-11-30 08:03:24
https://propiedades.com/inmuebles/departamento-en-venta-c-pitagoras-narvarte-poniente-df-30283806#pagina=9&tipos=residencial-venta&area=df&pos=30,25937570.0,7390000.0,"Se vende departamento C Pitágoras , Colonia Narvarte Poniente, C.P. 03020",Departamento,,Narvarte Poniente,Benito Juárez,3020.0,2.0,3.0,124.0,2.0,7.0,"['Cisterna', 'Telefonía']",41310.0,19.392226,-99.157707,2025-11-30 08:04:10
https://propiedades.com/inmuebles/departamento-en-venta-av-republicas-114-portales-sur-benito-juarez-03300-ciudad-de-mexico-cdmx-sn-portales-sur-df-30575228#pagina=14&tipos=residencial-venta&area=df&pos=39,30361918.0,3750000.0,"Departamento en venta, Av. Repúblicas 114, Portales Sur, Benito Juárez, 03300 Ciudad de México, CDMX #s/nInt. 302, Colonia Portales Sur, C.P. 03300",Departamento,Venta,Portales Sur,Benito Juárez,3300.0,2.0,2.0,65.0,1.0,7.0,['Telefonía'],41970.0,19.361694,-99.148914,2025-11-30 08:04:24
https://propiedades.com/inmuebles/casa-en-venta-jardines-del-pedregal-df-27408293#pagina=20&tipos=residencial-venta&area=df&pos=25,27106823.0,22900000.0,"Casa en venta, , Colonia Jardines del Pedregal, C.P. 01900",Casa,Venta,Jardines del Pedregal,Tlalpan,1900.0,3.0,5.0,,,50.0,[],27820.0,19.2953,-99.209786,2025-11-30 08:04:39
https://propiedades.com/inmuebles/casa-en-venta-avenida-zacatepetl-jardines-del-pedregal-de-san-angel-df-30052996#pagina=34&tipos=residencial-venta&area=df&pos=13,27717089.0,30000000.0,"Casa disponible en venta en Avenida Zacatepetl, Colonia Jardines del Pedregal de San Ángel, C.P. 04500",Casa,Avenida Zacatepetl,Jardines del Pedregal de San Ángel,Tlalpan,4500.0,4.0,3.0,,5.0,4.0,"['Cisterna', 'Telefonía']",47160.0,19.28806,-99.166973,2025-11-30 08:04:55
https://propiedades.com/inmuebles/departamento-en-venta-prol-martin-mendalde-acacias-df-29904589#pagina=20&tipos=residencial-venta&area=df&pos=40,30020890.0,6900000.0,"Departamento en venta, Prol Martín Mendalde, Colonia Acacias, C.P. 03240",Departamento,Venta,Acacias,Desconocida,3240.0,3.0,3.0,0.0,2.0,,[],51020.0,,,2025-11-30 08:05:13
https://propiedades.com/inmuebles/departamento-en-venta-departamento-con-3-recamaras-y-amenidades-en-roma-norte-roma-norte-df-30198104#pagina=7&tipos=residencial-venta&area=df&pos=1,30536012.0,11700000.0,"Venta de departamento en DEPARTAMENTO CON 3 RECAMARAS Y AMENIDADES EN ROMA NORTE, Colonia Roma Norte, C.P. 06700",Departamento,,Roma Norte,Cuauhtémoc,6700.0,3.0,3.0,130.0,2.0,1.0,['Cisterna'],54490.0,19.418323,-99.162565,2025-11-30 08:05:27
https://propiedades.com/inmuebles/departamento-en-venta-cda-ixnahualtongo-116-lorenzo-boturini-cuauhtemoc-15820-ciudad-de-mexico-cdmx-116-lorenzo-boturini-df-30534067#pagina=31&tipos=residencial-venta&area=df&pos=8,29521970.0,1232800.0,"Venta de departamento Cda. Ixnahualtongo 116, Lorenzo Boturini, Cuauhtémoc, 15820 Ciudad de México, CDMX #116, Colonia Lorenzo Boturini, C.P. 15820",Departamento,,Lorenzo Boturini,Cuauhtémoc,15820.0,2.0,1.0,56.0,1.0,,[],25330.0,19.417917,-99.133048,2025-11-30 08:05:44
https://propiedades.com/inmuebles/departamento-en-venta-av-ingenieros-militares-152-san-lorenzo-tlaltenango-miguel-hidalgo-11210-ciudad-de-mexico-cdmx-152-san-lorenzo-tlaltenango-df-30553761#pagina=33&tipos=residencial-venta&area=df&pos=15,30555952.0,3468000.0,"Departamento en venta disponible en Av. Ingenieros Militares 152, San Lorenzo Tlaltenango, Miguel Hidalgo, 11210 Ciudad de México, CDMX #152, Colonia San Lorenzo Tlaltenango, C.P. 11210",Departamento,Avenida Ingenieros Militares 152,San Lorenzo Tlaltenango,Miguel Hidalgo,11210.0,2.0,2.0,75.0,2.0,9.0,[],40360.0,19.468242,-99.207476,2025-11-30 08:05:58
https://propiedades.com/inmuebles/departamento-en-venta-calz-de-tlalpan-1510-portales-oriente-benito-juarez-03570-ciudad-de-mexico-cdmx-portales-oriente-df-30517283#pagina=10&tipos=residencial-venta&area=df&pos=38,30361918.0,3902000.0,"Venta de departamento en Calz. de Tlalpan 1510, Portales Oriente, Benito Juárez, 03570 Ciudad de México, CDMX, Colonia Portales Oriente, C.P. 03570",Departamento,Calzada de Tlalpan 1510,Portales Oriente,Benito Juárez,3570.0,2.0,1.0,75.0,1.0,8.0,['Cisterna'],41970.0,19.367133,-99.142193,2025-11-30 08:06:14
https://propiedades.com/inmuebles/departamento-en-venta-calz-de-los-tenorios-150-edifk-depto404-coapa-14390-tlalpan-cdmx-villa-coapa-df-30396439#tipos=residencial-venta&area=df&pos=31,30505380.0,3090000.0,"Se vende departamento Calz. de los Tenorios #150 Edif-K Depto-404, Coapa, 14390, Tlalpan, CDMX, Colonia Villa Coapa, C.P. 14390",Departamento,,Villa Coapa,Tlalpan,14390.0,2.0,1.0,80.0,1.0,46.0,[],22640.0,19.302186,-99.133328,2025-11-30 08:06:29
https://propiedades.com/inmuebles/casa-en-venta-p-de-los-fresnos-paseos-de-taxquena-04250-ciudad-de-mexico-cdmx-paseos-de-taxquena-df-30215215#pagina=33&tipos=residencial-venta&area=df&pos=10,23879378.0,13200000.0,"Venta casa en P.º de Los Fresnos, Paseos de Taxqueña, 04250 Ciudad de México, CDMX, Colonia Paseos de Taxqueña, C.P. 04250",Casa,P.º de Los Fresnos,Paseos de Taxqueña,Coyoacán,4250.0,5.0,3.0,160.0,2.0,1.0,"['Cisterna', 'Telefonía']",18280.0,19.345041,-99.123674,2025-11-30 08:06:58
https://propiedades.com/inmuebles/departamento-en-venta-c-elisa-nativitas-ciudad-de-mexico-cdmx-nativitas-df-30367304#pagina=9&tipos=residencial-venta&area=df&pos=43,29547962.0,4616050.0,"Departamento disponible en venta en C. Elisa, Nativitas, Ciudad de México, CDMX, Colonia Nativitas, C.P. 03500",Departamento,"Nativitas, Ciudad de México",Nativitas,Desconocida,3500.0,2.0,2.0,100.0,1.0,1.0,['Cisterna'],41860.0,,,2025-11-30 08:07:12
https://propiedades.com/inmuebles/casa-en-venta-town-house-con-roof-privado-del-valle-centro-df-30052839#pagina=30&tipos=residencial-venta&area=df&pos=14,30576473.0,12280000.0,"Casa en venta disponible en TOWN HOUSE CON ROOF PRIVADO, Colonia Del Valle Centro, C.P. 03100",Casa,"Col del Valle Centro, Ciudad de México",Del Valle Centro,Benito Juárez,3100.0,3.0,3.0,186.0,3.0,1.0,['Cisterna'],39090.0,19.386924,-99.163602,2025-11-30 08:07:25
https://propiedades.com/inmuebles/departamento-en-venta-av-rio-san-joaquin-498-amp-granada-miguel-hidalgo-11529-ciudad-de-mexico-cdmx-498-ampliacion-granada-df-30378556#pagina=7&tipos=residencial-venta&area=df&pos=39,30378536.0,9800000.0,"Venta de departamento en Av. Río San Joaquín 498, Amp Granada, Miguel Hidalgo, 11529 Ciudad de México, CDMX #498, Colonia Ampliación Granada, C.P. 11529",Departamento,Avenida Río San Joaquín 498,Ampliación Granada,Miguel Hidalgo,11529.0,2.0,2.0,,2.0,1.0,[],65250.0,19.444264,-99.199186,2025-11-30 08:07:41
https://propiedades.com/inmuebles/casa-en-venta-casma-635-lindavista-norte-df-30154033#pagina=12&tipos=residencial-venta&area=df&pos=29,30267469.0,8500000.0,"Venta de casa Casma #635, Colonia Lindavista Norte, C.P. 07300",Casa,"Guadalupe Insurgentes, Ciudad de México",Lindavista Norte,Gustavo A. Madero,7300.0,5.0,3.0,,3.0,15.0,['Cisterna'],22480.0,19.505739,-99.148014,2025-11-30 08:07:55
https://propiedades.com/inmuebles/casa-en-venta-cto-fuentes-del-pedregal-fuentes-del-pedregal-14140-ciudad-de-mexico-cdmx-fuentes-del-pedregal-df-30533963#pagina=11&tipos=residencial-venta&area=df&pos=16,30555978.0,13500000.0,"Casa en venta, Cto. Fuentes del Pedregal, Fuentes del Pedregal, 14140 Ciudad de México, CDMX, Colonia Fuentes del Pedregal, C.P. 14140",Casa,Venta,Fuentes del Pedregal,Desconocida,14140.0,4.0,3.0,357.0,5.0,30.0,[],27820.0,,,2025-11-30 08:08:23
https://propiedades.com/inmuebles/departamento-en-venta-departamento-con-balcones-en-roma-norte-350-roma-norte-df-30389889#pagina=35&tipos=residencial-venta&area=df&pos=24,29727779.0,6342800.0,"Venta de departamento en DEPARTAMENTO CON BALCONES EN ROMA NORTE #350Int. 1001, Colonia Roma Norte, C.P. 06700",Departamento,Departamento CON Balcones EN Roma Norte #350int. 1001,Roma Norte,Cuauhtémoc,6700.0,3.0,1.0,60.0,,1.0,['Cisterna'],54490.0,19.418323,-99.162565,2025-11-30 08:08:41
https://propiedades.com/inmuebles/departamento-en-venta-nuevo-leon-hipodromo-df-27563233#pagina=24&tipos=residencial-venta&area=df&pos=12,29799294.0,9272000.0,"Departamento en venta, Nuevo León, Colonia Hipódromo, C.P. 06100",Departamento,Venta,Hipódromo,Cuauhtémoc,6100.0,2.0,2.0,0.0,2.0,,[],62600.0,19.409371,-99.171213,2025-11-30 08:08:58
https://propiedades.com/inmuebles/casa-en-condominio-en-venta-calzada-general-anaya-san-diego-churubusco-df-29834834#pagina=28&tipos=residencial-venta&area=df&pos=3,30018547.0,13750000.0,"Venta de casa en condominio en CALZADA General Anaya, Colonia San Diego Churubusco, C.P. 04120",Casa,,San Diego Churubusco,Desconocida,4120.0,3.0,4.0,,2.0,12.0,"['Cisterna', 'Telefonía']",,,,2025-11-30 08:09:14
https://propiedades.com/inmuebles/departamento-en-venta-calz-gral-mariano-escobedo-sin-numero-anahuac-i-secc-miguel-hidalgo-11320-ciudad-de-mexico-cdm-sn-anahuac-ii-seccion-df-30432635#pagina=31&tipos=residencial-venta&area=df&pos=37,30560984.0,6300000.0,"Se vende departamento en Calz. Gral. Mariano Escobedo sin número, Anáhuac I Secc, Miguel Hidalgo, 11320 Ciudad de México, CDM #s/n, Colonia Anahuac II Sección, C.P. 11320",Departamento,Calzada Gral. Mariano Escobedo Sin Número,Anahuac Ii Sección,Miguel Hidalgo,11320.0,2.0,2.0,65.0,2.0,1.0,[],39760.0,19.407116,-99.190617,2025-11-30 08:09:30
https://propiedades.com/inmuebles/departamento-en-venta-parque-san-andres-parque-san-andres-df-29744938#pagina=23&tipos=residencial-venta&area=df&pos=10,29057759.0,3599999.0,"Departamento disponible en venta en Parque San Andrés, Colonia Parque San Andrés, C.P. 04040",Departamento,,Parque San Andrés,Azcapotzalco,4040.0,3.0,2.0,76.0,1.0,,[],37250.0,19.490523,-99.180752,2025-11-30 08:10:16
https://propiedades.com/inmuebles/departamento-en-venta-kansas-napoles-df-30033357#pagina=20&tipos=residencial-venta&area=df&pos=44,28972526.0,5050000.0,"Se vende departamento en KANSAS, Colonia Napoles, C.P. 03810",Departamento,Kansas,Napoles,Desconocida,3810.0,2.0,2.0,30.0,1.0,3.0,[],51830.0,,,2025-11-30 08:10:33
https://propiedades.com/inmuebles/casa-en-venta-naranjo-florida-df-26643278#pagina=24&tipos=residencial-venta&area=df&pos=4,27383780.0,18450000.0,"Casa en venta, Naranjo, Colonia Florida, C.P. 01030",Casa,Venta,Florida,Desconocida,1030.0,3.0,3.0,300.0,3.0,,[],48860.0,,,2025-11-30 08:10:49
https://propiedades.com/inmuebles/departamento-en-venta-ocetotl-exejido-de-san-pablo-tepetlapa-df-30463098#pagina=17&tipos=residencial-venta&area=df&pos=1,30305441.0,4631000.0,"Se vende departamento en Ocetotl, Colonia Ex-Ejido de San Pablo Tepetlapa, C.P. 04840",Departamento,Ocetotl,Ex-ejido de San Pablo Tepetlapa,Desconocida,4840.0,2.0,2.0,66.0,1.0,,[],40550.0,,,2025-11-30 08:11:04
https://propiedades.com/inmuebles/departamento-en-venta-calz-de-tlalpan-nativitas-ciudad-de-mexico-cdmx-nativitas-df-30363306#pagina=28&tipos=residencial-venta&area=df&pos=38,30346819.0,3414768.0,"Se vende departamento en Calz. de Tlalpan, Nativitas, Ciudad de México, CDMX, Colonia Nativitas, C.P. 03500",Departamento,"Nativitas, Ciudad de México",Nativitas,Tlalpan,3500.0,2.0,1.0,70.0,1.0,1.0,[],41860.0,19.379394,-99.1402,2025-11-30 08:11:19
https://propiedades.com/inmuebles/departamento-en-venta-eje-central-lazaro-cardenas-189-guerrero-cuauhtemoc-06300-ciudad-de-mexico-cdmx-189-guerrero-df-30528006#pagina=13&tipos=residencial-venta&area=df&pos=18,30296886.0,56.0,"Venta de departamento Eje Central Lázaro Cárdenas 189, Guerrero, Cuauhtémoc, 06300 Ciudad de México, CDMX #189Int. 4000, Colonia Guerrero, C.P. 06300",Departamento,,Guerrero,Cuauhtémoc,6300.0,2.0,1.0,47.0,1.0,7.0,"['Cisterna', 'Telefonía']",16480.0,19.44491,-99.145173,2025-11-30 08:11:33
https://propiedades.com/inmuebles/casa-en-venta-jimenez-y-muro-periodista-df-30064633#pagina=22&tipos=residencial-venta&area=df&pos=7,29738047.0,14900000.0,"Venta de casa Jimenez y Muro, Colonia Periodista, C.P. 11220",Casa,Av. Ingenieros Militares,Periodista,Desconocida,11220.0,4.0,4.0,0.0,5.0,43.0,[],39600.0,,,2025-11-30 08:11:44
https://propiedades.com/inmuebles/casa-en-venta-la-martinica-df-30556003#pagina=17&tipos=residencial-venta&area=df&pos=41,30443191.0,3200000.0,"Venta de casa , Colonia La Martinica, C.P. 01619",Casa,Calle 4,La Martinica,Desconocida,1619.0,3.0,2.0,122.0,,30.0,[],22520.0,,,2025-11-30 08:12:02
https://propiedades.com/inmuebles/casa-en-venta-la-malinche-colinas-del-bosque-df-29945724#pagina=34&tipos=residencial-venta&area=df&pos=1,,33000000.0,"Se vende casa en La Malinche, Colonia Colinas del Bosque, C.P. 14608",Casa,La Malinche,Colinas del Bosque,Desconocida,14608.0,4.0,4.0,,,11.0,"['Cisterna', 'Telefonía']",35730.0,,,2025-11-30 08:12:18
https://propiedades.com/inmuebles/departamento-en-venta-eje-central-lazaro-cardenas-879-narvarte-oriente-benito-juarez-03023-ciudad-de-mexico-cdmx-879-narvarte-oriente-df-30361274#pagina=35&tipos=residencial-venta&area=df&pos=19,30327419.0,4300000.0,"Departamento disponible en venta en Eje Central Lázaro Cárdenas 879, Narvarte Oriente, Benito Juárez, 03023 Ciudad de México, CDMX #879, Colonia Narvarte Oriente, C.P. 03023",Departamento,Eje Central Lázaro Cárdenas 879,Narvarte Oriente,Benito Juárez,3023.0,2.0,2.0,78.0,2.0,7.0,[],41310.0,19.392385,-99.146418,2025-11-30 08:12:39
https://propiedades.com/inmuebles/departamento-en-venta-lago-iseo-49-anahuac-i-seccion-df-27598813#pagina=34&tipos=residencial-venta&area=df&pos=12,30581573.0,1990000.0,"Venta departamento en Lago Iseo #49, Colonia Anahuac I Sección, C.P. 11320",Departamento,Lago Iseo #49,Anahuac I Sección,Miguel Hidalgo,11320.0,3.0,1.0,62.0,,49.0,[],39760.0,19.407116,-99.190617,2025-11-30 08:13:05
https://propiedades.com/inmuebles/departamento-en-venta-av-rio-san-joaquin-498-amp-granada-miguel-hidalgo-11529-ciudad-de-mexico-cdmx-498-ampliacion-granada-df-30378661#pagina=8&tipos=residencial-venta&area=df&pos=45,30537460.0,16500001.0,"Departamento en venta disponible en Av. Río San Joaquín 498, Amp Granada, Miguel Hidalgo, 11529 Ciudad de México, CDMX #498, Colonia Ampliación Granada, C.P. 11529",Departamento,Avenida Río San Joaquín 498,Ampliación Granada,Miguel Hidalgo,11529.0,3.0,2.0,184.0,3.0,1.0,[],65250.0,19.444264,-99.199186,2025-11-30 08:13:20
https://propiedades.com/inmuebles/departamento-en-venta-ocetotl-exejido-de-san-pablo-tepetlapa-df-30463097#pagina=17&tipos=residencial-venta&area=df&pos=3,27996603.0,4631000.0,"Venta de departamento en Ocetotl, Colonia Ex-Ejido de San Pablo Tepetlapa, C.P. 04840",Departamento,"una de las zonas más solicitadas y exclusivas de Coyoacán, Ciudad de México",Ex-ejido de San Pablo Tepetlapa,Desconocida,4840.0,2.0,2.0,140.0,2.0,,[],40550.0,,,2025-11-30 08:13:35
https://propiedades.com/inmuebles/departamento-en-venta-cda-monte-kamerum-42-lomas-de-chapultepec-i-seccion-df-29994899#pagina=3&tipos=residencial-venta&area=df&pos=39,27975159.0,10500000.0,"Departamento en venta disponible en cda monte kamerum 42, Colonia Lomas de Chapultepec I Sección, C.P. 11000",Departamento,calle cerrada con pluma y doble sistema de seguridad 24 hrs.,Lomas de Chapultepec I Sección,Miguel Hidalgo,11000.0,3.0,2.0,200.0,2.0,5.0,[],58630.0,19.410697,-99.21981,2025-11-30 08:13:53
https://propiedades.com/inmuebles/departamento-en-venta-recreo-77-actipan-df-28502064#pagina=21&tipos=residencial-venta&area=df&pos=1,30589427.0,3845000.0,"Venta de departamento en Recreo #77, Colonia Actipan, C.P. 03230",Departamento,Recreo #77,Actipan,Benito Juárez,3230.0,2.0,1.0,85.0,1.0,30.0,['Cisterna'],40900.0,19.372203,-99.177341,2025-11-30 08:14:12
https://propiedades.com/inmuebles/casa-en-venta-canal-tlicuilli-barrio-18-16034-ciudad-de-mexico-cdmx-sn-18-df-30516954#pagina=23&tipos=residencial-venta&area=df&pos=45,29834898.0,4300000.0,"Venta casa en Canal Tlicuilli, Barrio 18, 16034 Ciudad de México, CDMX #s/n, Colonia 18, C.P. 16034",Casa,Canal Tlicuilli,18,Desconocida,16034.0,4.0,3.0,,2.0,,['Cisterna'],28210.0,,,2025-11-30 08:14:26
https://propiedades.com/inmuebles/casa-en-venta-av-del-castillo-cuautepec-de-madero-ciudad-de-mexico-cdmx-ampliacion-cocoyotes-df-30249876#pagina=26&tipos=residencial-venta&area=df&pos=35,30012072.0,3100000.0,"Se vende casa en Av del Castillo, Cuautepec de Madero, Ciudad de México, CDMX, Colonia Ampliación Cocoyotes, C.P. 07180",Casa,"Cuautepec de Madero, Ciudad de México",Ampliación Cocoyotes,Desconocida,7180.0,3.0,2.0,240.0,1.0,51.0,['Telefonía'],27470.0,,,2025-11-30 08:14:37
https://propiedades.com/inmuebles/casa-en-venta-rio-churubusco-sn-paseos-de-churubusco-df-30490228#pagina=32&tipos=residencial-venta&area=df&pos=16,30531414.0,7100000.0,"Casa disponible en venta en RIO CHURUBUSCO #s/n, Colonia Paseos de Churubusco, C.P. 09030",Casa,"Real del Moral, Ciudad de México",Paseos de Churubusco,Desconocida,9030.0,4.0,1.0,340.0,2.0,,[],38010.0,,,2025-11-30 08:14:51
https://propiedades.com/inmuebles/departamento-en-venta-calz-de-la-virgen-3000-coapa-stunam-coyoacan-04480-ciudad-de-mexico-cdmx-3000-culhuacan-ctm-croc-df-30407165#pagina=35&tipos=residencial-venta&area=df&pos=13,30400492.0,2696200.0,"Departamento disponible en venta en Calz de la Virgen 3000, Coapa, Stunam, Coyoacán, 04480 Ciudad de México, CDMX #3000, Colonia Culhuacán CTM CROC, C.P. 04480",Departamento,Calz de la Virgen 3000,Culhuacán Ctm Croc,Coyoacán,4480.0,3.0,1.0,0.0,1.0,,[],17970.0,19.330595,-99.127173,2025-11-30 08:15:05
https://propiedades.com/inmuebles/casa-en-venta-avenida-instituto-politecnico-nacional-2027-2027-lindavista-norte-df-30012513#pagina=34&tipos=residencial-venta&area=df&pos=43,30562990.0,15500000.0,"Se vende casa en Avenida Instituto Politécnico Nacional 2027 #2027, Colonia Lindavista Norte, C.P. 07300",Casa,Avenida Instituto Politécnico Nacional 2027 #2027,Lindavista Norte,Gustavo A. Madero,7300.0,3.0,4.0,14.0,,40.0,['Cisterna'],22480.0,19.505739,-99.148014,2025-11-30 08:15:18
https://propiedades.com/inmuebles/departamento-en-venta-bernardo-quintana-santa-fe-la-loma-df-30418477#pagina=17&tipos=residencial-venta&area=df&pos=42,19707333.0,12250000.0,"Departamento disponible en venta en Bernardo Quintana, Colonia Santa Fe La Loma, C.P. 01376",Departamento,Bernardo Quintana,Santa Fe la Loma,Álvaro Obregón,1376.0,2.0,2.0,203.0,2.0,,[],52900.0,19.374447,-99.244606,2025-11-30 08:17:12
https://propiedades.com/inmuebles/departamento-en-venta-santa-maria-la-ribera-df-30462836#pagina=15&tipos=residencial-venta&area=df&pos=41,30344623.0,2775000.0,"Venta de departamento en , Colonia Santa Maria La Ribera, C.P. 06400",Departamento,,Santa Maria la Ribera,Desconocida,6400.0,1.0,1.0,40.0,,,[],36890.0,,,2025-11-30 08:17:28
https://propiedades.com/inmuebles/casa-en-condominio-en-venta-emilio-carranza-116-116-la-magdalena-df-29933077#pagina=10&tipos=residencial-venta&area=df&pos=36,30459874.0,4900000.0,"Venta de casa en condominio Emilio Carranza 116 #116, Colonia La Magdalena, C.P. 10910",Casa,Condominio Emilio Carranza 116 #116,La Magdalena,Desconocida,10910.0,2.0,2.0,,,37.0,[],,,,2025-11-30 08:17:44
https://propiedades.com/inmuebles/casa-en-condominio-en-venta-agua-jardines-del-pedregal-df-29840524#pagina=29&tipos=residencial-venta&area=df&pos=7,28408597.0,24500000.0,"Casa en condominio disponible en venta en Agua, Colonia Jardines del Pedregal, C.P. 01900",Casa,Condominio Disponible en Venta en Agua,Jardines del Pedregal,Tlalpan,1900.0,3.0,3.0,,,8.0,"['Cisterna', 'Telefonía']",,19.2953,-99.209786,2025-11-30 08:17:59
https://propiedades.com/inmuebles/casa-en-venta-cruz-verde-san-nicolas-totolapan-df-29942336#pagina=20&tipos=residencial-venta&area=df&pos=28,30295359.0,13950000.0,"Casa disponible en venta en Cruz Verde, Colonia San Nicolás Totolapan, C.P. 10900",Casa,Cruz Verde,San Nicolás Totolapan,La Magdalena Contreras,10900.0,3.0,3.0,,3.0,6.0,[],20420.0,19.297943,-99.244117,2025-11-30 08:18:16
https://propiedades.com/inmuebles/departamento-en-venta-calle-campanilla-jardines-de-coyoacan-df-29946758#pagina=32&tipos=residencial-venta&area=df&pos=41,30569263.0,3250000.0,"Departamento disponible en venta en Calle Campanilla, Colonia Jardines de Coyoacán, C.P. 04890",Departamento,Calle Campanilla,Jardines de Coyoacán,Coyoacán,4890.0,2.0,2.0,63.0,1.0,,['Cisterna'],38480.0,19.313185,-99.128328,2025-11-30 08:18:33
https://propiedades.com/inmuebles/departamento-en-venta-av-de-las-torres-33-valle-escondido-tlalpan-14600-ciudad-de-mexico-cdmx-33-valle-escondido-df-30477396#pagina=27&tipos=residencial-venta&area=df&pos=13,30490237.0,2490000.0,"Se vende departamento Av. de las Torres 33, Valle Escondido, Tlalpan, 14600 Ciudad de México, CDMX #33, Colonia Valle Escondido, C.P. 14600",Departamento,,Valle Escondido,Tlalpan,14600.0,2.0,1.0,75.0,1.0,,['Cisterna'],34990.0,19.276571,-99.146586,2025-11-30 08:18:49
https://propiedades.com/inmuebles/casa-en-venta-del-valle-norte-df-28712189#pagina=20&tipos=residencial-venta&area=df&pos=20,28920963.0,10750000.0,"Casa disponible en venta en , Colonia Del Valle Norte, C.P. 03103",Casa,"Benito Juárez, Ciudad de México",Del Valle Norte,Benito Juárez,3103.0,2.0,2.0,0.0,2.0,,[],39090.0,19.373635,-99.157408,2025-11-30 08:19:08
https://propiedades.com/inmuebles/casa-en-venta-av-tlahuac-1577-uh-mirasoles-iztapalapa-09790-ciudad-de-mexico-cdmx-1577-san-lorenzo-tezonco-df-30363200#pagina=31&tipos=residencial-venta&area=df&pos=20,30528249.0,1700000.0,"Se vende casa Av. Tlahuac 1577, UH mirasoles, Iztapalapa, 09790 Ciudad de México, CDMX #1577, Colonia San Lorenzo Tezonco, C.P. 09790",Casa,,San Lorenzo Tezonco,Iztapalapa,9790.0,2.0,1.0,65.0,1.0,15.0,"['Cisterna', 'Telefonía']",6770.0,19.310251,-99.068402,2025-11-30 08:19:23
https://propiedades.com/inmuebles/departamento-en-venta-av-baja-california-roma-sur-df-30463095#pagina=17&tipos=residencial-venta&area=df&pos=19,29865175.0,469900.0,"Venta de departamento en Av baja California, Colonia Roma Sur, C.P. 06760",Departamento,Av Baja California,Roma Sur,Cuauhtémoc,6760.0,2.0,1.0,0.0,,,[],54490.0,19.406462,-99.157851,2025-11-30 08:19:36
https://propiedades.com/inmuebles/departamento-en-venta-toriello-guerra-df-28995223#pagina=25&tipos=residencial-venta&area=df&pos=23,220.0,5700000.0,"Departamento en venta, , Colonia Toriello Guerra, C.P. 14050",Departamento,Venta,Toriello Guerra,Desconocida,14050.0,3.0,3.0,0.0,,13.0,[],30680.0,,,2025-11-30 08:20:13
https://propiedades.com/inmuebles/departamento-en-venta-av-nuevo-leon-hipodromo-ciudad-de-mexico-cdmx-hipodromo-df-30528169#pagina=26&tipos=residencial-venta&area=df&pos=20,29459592.0,9800000.0,"Venta de departamento Av Nuevo León, Hipódromo, Ciudad de México, CDMX, Colonia Hipódromo, C.P. 06100",Departamento,"Hipódromo, Ciudad de México",Hipódromo,Cuauhtémoc,6100.0,4.0,2.0,186.0,1.0,,[],62600.0,19.413881,-99.167828,2025-11-30 08:20:30
https://propiedades.com/inmuebles/casa-en-venta-calle-13-san-pedro-de-los-pinos-df-29488386#pagina=10&tipos=residencial-venta&area=df&pos=35,30600673.0,8700000.0,"Casa en venta, Calle 13, Colonia San Pedro de los Pinos, C.P. 03800",Casa,Venta,San Pedro de los Pinos,Desconocida,3800.0,4.0,2.0,,1.0,50.0,[],35520.0,,,2025-11-30 08:20:45
https://propiedades.com/inmuebles/departamento-en-venta-leopoldo-romano-la-manzanita-05280-ciudad-de-mexico-cdmx-adolfo-lopez-mateos-df-30283795#pagina=12&tipos=residencial-venta&area=df&pos=2,28333715.0,4187000.0,"Departamento en venta, Leopoldo Romano, La Manzanita, 05280 Ciudad de México, CDMX, Colonia Adolfo López Mateos, C.P. 05280",Departamento,Venta,Adolfo López Mateos,Desconocida,5280.0,2.0,2.0,20.0,1.0,,[],35600.0,,,2025-11-30 08:20:59
https://propiedades.com/inmuebles/casa-en-venta-arcos-poniente-346-346-jardines-del-sur-df-27614550#pagina=11&tipos=residencial-venta&area=df&pos=7,30039875.0,7500000.0,"Venta casa en Arcos Poniente 346 #346, Colonia Jardines del Sur, C.P. 16050",Casa,Arcos Poniente 346 #346,Jardines del Sur,Desconocida,16050.0,5.0,3.0,,3.0,40.0,[],18400.0,,,2025-11-30 08:21:13
https://propiedades.com/inmuebles/departamento-en-venta-pedregal-de-santo-domingo-ciudad-de-mexico-cdmx-sn-ajusco-df-30411540#pagina=11&tipos=residencial-venta&area=df&pos=28,30350260.0,2088000.0,"Departamento disponible en venta en Pedregal de Santo Domingo, Ciudad de México, CDMX #s/n, Colonia Ajusco, C.P. 04300",Departamento,,Ajusco,Desconocida,4300.0,2.0,1.0,47.0,1.0,1.0,['Cisterna'],34050.0,,,2025-11-30 08:21:27
https://propiedades.com/inmuebles/casa-en-condominio-en-venta-avenida-acueducto-5098-ampliacion-tepepan-df-30128092#pagina=14&tipos=residencial-venta&area=df&pos=4,,3200000.0,"Se vende casa en condominio en Avenida Acueducto #5098, Colonia Ampliación Tepepan, C.P. 16029",Casa,Avenida Acueducto #5098,Ampliación Tepepan,Desconocida,16029.0,3.0,2.0,,,35.0,['Cisterna'],,,,2025-11-30 08:21:41
https://propiedades.com/inmuebles/casa-en-venta-bosques-de-reforma-bosque-de-las-lomas-df-24921948#pagina=19&tipos=residencial-venta&area=df&pos=45,28481317.0,2500000.0,"Venta casa en Bosques de Reforma, Colonia Bosque de las Lomas, C.P. 11700",Casa,,Bosque de las Lomas,Cuajimalpa,11700.0,3.0,4.0,445.0,,,[],42970.0,19.400533,-99.240839,2025-11-30 08:21:59
https://propiedades.com/inmuebles/departamento-en-venta-avenida-ingeniero-jesus-galindo-y-villa-285-depto-203-torre-d-jardin-balbuena-venustiano-carranza-jardin-balbuena-df-30287792#pagina=2&tipos=residencial-venta&area=df&pos=30,30477151.0,2320000.0,"Se vende departamento Avenida Ingeniero Jesus Galindo Y Villa 285, Depto 203 Torre D, Jardin Balbuena, Venustiano Carranza, Colonia Jardín Balbuena, C.P. 15900",Departamento,,Jardín Balbuena,Venustiano Carranza,15900.0,3.0,1.0,64.0,1.0,50.0,['Cisterna'],19560.0,19.415415,-99.107064,2025-11-30 08:22:14
https://propiedades.com/inmuebles/departamento-en-venta-xochicalco-narvarte-oriente-df-27408849#pagina=22&tipos=residencial-venta&area=df&pos=18,28454419.0,7450000.0,"Se vende departamento xochicalco, Colonia Narvarte Oriente, C.P. 03023",Departamento,,Narvarte Oriente,Benito Juárez,3023.0,3.0,2.0,81.0,2.0,,[],41310.0,19.393267,-99.150258,2025-11-30 08:22:29
https://propiedades.com/inmuebles/departamento-en-venta-flores-magon-guerrero-df-29782625#pagina=4&tipos=residencial-venta&area=df&pos=30,30304202.0,3145485.0,"Se vende departamento en Flores Magón, Colonia Guerrero, C.P. 06300",Departamento,Flores Magón,Guerrero,Desconocida,6300.0,2.0,1.0,87.0,1.0,,[],16480.0,,,2025-11-30 08:23:24
https://propiedades.com/inmuebles/departamento-en-venta-juarez-df-30555953#pagina=18&tipos=residencial-venta&area=df&pos=1,30089472.0,2917000.0,"Venta departamento en , Colonia Juárez, C.P. 06600",Departamento,,Juárez,Cuauhtémoc,6600.0,2.0,1.0,35.0,,6.0,[],56650.0,19.43327,-99.147684,2025-11-30 08:23:39
https://propiedades.com/inmuebles/departamento-en-venta-blas-pascal-polanco-i-seccion-df-29010644#pagina=24&tipos=residencial-venta&area=df&pos=44,29039378.0,10250000.0,"Departamento en venta disponible en Blas Pascal, Colonia Polanco I Sección, C.P. 11510",Departamento,Disponible en Blas Pascal,Polanco I Sección,Miguel Hidalgo,11510.0,2.0,2.0,,1.0,49.0,[],84460.0,19.429379,-99.196393,2025-11-30 08:23:53
https://propiedades.com/inmuebles/departamento-en-venta-bruno-traven-120-gral-anaya-benito-juarez-03340-ciudad-de-mexico-cdmx-120-general-pedro-maria-anaya-df-30255394#pagina=25&tipos=residencial-venta&area=df&pos=3,30546793.0,6100000.0,"Departamento en venta, Bruno Traven 120, Gral Anaya, Benito Juárez, 03340 Ciudad de México, CDMX #120, Colonia General Pedro Maria Anaya, C.P. 03340",Departamento,Venta,General Pedro Maria Anaya,Benito Juárez,3340.0,2.0,2.0,148.0,1.0,,[],44010.0,19.360684,-99.158905,2025-11-30 08:24:09
https://propiedades.com/inmuebles/departamento-en-venta-calz-san-simon-82-san-simon-benito-juarez-03660-ciudad-de-mexico-cdmx-82-san-simon-ticumac-df-30435227#pagina=32&tipos=residencial-venta&area=df&pos=14,30467018.0,1250000.0,"Se vende departamento en Calz. San Simon 82, San Simón, Benito Juárez, 03660 Ciudad de México, CDMX #82, Colonia San Simón Ticumac, C.P. 03660",Departamento,Calzada San Simon 82,San Simón Ticumac,Benito Juárez,3660.0,2.0,1.0,70.0,1.0,,[],35130.0,19.367133,-99.142193,2025-11-30 08:24:23
https://propiedades.com/inmuebles/departamento-en-venta-briza-precio-a-negociar-la-draga-df-30418491#pagina=17&tipos=residencial-venta&area=df&pos=40,30448047.0,898970.0,"Venta de departamento en Briza. PRECIO A NEGOCIAR, Colonia La Draga, C.P. 13273",Departamento,Briza. Precio A Negociar,La Draga,Desconocida,13273.0,2.0,1.0,0.0,1.0,26.0,[],13650.0,,,2025-11-30 08:24:51
https://propiedades.com/inmuebles/departamento-en-venta-ermita-iztapalapa-1514-san-miguel-iztapalapa-09830-ciudad-de-mexico-cdmx-1514-san-miguel-df-30305485#pagina=29&tipos=residencial-venta&area=df&pos=45,29068990.0,1450000.0,"Se vende departamento en Ermita Iztapalapa 1514, San Miguel, Iztapalapa, 09830 Ciudad de México, CDMX #1514, Colonia San Miguel, C.P. 09360",Departamento,Ermita Iztapalapa 1514,San Miguel,Miguel Hidalgo,9830.0,2.0,1.0,,1.0,8.0,['Cisterna'],18920.0,19.411038,-99.185778,2025-11-30 08:25:09
https://propiedades.com/inmuebles/departamento-en-venta-doctores-60-doctores-df-29997702#pagina=34&tipos=residencial-venta&area=df&pos=42,29068862.0,2400000.0,"Departamento disponible en venta en DOCTORES #60, Colonia Doctores, C.P. 06720",Departamento,Doctores #60,Doctores,Cuauhtémoc,6720.0,2.0,1.0,67.0,1.0,17.0,"['Cisterna', 'Telefonía']",20910.0,19.421442,-99.14322,2025-11-30 08:25:24
https://propiedades.com/inmuebles/departamento-en-venta-rio-guadalquivir-31-cuauhtemoc-06500-ciudad-de-mexico-cdmx-31-cuauhtemoc-df-30432405#pagina=30&tipos=residencial-venta&area=df&pos=10,28295538.0,6443351.0,"Venta de departamento en Río Guadalquivir 31, Cuauhtémoc, 06500 Ciudad de México, CDMX #31, Colonia Cuauhtémoc, C.P. 06500",Departamento,Río Guadalquivir 31,Cuauhtémoc,Cuauhtémoc,6500.0,2.0,2.0,35.0,1.0,1.0,[],60120.0,19.429174,-99.170416,2025-11-30 08:25:41
https://propiedades.com/inmuebles/casa-en-condominio-en-venta-nubes-norte-sn-jardines-del-pedregal-df-30068360#pagina=9&tipos=residencial-venta&area=df&pos=24,30068053.0,21000000.0,"Se vende casa en condominio en Nubes Norte #s/n, Colonia Jardines del Pedregal, C.P. 01900",Casa,"San Jerónimo Lídice, Ciudad de México",Jardines del Pedregal,Tlalpan,1900.0,3.0,2.0,300.0,3.0,10.0,['Telefonía'],,19.2953,-99.209786,2025-11-30 08:25:55
https://propiedades.com/inmuebles/departamento-en-venta-cto-interior-melchor-ocampo-anzures-df-28896859#pagina=4&tipos=residencial-venta&area=df&pos=8,28295538.0,6329190.0,"Venta de departamento Cto. Interior Melchor Ocampo, Colonia Anzures, C.P. 11590",Departamento,,Anzures,Miguel Hidalgo,11590.0,2.0,2.0,75.0,,,[],48270.0,19.432097,-99.177165,2025-11-30 08:26:30
https://propiedades.com/inmuebles/departamento-en-venta-c-lago-musters-67depto-105a-argentina-antigua-miguel-hidalgo-11270-ciudad-de-mexico-cdmx-67-argentina-antigua-df-30498613#pagina=34&tipos=residencial-venta&area=df&pos=40,30417213.0,1016260.0,"Venta departamento en C. Lago Musters 67-depto 105_a, Argentina Antigua, Miguel Hidalgo, 11270 Ciudad de México, CDMX #67Int. 105A, Colonia Argentina Antigua, C.P. 11270",Departamento,C. Lago Musters 67-depto 105_a,Argentina Antigua,Miguel Hidalgo,11270.0,2.0,1.0,56.0,1.0,,[],17360.0,19.456026,-99.202488,2025-11-30 08:26:45
https://propiedades.com/inmuebles/casa-en-venta-rincon-molino-bosque-del-sur-16010-ciudad-de-mexico-cdmx-bosque-residencial-del-sur-df-30537474#pagina=7&tipos=residencial-venta&area=df&pos=28,29019159.0,8200000.0,"Se vende casa Rincón Molino, Bosque del Sur, 16010 Ciudad de México, CDMX, Colonia Bosque Residencial del Sur, C.P. 16010",Casa,,Bosque Residencial del Sur,Desconocida,16010.0,3.0,3.0,,4.0,34.0,"['Cisterna', 'Telefonía']",26140.0,,,2025-11-30 08:26:59
https://propiedades.com/inmuebles/departamento-en-venta-lomas-de-san-angel-inn-df-30555982#pagina=4&tipos=residencial-venta&area=df&pos=3,30435837.0,4700000.0,"Departamento en venta, , Colonia Lomas de San Ángel Inn, C.P. 01790",Departamento,Venta,Lomas de San Ángel Inn,Álvaro Obregón,1790.0,2.0,2.0,0.0,,50.0,[],48740.0,19.345143,-99.199835,2025-11-30 08:27:13
https://propiedades.com/inmuebles/casa-en-venta-iztaccihuatl-florida-01030-ciudad-de-mexico-cdmx-florida-df-30508870#pagina=25&tipos=residencial-venta&area=df&pos=5,28590211.0,33200000.0,"Casa disponible en venta en Iztaccihuatl, Florida, 01030 Ciudad de México, CDMX, Colonia Florida, C.P. 01030",Casa,Iztaccihuatl,Florida,Desconocida,1030.0,5.0,6.0,680.0,5.0,7.0,"['Cisterna', 'Telefonía']",48860.0,,,2025-11-30 08:27:28
https://propiedades.com/inmuebles/casa-en-venta-de-caoba-sn-tlacoyaque-df-29537911#pagina=9&tipos=residencial-venta&area=df&pos=31,,2500000.0,"Casa disponible en venta en De Caoba #s/n, Colonia Tlacoyaque, C.P. 01859",Casa,De Caoba #s/n,Tlacoyaque,Desconocida,1859.0,3.0,3.0,,,15.0,"['Cisterna', 'Telefonía']",14190.0,,,2025-11-30 08:27:43
https://propiedades.com/inmuebles/departamento-en-venta-av-cuauhtemoc-narvarte-poniente-ciudad-de-mexico-cdmx-narvarte-poniente-df-30534180#pagina=33&tipos=residencial-venta&area=df&pos=36,30327419.0,4520510.0,"Se vende departamento en Av. Cuauhtémoc, Narvarte Poniente, Ciudad de México, CDMX, Colonia Narvarte Poniente, C.P. 03020",Departamento,"Narvarte Poniente, Ciudad de México",Narvarte Poniente,Benito Juárez,3020.0,2.0,2.0,80.0,1.0,2.0,['Cisterna'],41310.0,19.389297,-99.16122,2025-11-30 08:28:00
https://propiedades.com/inmuebles/casa-en-condominio-en-venta-av-luis-cabrera-san-jeronimo-lidice-ciudad-de-mexico-cdmx-san-jeronimo-lidice-df-30411022#pagina=27&tipos=residencial-venta&area=df&pos=39,30296463.0,10980000.0,"Casa en condominio en venta disponible en Av. Luis Cabrera, San Jerónimo Lídice, Ciudad de México, CDMX, Colonia San Jerónimo Lídice, C.P. 10200",Casa,"San Jerónimo Lídice, Ciudad de México",San Jerónimo Lídice,La Magdalena Contreras,10200.0,3.0,3.0,250.0,2.0,,['Cisterna'],,19.326798,-99.222269,2025-11-30 08:28:13
https://propiedades.com/inmuebles/departamento-en-venta-calle-rio-grijalva-cuauhtemoc-06500-ciudad-de-mexico-cdmx-cuauhtemoc-df-30553868#pagina=27&tipos=residencial-venta&area=df&pos=25,28295538.0,5.0,"Departamento disponible en venta en Calle Río Grijalva, Cuauhtémoc, 06500 Ciudad de México, CDMX, Colonia Cuauhtémoc, C.P. 06500",Departamento,Calle Río Grijalva,Cuauhtémoc,Cuauhtémoc,6500.0,2.0,2.0,70.0,1.0,1.0,[],60120.0,19.43349,-99.170055,2025-11-30 08:28:26
https://propiedades.com/inmuebles/departamento-en-venta-blvd-adolfo-lopez-mateos-129-nonoalco-benito-juarez-03700-ciudad-de-mexico-cdmx-santa-maria-nonoalco-df-30327541#tipos=residencial-venta&area=df&pos=47,30367018.0,3703000.0,"Venta de departamento Blvd. Adolfo López Mateos 129, Nonoalco, Benito Juárez, 03700 Ciudad de México, CDMX, Colonia Santa Maria Nonoalco, C.P. 03700",Departamento,,Santa Maria Nonoalco,Benito Juárez,3700.0,2.0,1.0,74.0,1.0,15.0,[],43230.0,19.37188,-99.157701,2025-11-30 08:28:39
https://propiedades.com/inmuebles/casa-en-venta-norte-89-b-sindicato-mexicano-de-electricistas-df-29739955#pagina=5&tipos=residencial-venta&area=df&pos=13,29350278.0,6500000.0,"Casa disponible en venta en Norte 89 B, Colonia Sindicato Mexicano de Electricistas, C.P. 02060",Casa,,Sindicato Mexicano de Electricistas,Desconocida,2060.0,3.0,2.0,0.0,,,[],15090.0,,,2025-11-30 08:29:34
https://propiedades.com/inmuebles/departamento-en-venta-lago-meru-granada-df-28253717#pagina=5&tipos=residencial-venta&area=df&pos=29,28915409.0,5500000.0,"Se vende departamento Lago Meru, Colonia Granada, C.P. 11520",Departamento,,Granada,Desconocida,11520.0,2.0,2.0,100.0,2.0,,[],65250.0,,,2025-11-30 08:29:50
https://propiedades.com/inmuebles/departamento-en-venta-camino-real-de-minas-lomas-de-los-angeles-del-pueblo-tetelpan-df-30358993#pagina=18&tipos=residencial-venta&area=df&pos=23,30555980.0,5700000.0,"Departamento en venta disponible en CAMINO REAL DE MINAS, Colonia Lomas de los Angeles del Pueblo Tetelpan, C.P. 01790",Departamento,Disponible en Camino Real DE Minas,Lomas de los Angeles del Pueblo Tetelpan,Desconocida,1790.0,3.0,2.0,0.0,2.0,,[],46680.0,,,2025-11-30 08:30:05
https://propiedades.com/inmuebles/casa-en-venta-bandera-179-la-laguna-ticoman-gustavo-a-madero-07340-ciudad-de-mexico-cdmx-179-la-laguna-ticoman-df-30554133#pagina=11&tipos=residencial-venta&area=df&pos=18,28713934.0,7250000.0,"Casa en venta disponible en Bandera 179, La Laguna Ticoman, Gustavo A. Madero, 07340 Ciudad de México, CDMX #179, Colonia La Laguna Ticomán, C.P. 07340",Casa,Disponible en Bandera 179,La Laguna Ticomán,Gustavo A. Madero,7340.0,6.0,3.0,,,25.0,[],15150.0,19.482795,-99.113361,2025-11-30 08:30:21
https://propiedades.com/inmuebles/departamento-en-venta-tizoc-centro-de-azcapotzalco-df-28252032#pagina=26&tipos=residencial-venta&area=df&pos=33,30569711.0,2461000.0,"Departamento en venta, TIZOC, Colonia Centro de Azcapotzalco, C.P. 02000",Departamento,Venta,Centro de Azcapotzalco,Cuauhtémoc,2000.0,2.0,1.0,0.0,0.0,2.0,[],30330.0,19.43263,-99.133178,2025-11-30 08:30:33
https://propiedades.com/inmuebles/departamento-en-venta-narvarte-poniente-df-30546793#pagina=24&tipos=residencial-venta&area=df&pos=5,30531674.0,5800000.0,"Departamento en venta disponible en , Colonia Narvarte Poniente, C.P. 03020",Departamento,Disponible en,Narvarte Poniente,Benito Juárez,3020.0,2.0,2.0,25.0,1.0,13.0,[],41310.0,19.392226,-99.157707,2025-11-30 08:30:47
https://propiedades.com/inmuebles/departamento-en-venta-bahia-de-la-ascencion-veronica-anzures-df-30089469#pagina=25&tipos=residencial-venta&area=df&pos=6,29100366.0,2152472.0,"Se vende departamento en Bahia de la Ascención, Colonia Veronica Anzures, C.P. 11300",Departamento,,Veronica Anzures,Miguel Hidalgo,11300.0,2.0,1.0,33.0,0.0,,[],48270.0,19.436264,-99.174402,2025-11-30 08:31:03
https://propiedades.com/inmuebles/departamento-en-venta-c-gabino-barreda-89-san-rafael-cuauhtemoc-06470-ciudad-de-mexico-cdmx-89-san-rafael-df-30312658#pagina=34&tipos=residencial-venta&area=df&pos=31,30494850.0,6150000.0,"Venta de departamento en C. Gabino Barreda 89, San Rafael, Cuauhtémoc, 06470 Ciudad de México, CDMX #89, Colonia San Rafael, C.P. 06470",Departamento,C. Gabino Barreda 89,San Rafael,Cuauhtémoc,6470.0,2.0,2.0,88.0,,1.0,[],44580.0,19.438513,-99.163704,2025-11-30 08:31:22
https://propiedades.com/inmuebles/casa-en-venta-hacienda-san-diego-los-padres-coapa-villa-quietud-coyoacan-04960-ciudad-de-mexico-cdmx-sn-villa-quietud-df-30545310#pagina=6&tipos=residencial-venta&area=df&pos=40,30218403.0,7000000.0,"Venta casa en Hacienda San Diego Los Padres Coapa, Villa Quietud, Coyoacán, 04960 Ciudad de México, CDMX #s/n, Colonia Villa Quietud, C.P. 04960",Casa,Hacienda San Diego Los Padres Coapa,Villa Quietud,Coyoacán,4960.0,3.0,3.0,,3.0,,[],33820.0,19.303597,-99.105762,2025-11-30 08:31:36
https://propiedades.com/inmuebles/departamento-en-venta-departamento-con-2-recamaras-y-amenidades-en-roma-norte-roma-norte-df-28832109#pagina=11&tipos=residencial-venta&area=df&pos=1,29922415.0,5608750.0,"Venta de departamento en DEPARTAMENTO CON 2 RECAMARAS Y AMENIDADES EN ROMA NORTE, Colonia Roma Norte, C.P. 06700",Departamento,Departamento CON 2 Recamaras Y Amenidades EN Roma Norte,Roma Norte,Cuauhtémoc,6700.0,2.0,2.0,70.0,,1.0,['Cisterna'],54490.0,19.418323,-99.162565,2025-11-30 08:31:50
https://propiedades.com/inmuebles/departamento-en-venta-agricola-oriental-df-30569705#pagina=16&tipos=residencial-venta&area=df&pos=28,30389357.0,2125000.0,"Departamento en venta, , Colonia Agrícola Oriental, C.P. 08500",Departamento,Venta,Agrícola Oriental,Iztacalco,8500.0,2.0,1.0,45.0,1.0,10.0,[],24150.0,19.404564,-99.069504,2025-11-30 08:33:20
https://propiedades.com/inmuebles/departamento-en-venta-valle-gomez-sn-valle-gomez-df-30444495#pagina=31&tipos=residencial-venta&area=df&pos=16,30448592.0,1510000.0,"Venta de departamento Valle Gómez #s/n, Colonia Valle Gómez, C.P. 06240",Departamento,,Valle Gómez,Desconocida,6240.0,2.0,2.0,47.0,1.0,6.0,"['Cisterna', 'Telefonía', 'Aire acondicionado']",25030.0,,,2025-11-30 08:33:36
https://propiedades.com/inmuebles/departamento-en-venta-c-texas-25-napoles-benito-juarez-03810-ciudad-de-mexico-cdmx-25-napoles-df-30545211#pagina=14&tipos=residencial-venta&area=df&pos=33,29743002.0,16700000.0,"Departamento disponible en venta en C. Texas 25, Nápoles, Benito Juárez, 03810 Ciudad de México, CDMX #25, Colonia Napoles, C.P. 03810",Departamento,C. Texas 25,Napoles,Benito Juárez,3810.0,2.0,4.0,360.0,2.0,5.0,['Cisterna'],51830.0,19.392396,-99.178382,2025-11-30 08:33:52
https://propiedades.com/inmuebles/departamento-en-venta-avenida-universidad-sn-narvarte-oriente-df-29538301#pagina=30&tipos=residencial-venta&area=df&pos=13,30389922.0,4238456.0,"Venta de departamento Avenida Universidad #s/nInt. C004, Colonia Narvarte Oriente, C.P. 03023",Departamento,"Col del Valle Centro, Ciudad de México",Narvarte Oriente,Benito Juárez,3023.0,3.0,2.0,33.0,2.0,,['Cisterna'],41310.0,19.389297,-99.16122,2025-11-30 08:34:07
https://propiedades.com/inmuebles/departamento-en-venta-av-rio-san-joaquin-498-amp-granada-miguel-hidalgo-11529-ciudad-de-mexico-cdmx-498-ampliacion-granada-df-30431253#pagina=26&tipos=residencial-venta&area=df&pos=28,30456241.0,9700000.0,"Venta de departamento Av. Río San Joaquín 498, Amp Granada, Miguel Hidalgo, 11529 Ciudad de México, CDMX #498, Colonia Ampliación Granada, C.P. 11529",Departamento,,Ampliación Granada,Miguel Hidalgo,11529.0,2.0,2.0,149.0,2.0,1.0,[],65250.0,19.442902,-99.201421,2025-11-30 08:34:22
https://propiedades.com/inmuebles/departamento-en-venta-anillo-periferico-boulevard-adolfo-lopez-mateos-5146-pedregal-de-carrasco-df-29992186#pagina=8&tipos=residencial-venta&area=df&pos=24,30552061.0,5750000.0,"Venta departamento en Anillo Periférico Boulevard Adolfo López Mateos 5146, Colonia Pedregal de Carrasco, C.P. 04700",Departamento,Anillo Periférico Boulevard Adolfo López Mateos 5146,Pedregal de Carrasco,Desconocida,4700.0,2.0,2.0,87.0,2.0,5.0,['Cisterna'],29390.0,,,2025-11-30 08:34:37
https://propiedades.com/inmuebles/departamento-en-venta-narvarte-poniente-df-28482145#pagina=23&tipos=residencial-venta&area=df&pos=7,30327419.0,4200000.0,"Departamento en venta, , Colonia Narvarte Poniente, C.P. 03020",Departamento,Venta,Narvarte Poniente,Benito Juárez,3020.0,2.0,1.0,73.0,1.0,,[],41310.0,19.398537,-99.152126,2025-11-30 08:34:54
https://propiedades.com/inmuebles/casa-en-venta-amores-del-valle-sur-df-30295439#pagina=17&tipos=residencial-venta&area=df&pos=20,30566860.0,14400000.0,"Venta casa en Amores, Colonia Del Valle Sur, C.P. 03104",Casa,,Del Valle Sur,Benito Juárez,3104.0,3.0,5.0,280.0,4.0,15.0,[],39090.0,19.389128,-99.175683,2025-11-30 08:35:09
https://propiedades.com/inmuebles/departamento-en-venta-calz-san-juan-de-aragon-322-constitucion-de-la-republica-gustavo-a-madero-07469-ciudad-de-mexic-322-constitucion-de-la-republica-df-30541466#pagina=32&tipos=residencial-venta&area=df&pos=5,30361521.0,1995000.0,"Venta de departamento Calz. San Juan de Aragón 322, Constitución de la República, Gustavo A. Madero, 07469 Ciudad de Méxic #322, Colonia Constitución de La República, C.P. 07469",Departamento,,Constitución de la República,Gustavo A. Madero,7469.0,2.0,1.0,57.0,1.0,7.0,[],29400.0,19.482318,-99.075903,2025-11-30 08:35:28
https://propiedades.com/inmuebles/casa-en-condominio-en-venta-primero-de-abril-cuajimalpa-santa-rosa-xochiac-df-25981373#pagina=18&tipos=residencial-venta&area=df&pos=36,28261596.0,8850000.0,"Venta de casa en condominio en Primero de Abril, Cuajimalpa, Colonia Santa Rosa Xochiac, C.P. 05610",Casa,Condominio en Primero de Abril,Santa Rosa Xochiac,Cuajimalpa,5610.0,5.0,,,,22.0,[],,19.323134,-99.291668,2025-11-30 08:35:45
https://propiedades.com/inmuebles/departamento-en-venta-san-clemente-norte-df-30555963#pagina=23&tipos=residencial-venta&area=df&pos=20,30334893.0,3842000.0,"Venta de departamento en , Colonia San Clemente Norte, C.P. 01740",Departamento,"Álvaro Obregón, Ciudad de México",San Clemente Norte,Desconocida,1740.0,2.0,2.0,110.0,2.0,10.0,[],29400.0,,,2025-11-30 08:36:32
https://propiedades.com/inmuebles/departamento-en-venta-av-centenario-478-merced-gomez-alvaro-obregon-01600-ciudad-de-mexico-cdmx-478-sociedad-cooperativa-union-poder-popular-df-30508589#pagina=28&tipos=residencial-venta&area=df&pos=8,30352537.0,1321994.0,"Venta de departamento en Av Centenario 478, Merced Gómez, Álvaro Obregón, 01600 Ciudad de México, CDMX #478, Colonia Sociedad Cooperativa Unión Poder Popular, C.P. 01600",Departamento,Av Centenario 478,Sociedad Cooperativa Unión Poder Popular,Álvaro Obregón,1600.0,1.0,1.0,51.0,1.0,,[],23430.0,19.390652,-99.195242,2025-11-30 08:36:48
https://propiedades.com/inmuebles/departamento-en-venta-dr-atl-289-sta-maria-la-ribera-cuauhtemoc-06400-ciudad-de-mexico-cdmx-289-santa-maria-la-ribera-df-30321156#pagina=11&tipos=residencial-venta&area=df&pos=2,30396428.0,3530000.0,"Departamento disponible en venta en Dr. Atl 289, Sta María la Ribera, Cuauhtémoc, 06400 Ciudad de México, CDMX #289, Colonia Santa Maria La Ribera, C.P. 06400",Departamento,Dr. Atl 289,Santa Maria la Ribera,Cuauhtémoc,6400.0,2.0,2.0,65.0,1.0,11.0,['Cisterna'],36890.0,19.447634,-99.156499,2025-11-30 08:37:01
https://propiedades.com/inmuebles/departamento-en-venta-adolfo-prieto-del-valle-sur-df-29216399#pagina=13&tipos=residencial-venta&area=df&pos=39,29375900.0,6950000.0,"Departamento disponible en venta en Adolfo Prieto , Colonia Del Valle Sur, C.P. 03104",Departamento,,Del Valle Sur,Benito Juárez,3104.0,4.0,2.0,166.0,2.0,14.0,"['Cisterna', 'Telefonía']",42630.0,19.389128,-99.175683,2025-11-30 08:37:14
https://propiedades.com/inmuebles/departamento-en-venta-penthouse-con-roof-privado-en-la-colonia-cuauhtemoc-cuauhtemoc-df-30554268#pagina=24&tipos=residencial-venta&area=df&pos=36,29391089.0,8890960.0,"Se vende departamento PENTHOUSE CON ROOF PRIVADO EN LA COLONIA CUAUHTEMOC, Colonia Cuauhtémoc, C.P. 06500",Departamento,La Colonia Cuauhtemoc,Cuauhtémoc,Cuauhtémoc,6500.0,2.0,2.0,40.0,2.0,2.0,['Cisterna'],60120.0,19.436978,-99.153329,2025-11-30 08:37:31
https://propiedades.com/inmuebles/casa-en-venta-avellanos-bosques-de-las-lomas-df-30349668#pagina=18&tipos=residencial-venta&area=df&pos=38,30286331.0,18100000.0,"Se vende casa en Avellanos, Colonia Bosques de las Lomas, C.P. 05120",Casa,Avellanos,Bosques de las Lomas,Cuajimalpa,5120.0,3.0,3.0,0.0,4.0,,[],42970.0,19.388115,-99.251801,2025-11-30 08:37:46
https://propiedades.com/inmuebles/departamento-en-venta-avenida-cuauhtemoc-876-876-narvarte-poniente-df-30105444#pagina=27&tipos=residencial-venta&area=df&pos=12,29887284.0,5500000.0,"Se vende departamento Avenida Cuauhtémoc 876 #876, Colonia Narvarte Poniente, C.P. 03020",Departamento,,Narvarte Poniente,Benito Juárez,3020.0,3.0,2.0,,1.0,3.0,['Cisterna'],41310.0,19.392226,-99.157707,2025-11-30 08:38:04
https://propiedades.com/inmuebles/departamento-en-venta-av-revolucion-san-jose-insurgentes-df-30466560#pagina=16&tipos=residencial-venta&area=df&pos=40,30435554.0,4680000.0,"Venta departamento en AV REVOLUCION, Colonia San José Insurgentes, C.P. 03900",Departamento,Av Revolucion,San José Insurgentes,Desconocida,3900.0,2.0,2.0,0.0,1.0,11.0,[],47820.0,,,2025-11-30 08:38:19
https://propiedades.com/inmuebles/departamento-en-venta-narvarte-oriente-03023-ciudad-de-mexico-cdmx-mexico-unidad-narvarte-imss-df-30378672#pagina=11&tipos=residencial-venta&area=df&pos=13,30537953.0,5503000.0,"Venta de departamento Narvarte Oriente, 03023 Ciudad de México, CDMX, México, Colonia Unidad Narvarte IMSS, C.P. 03023",Departamento,,Unidad Narvarte Imss,Benito Juárez,3023.0,2.0,2.0,84.0,2.0,1.0,['Cisterna'],41310.0,19.397246,-99.14871,2025-11-30 08:38:33
https://propiedades.com/inmuebles/departamento-en-venta-dr-jose-terres-52-depto-401-doctores-cuauhtemoc-ciudad-de-mexico-cdmx-cp-06720-doctores-df-30202076#tipos=residencial-venta&area=df&pos=41,30289255.0,3077500.0,"Se vende departamento Dr. José Terres 52, Depto 401, Doctores, Cuauhtémoc, Ciudad de México, CDMX, C.p 06720., Colonia Doctores, C.P. 06720",Departamento,"Cuauhtémoc, Ciudad de México",Doctores,Cuauhtémoc,6720.0,2.0,1.0,70.0,1.0,9.0,['Cisterna'],20910.0,19.424928,-99.153709,2025-11-30 08:38:48
https://propiedades.com/inmuebles/departamento-en-venta-av-instituto-politecnico-nacional-lindavista-norte-df-30553611#pagina=26&tipos=residencial-venta&area=df&pos=14,30296301.0,3664800.0,"Departamento disponible en venta en Av. Instituto Politécnico Nacional, Colonia Lindavista Norte, C.P. 07300",Departamento,,Lindavista Norte,Gustavo A. Madero,7300.0,3.0,2.0,40.0,,1.0,['Cisterna'],34430.0,19.505739,-99.148014,2025-11-30 08:39:15
https://propiedades.com/inmuebles/departamento-en-venta-portales-sur-df-30369108#pagina=16&tipos=residencial-venta&area=df&pos=24,28818824.0,5256000.0,"Departamento disponible en venta en , Colonia Portales Sur, C.P. 03300",Departamento,,Portales Sur,Benito Juárez,3300.0,2.0,2.0,146.0,2.0,,[],41970.0,19.361694,-99.148914,2025-11-30 08:39:32
https://propiedades.com/inmuebles/departamento-en-venta-algeciras-38-insurgentes-mixcoac-df-29224178#pagina=35&tipos=residencial-venta&area=df&pos=45,27477467.0,4390000.0,"Venta departamento en Algeciras #38, Colonia Insurgentes Mixcoac, C.P. 03920",Departamento,Algeciras #38,Insurgentes Mixcoac,Benito Juárez,3920.0,2.0,2.0,18.0,1.0,,"['Cisterna', 'Telefonía']",47820.0,19.372011,-99.181144,2025-11-30 08:39:48
https://propiedades.com/inmuebles/departamento-en-venta-desierto-de-los-leones-4602-tetelpan-alvaro-obregon-01700-ciudad-de-mexico-cdmx-4602-tetelpan-df-30537273#pagina=29&tipos=residencial-venta&area=df&pos=25,30158431.0,5490000.0,"Venta de departamento Desierto de los Leones 4602, Tetelpan, Álvaro Obregón, 01700 Ciudad de México, CDMX #4602, Colonia Tetelpan, C.P. 01700",Departamento,,Tetelpan,Álvaro Obregón,1700.0,3.0,2.0,200.0,2.0,15.0,[],41250.0,19.342242,-99.225708,2025-11-30 08:40:03
https://propiedades.com/inmuebles/departamento-en-venta-jaime-nuno-guadalupe-inn-01020-ciudad-de-mexico-cdmx-guadalupe-inn-df-30473056#pagina=14&tipos=residencial-venta&area=df&pos=16,29861629.0,3046600.0,"Venta de departamento en Jaime Nunó, Guadalupe Inn, 01020 Ciudad de México, CDMX, Colonia Guadalupe Inn, C.P. 01020",Departamento,Jaime Nunó,Guadalupe Inn,Desconocida,1020.0,3.0,1.0,38.0,,1.0,"['Cisterna', 'Telefonía', 'Aire acondicionado']",49840.0,,,2025-11-30 08:40:18
https://propiedades.com/inmuebles/departamento-en-venta-jardin-balbuena-df-30555977#pagina=22&tipos=residencial-venta&area=df&pos=36,30154044.0,2320000.0,"Departamento en venta disponible en , Colonia Jardín Balbuena, C.P. 15900",Departamento,Disponible en,Jardín Balbuena,Venustiano Carranza,15900.0,3.0,1.0,60.0,0.0,,[],19560.0,19.415415,-99.107064,2025-11-30 08:40:46
https://propiedades.com/inmuebles/departamento-en-venta-avenida-insurgentes-sur-roma-sur-df-30396633#pagina=24&tipos=residencial-venta&area=df&pos=42,30296285.0,2705000.0,"Departamento disponible en venta en Avenida Insurgentes Sur, Colonia Roma Sur, C.P. 06760",Departamento,Avenida Insurgentes Sur,Roma Sur,Cuauhtémoc,6760.0,1.0,1.0,30.0,,,[],54490.0,19.401155,-99.170001,2025-11-30 08:41:01
https://propiedades.com/inmuebles/casa-en-venta-sur-93-10-el-parque-venustiano-carranza-15960-ciudad-de-mexico-cdmx-10-del-parque-df-30540975#pagina=13&tipos=residencial-venta&area=df&pos=14,29138076.0,5400000.0,"Se vende casa Sur 93 10, El Parque, Venustiano Carranza, 15960 Ciudad de México, CDMX #10, Colonia Del Parque, C.P. 15960",Casa,,Del Parque,Venustiano Carranza,15960.0,6.0,3.0,,2.0,,['Cisterna'],9550.0,19.419951,-99.08852,2025-11-30 08:41:16
https://propiedades.com/inmuebles/departamento-en-venta-ofelia-4-tizapan-san-angel-progreso-tizapan-alvaro-obregon-01090-ciudad-de-mexico-cdmx-4-tizapan-df-30456330#pagina=7&tipos=residencial-venta&area=df&pos=4,30512935.0,3471000.0,"Venta de departamento en Ofelia 4, Tizapán San Ángel, Progreso Tizapán, Álvaro Obregón, 01090 Ciudad de México, CDMX #4, Colonia Tizapan, C.P. 01090",Departamento,Ofelia 4,Tizapan,Álvaro Obregón,1090.0,2.0,2.0,49.0,1.0,,[],47410.0,19.333929,-99.207922,2025-11-30 08:41:33
https://propiedades.com/inmuebles/casa-en-venta-comision-nacional-agraria-federal-df-30419090#pagina=16&tipos=residencial-venta&area=df&pos=18,30501389.0,6300000.0,"Venta de casa Comisión Nacional Agraria, Colonia Federal, C.P. 15700",Casa,,Federal,Desconocida,15700.0,3.0,2.0,0.0,1.0,48.0,[],10470.0,,,2025-11-30 08:41:48
https://propiedades.com/inmuebles/departamento-en-venta-mariano-escobedo-anahuac-i-seccion-df-30020785#pagina=25&tipos=residencial-venta&area=df&pos=37,30238072.0,4500000.0,"Venta de departamento en Mariano Escobedo, Colonia Anahuac I Sección, C.P. 11320",Departamento,Mariano Escobedo,Anahuac I Sección,Miguel Hidalgo,11320.0,2.0,2.0,0.0,1.0,17.0,[],39760.0,19.407116,-99.190617,2025-11-30 08:42:33
https://propiedades.com/inmuebles/departamento-en-venta-rio-grijalva-cuauhtemoc-df-26247936#pagina=5&tipos=residencial-venta&area=df&pos=4,28295538.0,5750000.0,"Venta de departamento Rio Grijalva, Colonia Cuauhtémoc, C.P. 06500",Departamento,,Cuauhtémoc,Cuauhtémoc,6500.0,2.0,2.0,70.0,1.0,,[],60120.0,19.43263,-99.133178,2025-11-30 08:42:48
https://propiedades.com/inmuebles/casa-en-venta-c-319-el-coyol-07420-ciudad-de-mexico-cdmx-sn-el-coyol-df-30509244#pagina=35&tipos=residencial-venta&area=df&pos=27,27988811.0,512000.0,"Venta casa en C. 319, El Coyol, 07420 Ciudad de México, CDMX #s/n, Colonia El Coyol, C.P. 07420",Casa,C. 319,El Coyol,Desconocida,7420.0,3.0,2.0,150.0,1.0,10.0,"['Cisterna', 'Telefonía']",5560.0,,,2025-11-30 08:43:03
https://propiedades.com/inmuebles/departamento-en-venta-av-centenario-1822-pueblo-de-santiago-atzacoalco-gustavo-a-madero-07040-ciudad-de-mexico-cdmx-1822-santiago-atzacoalco-df-30373087#pagina=12&tipos=residencial-venta&area=df&pos=13,30486381.0,2100000.0,"Departamento disponible en venta en Av. Centenario 1822, Pueblo de Santiago Atzacoalco, Gustavo A. Madero, 07040 Ciudad de México, CDMX #1822, Colonia Santiago Atzacoalco, C.P. 07040",Departamento,Avenida Centenario 1822,Santiago Atzacoalco,Gustavo A. Madero,7040.0,2.0,1.0,65.0,1.0,1.0,[],31030.0,19.500692,-99.094593,2025-11-30 08:43:15
https://propiedades.com/inmuebles/casa-en-venta-cruz-verde-lomas-quebradas-df-30307519#pagina=19&tipos=residencial-venta&area=df&pos=16,27905272.0,8000000.0,"Venta de casa en Cruz verde, Colonia Lomas Quebradas, C.P. 10000",Casa,"La Magdalena Contreras, Ciudad de México",Lomas Quebradas,Tlalpan,10000.0,3.0,3.0,17.0,2.0,11.0,[],29220.0,19.28806,-99.166973,2025-11-30 08:43:32
https://propiedades.com/inmuebles/departamento-en-venta-la-morena-narvarte-poniente-df-29344381#pagina=5&tipos=residencial-venta&area=df&pos=37,27924996.0,8760000.0,"Se vende departamento La Morena, Colonia Narvarte Poniente, C.P. 03020",Departamento,,Narvarte Poniente,Benito Juárez,3020.0,1.0,2.0,116.0,2.0,,[],41310.0,19.392226,-99.157707,2025-11-30 08:43:48
https://propiedades.com/inmuebles/departamento-en-venta-av-popocatepetl-216-sta-cruz-atoyac-benito-juarez-03340-ciudad-de-mexico-cdmx-216-general-pedro-maria-anaya-df-30321441#pagina=8&tipos=residencial-venta&area=df&pos=7,29766602.0,3900000.0,"Venta de departamento en Av. Popocatépetl 216, Sta Cruz Atoyac, Benito Juárez, 03340 Ciudad de México, CDMX #216, Colonia General Pedro Maria Anaya, C.P. 03340",Departamento,Avenida Popocatépetl 216,General Pedro Maria Anaya,Benito Juárez,3340.0,2.0,2.0,75.0,2.0,18.0,[],44010.0,19.363452,-99.159724,2025-11-30 08:44:06
https://propiedades.com/inmuebles/departamento-en-venta-av-revolucion-san-jose-insurgentes-df-30466612#pagina=17&tipos=residencial-venta&area=df&pos=9,30043784.0,5200000.0,"Departamento en venta disponible en AV REVOLUCION, Colonia San José Insurgentes, C.P. 03900",Departamento,,San José Insurgentes,Desconocida,3900.0,2.0,2.0,0.0,1.0,8.0,[],47820.0,,,2025-11-30 08:44:21
https://propiedades.com/inmuebles/departamento-en-venta-paseo-de-la-reforma-27-tabacalera-df-30296345#pagina=13&tipos=residencial-venta&area=df&pos=25,27769801.0,11900000.0,"Departamento en venta, Paseo de la Reforma #27, Colonia Tabacalera, C.P. 06030",Departamento,Venta,Tabacalera,Desconocida,6030.0,2.0,3.0,40.0,2.0,13.0,[],61480.0,,,2025-11-30 08:44:38
https://propiedades.com/inmuebles/departamento-en-venta-coahuila-roma-sur-df-29799257#pagina=23&tipos=residencial-venta&area=df&pos=8,30507396.0,7300000.0,"Departamento en venta, Coahuila, Colonia Roma Sur, C.P. 06760",Departamento,Venta,Roma Sur,Cuauhtémoc,6760.0,2.0,2.0,0.0,1.0,,[],54490.0,19.405833,-99.163304,2025-11-30 08:44:54
https://propiedades.com/inmuebles/departamento-en-venta-av-central-175-san-pedro-de-los-pinos-alvaro-obregon-01180-ciudad-de-mexico-cdmx-175-san-pedro-de-los-pinos-df-30553756#pagina=27&tipos=residencial-venta&area=df&pos=27,29891444.0,2450000.0,"Se vende departamento Av. Central 175, San Pedro de los Pinos, Álvaro Obregón, 01180 Ciudad de México, CDMX #175, Colonia San Pedro de los Pinos, C.P. 01180",Departamento,,San Pedro de los Pinos,Álvaro Obregón,1180.0,2.0,1.0,62.0,1.0,23.0,['Cisterna'],35130.0,19.388187,-99.191898,2025-11-30 08:45:26
https://propiedades.com/inmuebles/casa-en-venta-emerson-polanco-v-seccion-df-28912052#pagina=9&tipos=residencial-venta&area=df&pos=41,29544248.0,33990000.0,"Venta casa en Emerson, Colonia Polanco V Sección, C.P. 11560",Casa,,Polanco V Sección,Miguel Hidalgo,11560.0,4.0,3.0,39.0,2.0,,[],80860.0,19.429379,-99.196393,2025-11-30 08:45:40
https://propiedades.com/inmuebles/departamento-en-venta-granjas-mexico-df-30555960#pagina=15&tipos=residencial-venta&area=df&pos=38,30163320.0,3037000.0,"Departamento en venta disponible en , Colonia Granjas México, C.P. 08400",Departamento,,Granjas México,Iztacalco,8400.0,2.0,1.0,58.0,1.0,15.0,[],29340.0,19.402445,-99.10514,2025-11-30 08:45:57
https://propiedades.com/inmuebles/departamento-en-venta-polanco-v-seccion-df-28682496#pagina=21&tipos=residencial-venta&area=df&pos=40,30530518.0,45000000.0,"Departamento en venta disponible en _ , Colonia Polanco V Sección, C.P. 11560",Departamento,Disponible en _,Polanco V Sección,Miguel Hidalgo,11560.0,2.0,3.0,,,32.0,[],84460.0,19.429379,-99.196393,2025-11-30 08:46:13
https://propiedades.com/inmuebles/departamento-en-venta-mellado-51-edif-b-dpto-305-valle-gomez-cuauhtemoc-ciudad-de-mexico-cdmx-cp-06240-valle-gomez-df-30334897#tipos=residencial-venta&area=df&pos=32,30576672.0,1663000.0,"Departamento en venta, Mellado 51, Edif B, Dpto 305, Valle Gómez, Cuauhtémoc, Ciudad de México, CDMX, C.p 06240., Colonia Valle Gómez, C.P. 06240",Departamento,"Cuauhtémoc, Ciudad de México",Valle Gómez,Cuauhtémoc,6240.0,2.0,1.0,42.0,1.0,7.0,['Cisterna'],25030.0,19.458629,-99.125247,2025-11-30 08:46:32
https://propiedades.com/inmuebles/departamento-en-venta-barranca-del-muerto-98-98-florida-df-28789456#pagina=10&tipos=residencial-venta&area=df&pos=31,30482823.0,7800000.0,"Se vende departamento Barranca del Muerto 98 #98Int. PH, Colonia Florida, C.P. 01030",Departamento,"Acacias, Ciudad de México",Florida,Desconocida,1030.0,3.0,2.0,119.0,2.0,5.0,['Cisterna'],50560.0,,,2025-11-30 08:46:46
https://propiedades.com/inmuebles/casa-en-venta-avenida-paseo-de-las-palmas-1925-1925-lomas-de-chapultepec-v-seccion-df-29869550#pagina=13&tipos=residencial-venta&area=df&pos=40,30536593.0,41000000.0,"Se vende casa en Avenida Paseo de las Palmas 1925 #1925, Colonia Lomas de Chapultepec V Sección, C.P. 11000",Casa,,Lomas de Chapultepec V Sección,Miguel Hidalgo,11000.0,2.0,4.0,692.0,3.0,1.0,[],66430.0,19.410697,-99.21981,2025-11-30 08:47:00
https://propiedades.com/inmuebles/casa-en-venta-cerrada-de-sacramento-corpus-christy-df-30017780#pagina=21&tipos=residencial-venta&area=df&pos=4,30390599.0,4845000.0,"Venta de casa en Cerrada de Sacramento, Colonia Corpus Christy, C.P. 01530",Casa,Cerrada de Sacramento,Corpus Christy,Desconocida,1530.0,4.0,2.0,,,40.0,['Cisterna'],22570.0,,,2025-11-30 08:47:16
https://propiedades.com/inmuebles/departamento-en-venta-schiller-polanco-v-seccion-df-29998565#pagina=20&tipos=residencial-venta&area=df&pos=7,30434473.0,17900000.0,"Venta de departamento en Schiller, Colonia Polanco V Sección, C.P. 11560",Departamento,Schiller,Polanco V Sección,Miguel Hidalgo,11560.0,2.0,2.0,0.0,2.0,,[],84460.0,19.429379,-99.196393,2025-11-30 08:47:34
https://propiedades.com/inmuebles/departamento-en-venta-artz-boulevard-jardines-del-pedregal-df-30197156#pagina=33&tipos=residencial-venta&area=df&pos=13,28783340.0,27070015.0,"Venta de departamento Artz Boulevard #0, Colonia Jardines del Pedregal, C.P. 01900",Departamento,Boulevard #0,Jardines del Pedregal,Tlalpan,1900.0,3.0,3.0,144.0,,1.0,['Telefonía'],47970.0,19.305691,-99.205779,2025-11-30 08:47:53
https://propiedades.com/inmuebles/departamento-en-venta-galicia-alamos-df-30232195#pagina=23&tipos=residencial-venta&area=df&pos=6,29428514.0,3251900.0,"Departamento en venta, Galicia, Colonia Álamos, C.P. 03400",Departamento,,Álamos,Benito Juárez,3400.0,2.0,1.0,63.0,,,[],38920.0,19.394749,-99.142949,2025-11-30 08:49:42
https://propiedades.com/inmuebles/departamento-en-venta-20-de-noviembre-la-noria-df-29003997#pagina=20&tipos=residencial-venta&area=df&pos=29,29884066.0,2750000.0,"Departamento disponible en venta en 20 de Noviembre, Colonia La Noria, C.P. 16030",Departamento,20 de Noviembre,La Noria,Desconocida,16030.0,2.0,2.0,0.0,1.0,,[],15280.0,,,2025-11-30 08:49:58
https://propiedades.com/inmuebles/departamento-en-venta-lago-peypus-ahuehuetes-anahuac-df-23510785#pagina=22&tipos=residencial-venta&area=df&pos=11,29707427.0,4855140.0,"Venta de departamento en Lago Peypus, Colonia Ahuehuetes Anahuac, C.P. 11450",Departamento,Lago Peypus,Ahuehuetes Anahuac,Miguel Hidalgo,11450.0,3.0,2.0,,1.0,,[],44270.0,19.447238,-99.188046,2025-11-30 08:50:14
https://propiedades.com/inmuebles/departamento-en-venta-lago-iseo-anahuac-i-seccion-df-29372974#pagina=4&tipos=residencial-venta&area=df&pos=10,,15000000.0,"Departamento en venta disponible en Lago Iseo, Colonia Anahuac I Sección, C.P. 11320",Departamento,Disponible en Lago Iseo,Anahuac I Sección,Miguel Hidalgo,11320.0,2.0,2.0,,,1.0,[],39760.0,19.407116,-99.190617,2025-11-30 08:50:35
https://propiedades.com/inmuebles/departamento-en-venta-bretana-zacahuitzco-df-28909308#pagina=5&tipos=residencial-venta&area=df&pos=12,29547963.0,3059149.0,"Venta de departamento en Bretaña, Colonia Zacahuitzco, C.P. 03550",Departamento,Bretaña,Zacahuitzco,Desconocida,3550.0,2.0,2.0,48.0,1.0,,[],44200.0,,,2025-11-30 08:50:50
https://propiedades.com/inmuebles/departamento-en-venta-c-golfo-de-bengala-1-tacuba-miguel-hidalgo-11410-ciudad-de-mexico-cdmx-1-tacuba-df-30382251#pagina=7&tipos=residencial-venta&area=df&pos=6,30361922.0,2381000.0,"Se vende departamento C. Golfo de Bengala 1, Tacuba, Miguel Hidalgo, 11410 Ciudad de México, CDMX #1, Colonia Tacuba, C.P. 11410",Departamento,,Tacuba,Miguel Hidalgo,11410.0,2.0,1.0,69.0,1.0,20.0,[],28000.0,19.45536,-99.190717,2025-11-30 08:51:05
https://propiedades.com/inmuebles/casa-en-venta-cjon-de-soledad-san-nicolas-totolapan-10900-ciudad-de-mexico-cdmx-san-nicolas-totolapan-df-30290748#pagina=29&tipos=residencial-venta&area=df&pos=23,29431472.0,22000000.0,"Venta de casa en Cjon. de Soledad, San Nicolás Totolapan, 10900 Ciudad de México, CDMX, Colonia San Nicolás Totolapan, C.P. 10900",Casa,Cjon. de Soledad,San Nicolás Totolapan,La Magdalena Contreras,10900.0,4.0,3.0,750.0,6.0,5.0,"['Cisterna', 'Telefonía']",20420.0,19.297943,-99.244117,2025-11-30 08:51:22
https://propiedades.com/inmuebles/departamento-en-venta-rio-niagara-3-3-cuauhtemoc-df-30044262#pagina=12&tipos=residencial-venta&area=df&pos=11,29848573.0,6830000.0,"Departamento disponible en venta en Río Niagara 3 #3Int. 201, Colonia Cuauhtémoc, C.P. 06500",Departamento,Río Niagara 3 #3int. 201,Cuauhtémoc,Cuauhtémoc,6500.0,2.0,2.0,75.0,,7.0,['Cisterna'],60120.0,19.43263,-99.133178,2025-11-30 08:51:38
https://propiedades.com/inmuebles/departamento-en-venta-jose-maria-iglesias-tabacalera-df-28240277#pagina=19&tipos=residencial-venta&area=df&pos=37,23819882.0,4200000.0,"Se vende departamento en José María Iglesias, Colonia Tabacalera, C.P. 06030",Departamento,José María Iglesias,Tabacalera,Desconocida,6030.0,2.0,1.0,0.0,1.0,,[],61480.0,,,2025-11-30 08:51:55
https://propiedades.com/inmuebles/departamento-en-venta-calle-ruben-dario-polanco-v-seccion-df-28263107#pagina=12&tipos=residencial-venta&area=df&pos=28,28079020.0,22000000.0,"Venta de departamento en Calle Ruben Dario, Colonia Polanco V Sección, C.P. 11560",Departamento,Calle Ruben Dario,Polanco V Sección,Miguel Hidalgo,11560.0,3.0,2.0,185.0,2.0,,['Aire acondicionado'],84460.0,19.429379,-99.196393,2025-11-30 08:52:12
https://propiedades.com/inmuebles/casa-en-venta-omecihuatl-4-adolfo-ruiz-cortines-df-29738146#pagina=32&tipos=residencial-venta&area=df&pos=30,30277839.0,7200000.0,"Venta casa en Omecihuatl #4, Colonia Adolfo Ruiz Cortines, C.P. 04630",Casa,,Adolfo Ruiz Cortines,Desconocida,4630.0,4.0,5.0,100.0,,10.0,"['Cisterna', 'Telefonía']",15170.0,,,2025-11-30 08:52:39
https://propiedades.com/inmuebles/casa-en-venta-canal-san-esteban-barrio-18-16034-ciudad-de-mexico-cdmx-sn-18-df-30531365#pagina=26&tipos=residencial-venta&area=df&pos=13,29483969.0,4800000.0,"Se vende casa en Canal San Esteban, Barrio 18, 16034 Ciudad de México, CDMX #s/n, Colonia 18, C.P. 16034",Casa,Canal San Esteban,18,Desconocida,16034.0,3.0,3.0,,,10.0,['Cisterna'],28210.0,,,2025-11-30 08:52:54
https://propiedades.com/inmuebles/departamento-en-venta-c-mecanicos-morelos-15270-ciudad-de-mexico-cdmx-sn-morelos-df-30485784#pagina=34&tipos=residencial-venta&area=df&pos=28,30387440.0,900000.0,"Venta departamento en C. Mecanicos, Morelos, 15270 Ciudad de México, CDMX #s/n, Colonia Morelos, C.P. 06200",Departamento,C. Mecanicos,Morelos,Cuauhtémoc,15270.0,2.0,1.0,,1.0,10.0,[],14130.0,19.444533,-99.123951,2025-11-30 08:53:08
https://propiedades.com/inmuebles/departamento-en-venta-c-monaco-320-zacahuitzco-benito-juarez-03550-ciudad-de-mexico-cdmx-zacahuitzco-df-30334082#pagina=2&tipos=residencial-venta&area=df&pos=44,28909310.0,3699504.0,"Venta de departamento en C. Mónaco 320|, Zacahuitzco, Benito Juárez, 03550 Ciudad de México, CDMX, Colonia Zacahuitzco, C.P. 03550",Departamento,C. Mónaco 320|,Zacahuitzco,Benito Juárez,3550.0,2.0,2.0,48.0,1.0,1.0,[],44200.0,19.374746,-99.138001,2025-11-30 08:53:23
https://propiedades.com/inmuebles/departamento-en-venta-avenida-stim-lomas-del-chamizal-df-29214572#pagina=4&tipos=residencial-venta&area=df&pos=42,29889724.0,6600000.0,"Departamento en venta, Avenida STIM, Colonia Lomas del Chamizal, C.P. 05129",Departamento,Venta,Lomas del Chamizal,Desconocida,5129.0,2.0,2.0,20.0,4.0,8.0,[],44330.0,,,2025-11-30 08:53:36
https://propiedades.com/inmuebles/casa-en-venta-celestun-jardines-del-ajusco-df-30388403#pagina=17&tipos=residencial-venta&area=df&pos=8,30290617.0,16500000.0,"Venta de casa en Celestún, Colonia Jardines del Ajusco, C.P. 14200",Casa,Celestún,Jardines del Ajusco,Desconocida,14200.0,5.0,3.0,533.0,5.0,17.0,[],14570.0,,,2025-11-30 08:53:52
https://propiedades.com/inmuebles/casa-en-venta-c-1914-el-parque-15960-ciudad-de-mexico-cdmx-8-del-parque-df-30249982#pagina=10&tipos=residencial-venta&area=df&pos=45,,3880000.0,"Casa disponible en venta en C. 1914, El Parque, 15960 Ciudad de México, CDMX #8, Colonia Del Parque, C.P. 15960",Casa,C. 1914,Del Parque,Desconocida,15960.0,2.0,2.0,,,9.0,['Cisterna'],9550.0,,,2025-11-30 08:54:09
https://propiedades.com/inmuebles/departamento-en-venta-calle-zacahuitzco-carmen-ciudad-de-mexico-cdmx-del-carmen-df-30440208#pagina=33&tipos=residencial-venta&area=df&pos=1,30517404.0,3000000.0,"Se vende departamento Calle Zacahuitzco, Carmen, Ciudad de México, CDMX, Colonia Del Carmen, C.P. 03540",Departamento,"Carmen, Ciudad de México",Del Carmen,Desconocida,3540.0,2.0,1.0,68.0,2.0,7.0,[],38910.0,,,2025-11-30 08:54:24
https://propiedades.com/inmuebles/departamento-en-venta-av-ingenieros-militares-san-lorenzo-tlaltenango-df-25230196#pagina=5&tipos=residencial-venta&area=df&pos=19,28830606.0,5415000.0,"Se vende departamento en Av. Ingenieros Militares, Colonia San Lorenzo Tlaltenango, C.P. 11210",Departamento,,San Lorenzo Tlaltenango,Desconocida,11210.0,2.0,2.0,0.0,2.0,,[],40360.0,,,2025-11-30 08:54:38
https://propiedades.com/inmuebles/departamento-en-venta-calz-de-la-viga-190-artes-graficas-venustiano-carranza-15830-ciudad-de-mexico-cdmx-190-artes-graficas-df-30407258#pagina=33&tipos=residencial-venta&area=df&pos=3,30435321.0,1978700.0,"Venta de departamento Calz. de la Viga 190, Artes Gráficas, Venustiano Carranza, 15830 Ciudad de México, CDMX #190, Colonia Artes Graficas, C.P. 15830",Departamento,,Artes Graficas,Venustiano Carranza,15830.0,2.0,1.0,52.0,1.0,,[],19070.0,19.411337,-99.125837,2025-11-30 08:54:57
https://propiedades.com/inmuebles/casa-en-venta-2a-del-moral-del-pueblo-de-tetelpan-df-30556004#pagina=15&tipos=residencial-venta&area=df&pos=45,30172640.0,8900000.0,"Venta casa en , Colonia 2a Del Moral del Pueblo de Tetelpan, C.P. 01700",Casa,,2a del Moral del Pueblo de Tetelpan,Desconocida,1700.0,4.0,4.0,,3.0,9.0,[],41000.0,,,2025-11-30 08:55:44
https://propiedades.com/inmuebles/departamento-en-venta-casa-del-obrero-mundial-736-736-alamos-df-29428514#pagina=9&tipos=residencial-venta&area=df&pos=46,30355583.0,3200000.0,"Venta de departamento en Casa del Obrero Mundial 736 #736, Colonia Álamos, C.P. 03400",Departamento,Casa del Obrero Mundial 736 #736,Álamos,Benito Juárez,3400.0,2.0,1.0,63.0,1.0,5.0,"['Cisterna', 'Telefonía']",38920.0,19.40255,-99.141064,2025-11-30 08:56:00
https://propiedades.com/inmuebles/departamento-en-venta-rio-churubisco-xoco-df-30113505#pagina=22&tipos=residencial-venta&area=df&pos=28,28765505.0,15800000.0,"Venta de departamento Rio Churubisco, Colonia Xoco, C.P. 03330",Departamento,,Xoco,Desconocida,3330.0,3.0,3.0,0.0,2.0,,[],51810.0,,,2025-11-30 08:56:15
https://propiedades.com/inmuebles/departamento-en-venta-polanco-polanco-v-seccion-df-30434472#pagina=18&tipos=residencial-venta&area=df&pos=30,30434473.0,17800000.0,"Departamento en venta, Polanco, Colonia Polanco V Sección, C.P. 11560",Departamento,,Polanco V Sección,Miguel Hidalgo,11560.0,2.0,2.0,150.0,2.0,,[],84460.0,19.429379,-99.196393,2025-11-30 08:56:30
https://propiedades.com/inmuebles/casa-en-venta-tetelpan-df-27450172#pagina=21&tipos=residencial-venta&area=df&pos=22,27140936.0,10000000.0,"Se vende casa , Colonia Tetelpan, C.P. 01700",Casa,"La Magdalena Contreras, Ciudad de México",Tetelpan,Desconocida,1700.0,2.0,3.0,76.0,3.0,,[],34770.0,,,2025-11-30 08:56:46
https://propiedades.com/inmuebles/casa-en-venta-avenida-tesmic-texmic-df-29760052#pagina=13&tipos=residencial-venta&area=df&pos=7,30244015.0,7000000.0,"Casa en venta disponible en Avenida Tesmic, Colonia Texmic, C.P. 16340",Casa,Avenida Tesmic,Texmic,Desconocida,16340.0,3.0,3.0,200.0,4.0,30.0,[],12850.0,,,2025-11-30 08:57:16
https://propiedades.com/inmuebles/departamento-en-venta-gutenberg-anzures-ciudad-de-mexico-cdmx-anzures-df-30489917#pagina=25&tipos=residencial-venta&area=df&pos=36,30485944.0,12240000.0,"Venta de departamento en Gutenberg, Anzures, Ciudad de México, CDMX, Colonia Anzures, C.P. 11590",Departamento,"Anzures, Ciudad de México",Anzures,Miguel Hidalgo,11590.0,3.0,3.0,68.0,2.0,4.0,['Cisterna'],48270.0,19.427472,-99.177193,2025-11-30 08:57:35
https://propiedades.com/inmuebles/casa-en-venta-juarez-df-30546792#pagina=18&tipos=residencial-venta&area=df&pos=26,30158199.0,2000000.0,"Casa en venta, , Colonia Juárez, C.P. 06600",Casa,Venta,Juárez,Cuauhtémoc,6600.0,,1.0,,,1.0,[],59910.0,19.43327,-99.147684,2025-11-30 08:57:47
https://propiedades.com/inmuebles/departamento-en-venta-penthouse-con-roof-privado-en-hipodromo-condesa-condesa-df-30519216#pagina=2&tipos=residencial-venta&area=df&pos=11,29456568.0,13300000.0,"Venta de departamento PENTHOUSE CON ROOF PRIVADO EN HIPODROMO CONDESA, Colonia Condesa, C.P. 06140",Departamento,"Cuauhtémoc, Ciudad de México",Condesa,Cuauhtémoc,6140.0,2.0,2.0,150.0,3.0,3.0,['Cisterna'],62600.0,19.41559,-99.172705,2025-11-30 08:58:01
https://propiedades.com/inmuebles/departamento-en-venta-coahuila-roma-sur-df-29010207#pagina=23&tipos=residencial-venta&area=df&pos=22,29922415.0,5608000.0,"Departamento en venta, Coahuila, Colonia Roma Sur, C.P. 06760",Departamento,Venta,Roma Sur,Cuauhtémoc,6760.0,2.0,2.0,0.0,,,[],54490.0,19.405833,-99.163304,2025-11-30 08:58:18
https://propiedades.com/inmuebles/departamento-en-venta-nte-75-297-jardin-azpeitia-azcapotzalco-02530-ciudad-de-mexico-cdmx-297-jardin-azpeitia-df-27776233#pagina=27&tipos=residencial-venta&area=df&pos=45,6004209.0,1454650.0,"Se vende departamento en Nte. 75 297, Jardín Azpeitia, Azcapotzalco, 02530 Ciudad de México, CDMX #297, Colonia Jardín Azpeitia, C.P. 02530",Departamento,Nte. 75 297,Jardín Azpeitia,Azcapotzalco,2530.0,2.0,1.0,,2.0,,['Cisterna'],15240.0,19.470674,-99.169787,2025-11-30 08:58:55
https://propiedades.com/inmuebles/casa-en-venta-huracan-185-jardines-del-pedregal-df-30245858#pagina=33&tipos=residencial-venta&area=df&pos=29,28633223.0,54500000.0,"Venta casa en Huracan #185, Colonia Jardines del Pedregal, C.P. 01900",Casa,"Álvaro Obregón, Ciudad de México",Jardines del Pedregal,Tlalpan,1900.0,4.0,5.0,300.0,12.0,5.0,"['Cisterna', 'Telefonía', 'Aire acondicionado']",27820.0,19.2953,-99.209786,2025-11-30 08:59:11
https://propiedades.com/inmuebles/casa-en-venta-bosque-de-framboyanes-bosque-de-las-lomas-df-30039186#pagina=32&tipos=residencial-venta&area=df&pos=15,27503888.0,27500000.0,"Casa en venta, Bosque de Framboyanes, Colonia Bosque de las Lomas, C.P. 11700",Casa,Venta,Bosque de las Lomas,Cuajimalpa,11700.0,3.0,3.0,400.0,5.0,5.0,"['Cisterna', 'Telefonía']",42970.0,19.400533,-99.240839,2025-11-30 08:59:27
https://propiedades.com/inmuebles/departamento-en-venta-bosque-de-tejocotes-bosques-de-las-lomas-bosques-de-las-lomas-df-27534442#pagina=19&tipos=residencial-venta&area=df&pos=18,27503901.0,17900000.0,"Departamento en venta disponible en Bosque de Tejocotes, Bosques de las Lomas, Colonia Bosques de las Lomas, C.P. 05120",Departamento,Disponible en Bosque de Tejocotes,Bosques de las Lomas,Cuajimalpa,5120.0,3.0,3.0,305.0,3.0,,[],46010.0,19.388115,-99.251801,2025-11-30 08:59:43
https://propiedades.com/inmuebles/departamento-en-venta-illinois-ampliacion-napoles-df-29864567#pagina=27&tipos=residencial-venta&area=df&pos=41,28301321.0,8670000.0,"Se vende departamento en Illinois, Colonia Ampliación Napoles, C.P. 03840",Departamento,Illinois,Ampliación Napoles,Desconocida,3840.0,2.0,2.0,52.0,2.0,1.0,"['Cisterna', 'Telefonía']",51830.0,,,2025-11-30 09:00:02
https://propiedades.com/inmuebles/departamento-en-venta-gabriel-mancera-1360-del-valle-sur-df-28060029#pagina=31&tipos=residencial-venta&area=df&pos=33,26044062.0,4590419.0,"Se vende departamento en Gabriel Mancera #1360, Colonia Del Valle Sur, C.P. 03104",Departamento,"Col del Valle Centro, Ciudad de México",Del Valle Sur,Benito Juárez,3104.0,3.0,2.0,80.0,1.0,2.0,[],42630.0,19.389128,-99.175683,2025-11-30 09:00:19
https://propiedades.com/inmuebles/departamento-en-venta-insurgentes-mixcoac-df-27477468#pagina=25&tipos=residencial-venta&area=df&pos=16,29822990.0,4000000.0,"Departamento en venta, , Colonia Insurgentes Mixcoac, C.P. 03920",Departamento,,Insurgentes Mixcoac,Benito Juárez,3920.0,1.0,1.0,61.0,2.0,,[],47820.0,19.372323,-99.183668,2025-11-30 09:00:37
https://propiedades.com/inmuebles/casa-en-condominio-en-venta-canarias-jardines-del-pedregal-df-30138558#pagina=33&tipos=residencial-venta&area=df&pos=4,28408597.0,23500000.0,"Se vende casa en condominio en CANARIAS, Colonia Jardines del Pedregal, C.P. 01900",Casa,Condominio en Canarias,Jardines del Pedregal,Tlalpan,1900.0,3.0,3.0,,,4.0,"['Cisterna', 'Telefonía']",,19.2953,-99.209786,2025-11-30 09:00:51
https://propiedades.com/inmuebles/departamento-en-venta-c-ote-178-280-moctezuma-2da-secc-venustiano-carranza-15530-ciudad-de-mexico-cdmx-280-moctezuma-2a-seccion-df-30363199#pagina=7&tipos=residencial-venta&area=df&pos=42,30327543.0,3190000.0,"Departamento disponible en venta en C. Ote. 178 280, Moctezuma 2da Secc, Venustiano Carranza, 15530 Ciudad de México, CDMX #280, Colonia Moctezuma 2a Sección, C.P. 15530",Departamento,C. Ote. 178 280,Moctezuma Ii Sección,Venustiano Carranza,15530.0,2.0,1.0,13.0,1.0,1.0,['Cisterna'],24330.0,19.435929,-99.102544,2025-11-30 09:01:08
https://propiedades.com/inmuebles/departamento-en-venta-zacatecas-roma-norte-df-30099504#pagina=18&tipos=residencial-venta&area=df&pos=47,29455014.0,10500000.0,"Departamento disponible en venta en Zacatecas, Colonia Roma Norte, C.P. 06700",Departamento,,Roma Norte,Cuauhtémoc,6700.0,3.0,2.0,133.0,2.0,5.0,[],54490.0,19.418323,-99.162565,2025-11-30 09:01:25
https://propiedades.com/inmuebles/departamento-en-venta-isaac-newton-polanco-v-seccion-df-30000799#pagina=24&tipos=residencial-venta&area=df&pos=2,30510725.0,7600000.0,"Venta de departamento Isaac Newton, Colonia Polanco V Sección, C.P. 11560",Departamento,"img alt=""Foto de Departamento en Lago Iseo 305, Ciudad de México",Polanco V Sección,Miguel Hidalgo,11560.0,3.0,2.0,4.0,,30.0,[],84460.0,19.429379,-99.196393,2025-11-30 09:02:21
https://propiedades.com/inmuebles/departamento-en-venta-dr-alt-santa-maria-la-ribera-df-29347091#pagina=24&tipos=residencial-venta&area=df&pos=23,30149234.0,4800000.0,"Venta de departamento en Dr Alt, Colonia Santa Maria La Ribera, C.P. 06400",Departamento,,Santa Maria la Ribera,Desconocida,6400.0,2.0,2.0,29.0,1.0,,[],36890.0,,,2025-11-30 09:02:38
https://propiedades.com/inmuebles/departamento-en-venta-simon-bolivar-algarin-df-29878319#pagina=25&tipos=residencial-venta&area=df&pos=38,29887284.0,4650000.0,"Departamento en venta disponible en Simón Bolívar , Colonia Algarin, C.P. 06880",Departamento,,Algarin,Desconocida,6880.0,2.0,2.0,110.0,1.0,,['Cisterna'],37250.0,,,2025-11-30 09:02:57
https://propiedades.com/inmuebles/departamento-en-venta-exhacienda-coapa-df-30462838#pagina=15&tipos=residencial-venta&area=df&pos=32,30180651.0,6695000.0,"Departamento disponible en venta en , Colonia Ex-Hacienda Coapa, C.P. 04980",Departamento,,Ex-hacienda Coapa,Desconocida,4980.0,3.0,3.0,0.0,2.0,6.0,[],38490.0,,,2025-11-30 09:03:12
https://propiedades.com/inmuebles/departamento-en-venta-dr-atl-289-torre-d-depto102-sta-maria-la-ribera-06400-cuauhtemoc-cdmx-santa-maria-la-ribera-df-30396428#tipos=residencial-venta&area=df&pos=4,30589048.0,3530000.0,"Departamento en venta disponible en Dr. Atl #289 Torre- D Depto-102, Sta María la Ribera, 06400, Cuauhtémoc, CDMX, Colonia Santa Maria La Ribera, C.P. 06400",Departamento,,Santa Maria la Ribera,Cuauhtémoc,6400.0,2.0,2.0,65.0,1.0,11.0,['Cisterna'],36890.0,19.448974,-99.157144,2025-11-30 09:03:29
https://propiedades.com/inmuebles/departamento-en-venta-calle-iglesia-270-tizapan-san-angel-loreto-y-campamento-alvaro-obregon-01090-ciudad-de-mexico-c-270-tizapan-df-30439891#pagina=8&tipos=residencial-venta&area=df&pos=27,30507154.0,7500000.0,"Venta de departamento Calle Iglesia 270, Tizapán San Ángel, Loreto y Campamento, Álvaro Obregón, 01090 Ciudad de México, C #270, Colonia Tizapan, C.P. 01090",Departamento,"Álvaro Obregón, Ciudad de México",Tizapan,Álvaro Obregón,1090.0,2.0,4.0,209.0,2.0,10.0,"['Cisterna', 'Telefonía']",47410.0,19.340439,-99.200126,2025-11-30 09:03:43
https://propiedades.com/inmuebles/departamento-en-venta-departamento-con-amenidades-a-5-min-de-periferico-sur-lomas-de-los-angeles-del-pueblo-tetelpan-df-28851736#pagina=3&tipos=residencial-venta&area=df&pos=21,27538005.0,6379600.0,"Departamento en venta disponible en DEPARTAMENTO CON AMENIDADES A 5 MIN DE PERIFERICO SUR, Colonia Lomas de los Angeles del Pueblo Tetelpan, C.P. 01790",Departamento,"Álvaro Obregón, Ciudad de México",Lomas de los Angeles del Pueblo Tetelpan,Desconocida,1790.0,3.0,2.0,117.0,2.0,1.0,['Cisterna'],46680.0,,,2025-11-30 09:03:59
https://propiedades.com/inmuebles/casa-en-venta-tehuantepec-roma-sur-df-30089478#pagina=21&tipos=residencial-venta&area=df&pos=47,30325496.0,61000000.0,"Se vende casa TEHUANTEPEC, Colonia Roma Sur, C.P. 06760",Casa,,Roma Sur,Cuauhtémoc,6760.0,4.0,4.0,0.0,4.0,,[],43720.0,19.405833,-99.163304,2025-11-30 09:04:12
https://propiedades.com/inmuebles/departamento-en-venta-blvd-adolfo-lopez-mateos-merced-gomez-df-29889832#pagina=5&tipos=residencial-venta&area=df&pos=42,28916722.0,2203554.0,"Venta de departamento Blvd. Adolfo López Mateos, Colonia Merced Gómez, C.P. 01600",Departamento,Blvd. Adolfo López Mateos,Merced Gómez,Álvaro Obregón,1600.0,1.0,1.0,51.0,,,[],45450.0,19.364683,-99.198554,2025-11-30 09:04:27
https://propiedades.com/inmuebles/departamento-en-venta-argaez-condesa-df-30113812#pagina=4&tipos=residencial-venta&area=df&pos=14,30389933.0,15795000.0,"Venta de departamento Argaez, Colonia Condesa, C.P. 06140",Departamento,,Condesa,Cuauhtémoc,6140.0,2.0,2.0,220.0,2.0,8.0,[],62600.0,19.414864,-99.176429,2025-11-30 09:04:43
https://propiedades.com/inmuebles/departamento-en-venta-presa-de-la-angostura-irrigacion-miguel-hidalgo-irrigacion-df-28684399#pagina=19&tipos=residencial-venta&area=df&pos=9,29321433.0,6350000.0,"Venta de departamento en Presa de la Angostura, Irrigacion Miguel Hidalgo, Colonia Irrigación, C.P. 11500",Departamento,Presa de la Angostura,Irrigación,Miguel Hidalgo,11500.0,3.0,2.0,147.0,,50.0,[],58440.0,19.442536,-99.210291,2025-11-30 09:06:13
https://propiedades.com/inmuebles/departamento-en-venta-camino-real-de-minas-tetelpan-df-27322683#pagina=5&tipos=residencial-venta&area=df&pos=27,29889829.0,6929005.0,"Se vende departamento Camino Real de Minas, Colonia Tetelpan, C.P. 01700",Departamento,,Tetelpan,Desconocida,1700.0,1.0,2.0,140.0,2.0,,[],41250.0,,,2025-11-30 09:06:31
https://propiedades.com/inmuebles/departamento-en-venta-ote-253-39-vidara-residencial-torree-depto203-agricola-oriental-08500-iztacalco-cdmx-agricola-oriental-df-30396555#tipos=residencial-venta&area=df&pos=21,30382307.0,2427710.0,"Se vende departamento Ote. 253 #39, Vidara Residencial, Torre-E Depto-203, Agrícola Oriental, 08500, Iztacalco, CDMX, Colonia Agrícola Oriental, C.P. 08500",Departamento,,Agrícola Oriental,Iztacalco,8500.0,2.0,2.0,60.0,1.0,9.0,[],24150.0,19.404564,-99.069504,2025-11-30 09:06:47
https://propiedades.com/inmuebles/departamento-en-venta-av-cuauhtemoc-centro-urbano-pdte-juarez-ciudad-de-mexico-cdmx-79-doctores-df-30385584#pagina=8&tipos=residencial-venta&area=df&pos=10,30202671.0,7500000.0,"Venta de departamento Av. Cuauhtémoc, Centro Urbano Pdte. Juárez, Ciudad de México, CDMX #79, Colonia Doctores, C.P. 06720",Departamento,"Centro Urbano Pdte. Juárez, Ciudad de México",Doctores,Cuauhtémoc,6720.0,3.0,1.0,,,45.0,['Cisterna'],20910.0,19.421442,-99.14322,2025-11-30 09:07:01
https://propiedades.com/inmuebles/departamento-en-venta-amores-acacias-ciudad-de-mexico-cdmx-sn-acacias-df-30482823#pagina=34&tipos=residencial-venta&area=df&pos=37,30564525.0,5.0,"Venta de departamento Amores, Acacias, Ciudad de México, CDMX #s/n, Colonia Acacias, C.P. 03240",Departamento,"Acacias, Ciudad de México",Acacias,Desconocida,3240.0,3.0,2.0,7.0,2.0,1.0,"['Cisterna', 'Telefonía']",51020.0,,,2025-11-30 09:07:15
https://propiedades.com/inmuebles/departamento-en-venta-napoles-df-27479259#pagina=20&tipos=residencial-venta&area=df&pos=13,30556033.0,7950000.0,"Venta departamento en , Colonia Napoles, C.P. 03810",Departamento,,Napoles,Desconocida,3810.0,2.0,2.0,131.0,2.0,,[],51830.0,,,2025-11-30 09:07:31
https://propiedades.com/inmuebles/departamento-en-venta-departamento-con-amenidades-en-col-del-valle-del-valle-sur-df-30432676#pagina=6&tipos=residencial-venta&area=df&pos=6,30105878.0,6050000.0,"Venta de departamento DEPARTAMENTO CON AMENIDADES EN COL DEL VALLE , Colonia Del Valle Sur, C.P. 03104",Departamento,Col DEL Valle,Del Valle Sur,Benito Juárez,3104.0,2.0,2.0,,1.0,1.0,['Cisterna'],42630.0,19.385648,-99.175115,2025-11-30 09:07:46
https://propiedades.com/inmuebles/departamento-en-venta-calle-nogal-178-santa-maria-la-ribera-df-29445798#pagina=12&tipos=residencial-venta&area=df&pos=36,30344623.0,2909500.0,"Venta de departamento Calle Nogal #178, Colonia Santa Maria La Ribera, C.P. 06400",Departamento,,Santa Maria la Ribera,Desconocida,6400.0,1.0,1.0,40.0,,,['Cisterna'],36890.0,,,2025-11-30 09:08:01
https://propiedades.com/inmuebles/departamento-en-venta-san-juan-tlihuaca-df-30546785#pagina=29&tipos=residencial-venta&area=df&pos=42,30277358.0,2192000.0,"Venta de departamento en , Colonia San Juan Tlihuaca, C.P. 02400",Departamento,"San Juan Tlihuaca, Ciudad de México",San Juan Tlihuaca,Desconocida,2400.0,2.0,1.0,51.0,1.0,12.0,[],16930.0,,,2025-11-30 09:08:16
https://propiedades.com/inmuebles/departamento-en-venta-narvarte-oriente-df-30451146#pagina=15&tipos=residencial-venta&area=df&pos=43,29834500.0,3708468.0,"Venta de departamento en , Colonia Narvarte Oriente, C.P. 03023",Departamento,,Narvarte Oriente,Benito Juárez,3023.0,2.0,2.0,41.0,1.0,,[],41310.0,19.393267,-99.150258,2025-11-30 09:08:31
https://propiedades.com/inmuebles/casa-en-venta-paseo-de-la-reforma-lomas-de-chapultepec-lomas-de-chapultepec-vii-seccion-df-25909046#pagina=18&tipos=residencial-venta&area=df&pos=20,28195335.0,3400000.0,"Se vende casa Paseo de la Reforma, LOMAS DE CHAPULTEPEC, Colonia Lomas de Chapultepec VII Sección, C.P. 11000",Casa,avenida de México. Tiene un bellísimo jardin y unas oficinas nuevas en la parte de atras de la casa. la casa en sí,Lomas de Chapultepec VII Sección,Miguel Hidalgo,11000.0,3.0,1.0,0.0,,59.0,[],66430.0,19.407116,-99.190617,2025-11-30 09:09:23
https://propiedades.com/inmuebles/casa-en-venta-c-5-jose-ma-parras-voceadores-de-mexico-09100-ciudad-de-mexico-cdmx-sn-juan-escutia-df-30528577#pagina=26&tipos=residencial-venta&area=df&pos=34,29799738.0,1800000.0,"Venta casa en C. 5 José Ma Parras, Voceadores de México, 09100 Ciudad de México, CDMX #s/n, Colonia Juan Escutia, C.P. 09100",Casa,C. 5 José Ma Parras,Juan Escutia,Desconocida,9100.0,3.0,1.0,,,,[],12790.0,,,2025-11-30 09:09:40
https://propiedades.com/inmuebles/departamento-en-venta-avenida-fuentes-brotantes-sn-fuentes-brotantes-df-30179032#pagina=9&tipos=residencial-venta&area=df&pos=44,30497504.0,2600000.0,"Departamento disponible en venta en Avenida Fuentes Brotantes #s/n, Colonia Fuentes Brotantes, C.P. 14410",Departamento,,Fuentes Brotantes,Desconocida,14410.0,3.0,1.0,,,33.0,['Telefonía'],25190.0,,,2025-11-30 09:09:53
https://propiedades.com/inmuebles/departamento-en-venta-polanco-polanco-v-seccion-df-30434473#pagina=18&tipos=residencial-venta&area=df&pos=29,30488461.0,17500000.0,"Venta departamento en Polanco, Colonia Polanco V Sección, C.P. 11560",Departamento,Polanco,Polanco V Sección,Miguel Hidalgo,11560.0,2.0,2.0,150.0,2.0,,[],84460.0,19.429379,-99.196393,2025-11-30 09:10:10
https://propiedades.com/inmuebles/departamento-en-venta-calzada-ignacio-zaragoza-612-4-arboles-df-29737910#pagina=32&tipos=residencial-venta&area=df&pos=19,30361488.0,1790000.0,"Se vende departamento en Calzada Ignacio Zaragoza #612Int. 301, Colonia 4 Árboles, C.P. 15730",Departamento,,4 Árboles,Desconocida,15730.0,2.0,1.0,56.0,,46.0,['Cisterna'],16210.0,,,2025-11-30 09:10:27
https://propiedades.com/inmuebles/departamento-en-venta-municipio-libre-santa-cruz-atoyac-df-30399186#pagina=18&tipos=residencial-venta&area=df&pos=35,29782616.0,4290000.0,"Venta de departamento en Municipio Libre, Colonia Santa Cruz Atoyac, C.P. 03310",Departamento,,Santa Cruz Atoyac,Desconocida,3310.0,2.0,2.0,78.0,1.0,7.0,[],45020.0,,,2025-11-30 09:10:43
https://propiedades.com/inmuebles/departamento-en-venta-avenida-guillermo-prieto-miguel-hidalgo-df-29906881#pagina=13&tipos=residencial-venta&area=df&pos=10,29933705.0,1837000.0,"Se vende departamento en Avenida Guillermo Prieto, Colonia Miguel Hidalgo, C.P. 13200",Departamento,,Miguel Hidalgo,Miguel Hidalgo,13200.0,2.0,1.0,,,1.0,[],16340.0,19.4157,-99.213688,2025-11-30 09:10:58
https://propiedades.com/inmuebles/casa-en-venta-desierto-de-los-leones-01864-cdmx-san-bartolo-ameyalco-df-30352535#pagina=31&tipos=residencial-venta&area=df&pos=13,29412700.0,21900000.0,"Se vende casa Desierto de Los Leones, 01864 CDMX, Colonia San Bartolo Ameyalco, C.P. 01800",Casa,,San Bartolo Ameyalco,Milpa Alta,1864.0,4.0,4.0,543.0,8.0,9.0,"['Cisterna', 'Telefonía', 'Aire acondicionado']",19020.0,19.191609,-99.023376,2025-11-30 09:11:15
https://propiedades.com/inmuebles/departamento-en-venta-suiza-san-jeronimo-aculco-ciudad-de-mexico-cdmx-san-jeronimo-aculco-df-30291339#pagina=8&tipos=residencial-venta&area=df&pos=13,29971601.0,7500000.0,"Venta de departamento Suiza, San Jerónimo Aculco, Ciudad de México, CDMX, Colonia San Jerónimo Aculco, C.P. 01904",Departamento,"San Jerónimo Aculco, Ciudad de México",San Jerónimo Aculco,La Magdalena Contreras,1904.0,3.0,2.0,,2.0,1.0,"['Cisterna', 'Telefonía']",39780.0,19.33004,-99.212381,2025-11-30 09:11:32
https://propiedades.com/inmuebles/departamento-en-venta-lomas-de-san-pedro-3a-cda-de-prol-juarez-las-tinajas-cuajimalpa-de-morelos-05370-ciudad-d-131-las-tinajas-df-30352797#pagina=34&tipos=residencial-venta&area=df&pos=2,30569713.0,4077070.0,"Venta de departamento en Lomas de San Pedro, 3a. Cda. de Prol. Juárez, Las Tinajas, Cuajimalpa de Morelos, 05370 Ciudad d #131, Colonia Las Tinajas, C.P. 05370",Departamento,"Granjas Palo Alto, Ciudad de México",Las Tinajas,Cuajimalpa,5370.0,3.0,2.0,60.0,1.0,,['Telefonía'],49470.0,19.352858,-99.28542,2025-11-30 09:11:48
https://propiedades.com/inmuebles/departamento-en-venta-av-p-de-la-reforma-439-cuauhtemoc-06500-ciudad-de-mexico-cdmx-439-cuauhtemoc-df-30400335#pagina=34&tipos=residencial-venta&area=df&pos=16,30528099.0,39161600.0,"Se vende departamento en Av. P.º de la Reforma 439, Cuauhtémoc, 06500 Ciudad de México, CDMX #439, Colonia Cuauhtémoc, C.P. 06500",Departamento,Avenida P.º de la Reforma 439,Cuauhtémoc,Cuauhtémoc,6500.0,3.0,2.0,,2.0,,[],60120.0,19.425803,-99.172388,2025-11-30 09:12:26
https://propiedades.com/inmuebles/departamento-en-venta-calle-zacahuitzco-carmen-ciudad-de-mexico-cdmx-del-carmen-df-30440202#pagina=25&tipos=residencial-venta&area=df&pos=32,30517404.0,3000000.0,"Departamento en venta, Calle Zacahuitzco, Carmen, Ciudad de México, CDMX, Colonia Del Carmen, C.P. 03540",Departamento,"Carmen, Ciudad de México",Del Carmen,Desconocida,3540.0,2.0,1.0,68.0,2.0,7.0,[],38910.0,,,2025-11-30 09:12:42
https://propiedades.com/inmuebles/departamento-en-venta-pedregal-2-la-magdalena-contreras-10710-ciudad-de-mexico-cdmx-santa-teresa-df-30554165#pagina=12&tipos=residencial-venta&area=df&pos=30,30407288.0,5800000.0,"Departamento disponible en venta en Pedregal 2, La Magdalena Contreras, 10710 Ciudad de México, CDMX, Colonia Santa Teresa, C.P. 10710",Departamento,Pedregal 2,Santa Teresa,Magdalena Contreras,10710.0,3.0,2.0,143.0,2.0,45.0,['Telefonía'],39610.0,19.303334,-99.232518,2025-11-30 09:12:55
https://propiedades.com/inmuebles/casa-en-venta-fuente-de-la-luna-sn-fuentes-del-pedregal-df-30290617#pagina=3&tipos=residencial-venta&area=df&pos=43,30388403.0,17000000.0,"Venta casa en fuente de la luna #s/n, Colonia Fuentes del Pedregal, C.P. 14140",Casa,Fuente de la Luna #s/n,Fuentes del Pedregal,Desconocida,14140.0,5.0,5.0,533.0,4.0,11.0,['Cisterna'],27820.0,,,2025-11-30 09:13:09
https://propiedades.com/inmuebles/casa-en-venta-fujiyama-aguilas-01710-ciudad-de-mexico-cdmx-ampliacion-alpes-df-30363468#pagina=29&tipos=residencial-venta&area=df&pos=47,27503898.0,12500000.0,"Casa disponible en venta en Fujiyama, Águilas, 01710 Ciudad de México, CDMX, Colonia Ampliación Alpes, C.P. 01710",Casa,Fujiyama,Ampliación Alpes,Desconocida,1710.0,3.0,3.0,,5.0,3.0,"['Cisterna', 'Telefonía']",40690.0,,,2025-11-30 09:13:24
https://propiedades.com/inmuebles/casa-en-condominio-en-venta-desierto-de-los-leones-5228-tetelpan-alvaro-obregon-01700-ciudad-de-mexico-cdmx-5228-la-joyita-del-pueblo-tetelpan-df-30531348#pagina=6&tipos=residencial-venta&area=df&pos=37,30464901.0,12750000.0,"Casa en condominio disponible en venta en Desierto de los Leones 5228, Tetelpan, Álvaro Obregón, 01700 Ciudad de México, CDMX #5228, Colonia La Joyita del Pueblo Tetelpan, C.P. 01700",Casa,Condominio Disponible en Venta en Desierto de los Leones 5228,La Joyita del Pueblo Tetelpan,Álvaro Obregón,1700.0,3.0,3.0,,,32.0,['Cisterna'],,19.390652,-99.195242,2025-11-30 09:13:48
https://propiedades.com/inmuebles/departamento-en-venta-av-republicas-37-portales-oriente-benito-juarez-03570-ciudad-de-mexico-cdmx-37-portales-oriente-df-30519025#pagina=24&tipos=residencial-venta&area=df&pos=41,30517687.0,4090000.0,"Venta departamento en Av. Repúblicas 37, Portales Oriente, Benito Juárez, 03570 Ciudad de México, CDMX #37, Colonia Portales Oriente, C.P. 03570",Departamento,Avenida Repúblicas 37,Portales Oriente,Benito Juárez,3570.0,2.0,1.0,56.0,1.0,5.0,['Cisterna'],41970.0,19.363423,-99.146473,2025-11-30 09:14:04
https://propiedades.com/inmuebles/departamento-en-venta-antonio-plaza-algarin-df-28867978#pagina=28&tipos=residencial-venta&area=df&pos=37,30576670.0,3385000.0,"Departamento en venta, Antonio Plaza, Colonia Algarin, C.P. 06880",Departamento,Venta,Algarin,Desconocida,6880.0,3.0,2.0,70.0,1.0,,[],37250.0,,,2025-11-30 09:14:17
https://propiedades.com/inmuebles/departamento-en-venta-ocaso-27-insurgentes-cuicuilco-coyoacan-04530-ciudad-de-mexico-cdmx-27-insurgentes-cuicuilco-df-30358350#pagina=7&tipos=residencial-venta&area=df&pos=46,29726642.0,4100000.0,"Departamento en venta disponible en Ocaso 27, Insurgentes Cuicuilco, Coyoacán, 04530 Ciudad de México, CDMX #27, Colonia Insurgentes Cuicuilco, C.P. 04530",Departamento,Disponible en Ocaso 27,Insurgentes Cuicuilco,Coyoacán,4530.0,3.0,2.0,,,28.0,['Cisterna'],32220.0,19.303295,-99.185039,2025-11-30 09:14:33
https://propiedades.com/inmuebles/casa-en-venta-castanos-bosque-de-las-lomas-df-30339169#pagina=26&tipos=residencial-venta&area=df&pos=37,28944749.0,19900000.0,"Venta de casa CASTAÑOS, Colonia Bosque de las Lomas, C.P. 11700",Casa,,Bosque de las Lomas,Cuajimalpa,11700.0,3.0,3.0,,,8.0,"['Cisterna', 'Telefonía']",42970.0,19.400533,-99.240839,2025-11-30 09:14:48
https://propiedades.com/inmuebles/departamento-en-venta-avenida-cafetales-1809-1809-haciendas-de-coyoacan-df-30180617#pagina=11&tipos=residencial-venta&area=df&pos=47,28136093.0,4800000.0,"Se vende departamento en Avenida Cafetales 1809 #1809, Colonia Haciendas de Coyoacán, C.P. 04970",Departamento,Avenida Cafetales 1809 #1809,Haciendas de Coyoacán,Coyoacán,4970.0,4.0,3.0,,,45.0,['Cisterna'],18040.0,19.349861,-99.161975,2025-11-30 09:15:31
https://propiedades.com/inmuebles/departamento-en-venta-obrero-mundial-sn-alamos-df-30187003#pagina=33&tipos=residencial-venta&area=df&pos=38,30537149.0,2390000.0,"Venta de departamento en Obrero Mundial #s/n, Colonia Álamos, C.P. 03400",Departamento,Obrero Mundial #s/n,Álamos,Benito Juárez,3400.0,1.0,1.0,58.0,,1.0,['Cisterna'],38920.0,19.40255,-99.141064,2025-11-30 09:15:46
https://propiedades.com/inmuebles/departamento-en-venta-calzada-desierto-de-los-leones-lomas-de-san-angel-inn-df-27472360#pagina=22&tipos=residencial-venta&area=df&pos=19,29334354.0,6850000.0,"Venta de departamento en CALZADA DESIERTO DE LOS LEONES, Colonia Lomas de San Ángel Inn, C.P. 01790",Departamento,Calzada Desierto DE LOS Leones,Lomas de San Ángel Inn,Álvaro Obregón,1790.0,3.0,2.0,0.0,1.0,32.0,[],48740.0,19.347249,-99.201989,2025-11-30 09:16:00
https://propiedades.com/inmuebles/departamento-en-venta-americas-unidas-df-30555968#pagina=24&tipos=residencial-venta&area=df&pos=19,30201959.0,3818000.0,"Venta de departamento en , Colonia Américas Unidas, C.P. 03610",Departamento,,Américas Unidas,Benito Juárez,3610.0,2.0,2.0,70.0,1.0,8.0,[],31620.0,19.382511,-99.141911,2025-11-30 09:16:17
https://propiedades.com/inmuebles/casa-en-venta-c-p-de-las-lilas-bosques-de-las-lomas-ciudad-de-mexico-cdmx-lomas-de-bezares-df-30308915#pagina=32&tipos=residencial-venta&area=df&pos=6,27503810.0,33000000.0,"Se vende casa C. P.º de Las Lilas, Bosques de las Lomas, Ciudad de México, CDMX, Colonia Lomas de Bezares, C.P. 11910",Casa,"Bosques de las Lomas, Ciudad de México",Lomas de Bezares,Desconocida,11910.0,3.0,3.0,950.0,5.0,4.0,"['Cisterna', 'Telefonía']",47970.0,,,2025-11-30 09:16:34
https://propiedades.com/inmuebles/departamento-en-venta-londres-juarez-06600-ciudad-de-mexico-cdmx-juarez-df-30537158#pagina=26&tipos=residencial-venta&area=df&pos=39,30073088.0,8100000.0,"Departamento disponible en venta en Londres, Juárez, 06600 Ciudad de México, CDMX, Colonia Juárez, C.P. 06600",Departamento,Londres,Juárez,Cuauhtémoc,6600.0,5.0,2.0,155.0,1.0,,['Cisterna'],56650.0,19.426384,-99.162048,2025-11-30 09:16:49
https://propiedades.com/inmuebles/departamento-en-venta-gutierrez-zamora-sn-las-aguilas-df-30054045#pagina=12&tipos=residencial-venta&area=df&pos=46,30351677.0,5800000.0,"Se vende departamento Gutiérrez Zamora #s/n, Colonia Las Águilas, C.P. 01048",Departamento,,Las Águilas,Desconocida,1048.0,2.0,2.0,,1.0,,[],51170.0,,,2025-11-30 09:17:05
https://propiedades.com/inmuebles/departamento-en-venta-loma-del-jaguey-bosques-de-las-lomas-df-30514360#pagina=16&tipos=residencial-venta&area=df&pos=35,29367861.0,32000000.0,"Departamento disponible en venta en Loma del Jagüey, Colonia Bosques de las Lomas, C.P. 05120",Departamento,,Bosques de las Lomas,Cuajimalpa,5120.0,3.0,3.0,0.0,3.0,5.0,[],46010.0,19.388115,-99.251801,2025-11-30 09:17:20
https://propiedades.com/inmuebles/departamento-en-venta-palacio-de-versalles-lomas-de-reforma-df-29252873#pagina=4&tipos=residencial-venta&area=df&pos=18,29346964.0,7990000.0,"Se vende departamento en Palacio de Versalles, Colonia Lomas de Reforma, C.P. 11930",Departamento,Palacio de Versalles,Lomas de Reforma,Desconocida,11930.0,2.0,2.0,0.0,2.0,,[],73780.0,,,2025-11-30 09:17:36
https://propiedades.com/inmuebles/departamento-en-venta-jose-maria-olloqui-del-valle-sur-df-30542803#pagina=15&tipos=residencial-venta&area=df&pos=4,28602240.0,6500000.0,"Venta de departamento en José María Olloqui, Colonia Del Valle Sur, C.P. 03104",Departamento,José María Olloqui,Del Valle Sur,Benito Juárez,3104.0,3.0,2.0,0.0,2.0,24.0,[],42630.0,19.389128,-99.175683,2025-11-30 09:17:53
https://propiedades.com/inmuebles/departamento-en-venta-anillo-periferico-3580-3580-jardines-del-pedregal-df-27130504#pagina=3&tipos=residencial-venta&area=df&pos=27,30505584.0,6500000.0,"Venta de departamento en Anillo Periferico 3580 #3580, Colonia Jardines del Pedregal, C.P. 01900",Departamento,Anillo Periferico 3580 #3580,Jardines del Pedregal,Tlalpan,1900.0,2.0,2.0,78.0,1.0,2.0,['Cisterna'],47970.0,19.305088,-99.203163,2025-11-30 09:18:23
https://propiedades.com/inmuebles/departamento-en-venta-cruz-del-farol-69-cruz-del-farol-tlalpan-14250-ciudad-de-mexico-cdmx-69-miguel-hidalgo-4a-seccion-df-30439968#pagina=6&tipos=residencial-venta&area=df&pos=38,30569710.0,2535900.0,"Se vende departamento Cruz del Farol 69, Cruz del Farol, Tlalpan, 14250 Ciudad de México, CDMX #69, Colonia Miguel Hidalgo 4A Sección, C.P. 14250",Departamento,,Miguel Hidalgo Iv Sección,Miguel Hidalgo,14250.0,3.0,2.0,90.0,1.0,13.0,[],25750.0,19.431891,-99.194951,2025-11-30 09:18:39
https://propiedades.com/inmuebles/casa-en-venta-c-san-diego-11-san-bartolo-ameyalco-alvaro-obregon-01800-ciudad-de-mexico-cdmx-11-san-bartolo-ameyalco-df-30505365#pagina=25&tipos=residencial-venta&area=df&pos=17,,5000000.0,"Venta de casa C. San Diego 11, San Bartolo Ameyalco, Álvaro Obregón, 01800 Ciudad de México, CDMX #11, Colonia San Bartolo Ameyalco, C.P. 01800",Casa,,San Bartolo Ameyalco,Milpa Alta,1800.0,4.0,1.0,,,1.0,[],19020.0,19.191609,-99.023376,2025-11-30 09:18:54
https://propiedades.com/inmuebles/departamento-en-venta-rio-guadalquivir-31-cuauhtemoc-06500-ciudad-de-mexico-cdmx-31-cuauhtemoc-df-30553864#pagina=28&tipos=residencial-venta&area=df&pos=29,30521402.0,6942835.0,"Se vende departamento en Río Guadalquivir 31, Cuauhtémoc, 06500 Ciudad de México, CDMX #31, Colonia Cuauhtémoc, C.P. 06500",Departamento,Río Guadalquivir 31,Cuauhtémoc,Cuauhtémoc,6500.0,2.0,2.0,5.0,1.0,1.0,[],60120.0,19.429174,-99.170416,2025-11-30 09:19:08
https://propiedades.com/inmuebles/departamento-en-venta-coahuila-roma-sur-df-29922415#pagina=4&tipos=residencial-venta&area=df&pos=25,29714655.0,5608750.0,"Se vende departamento en Coahuila, Colonia Roma Sur, C.P. 06760",Departamento,Coahuila,Roma Sur,Cuauhtémoc,6760.0,2.0,2.0,70.0,,,[],54490.0,19.405833,-99.163304,2025-11-30 09:19:21
https://propiedades.com/inmuebles/departamento-en-venta-oaxaca-roma-norte-roma-norte-df-16183008#pagina=18&tipos=residencial-venta&area=df&pos=19,28519493.0,8530000.0,"Departamento disponible en venta en OAXACA, ROMA NORTE, Colonia Roma Norte, C.P. 06700",Departamento,Oaxaca,Roma Norte,Cuauhtémoc,6700.0,2.0,2.0,5.0,5.0,,[],54490.0,19.419052,-99.167255,2025-11-30 09:19:39
https://propiedades.com/inmuebles/departamento-en-venta-cumbres-de-maltrata-423-narvarte-oriente-benito-juarez-03023-ciudad-de-mexico-cdmx-423-narvarte-oriente-df-30517055#pagina=7&tipos=residencial-venta&area=df&pos=20,29766602.0,3900000.0,"Venta departamento en Cumbres de Maltrata 423, Narvarte Oriente, Benito Juárez, 03023 Ciudad de México, CDMX #423, Colonia Narvarte Oriente, C.P. 03023",Departamento,Cumbres de Maltrata 423,Narvarte Oriente,Benito Juárez,3023.0,2.0,2.0,78.0,2.0,10.0,['Cisterna'],41310.0,19.3941,-99.153824,2025-11-30 09:19:54
https://propiedades.com/inmuebles/casa-en-venta-rio-niagara-10-cuauhtemoc-06500-ciudad-de-mexico-cdmx-10-cuauhtemoc-df-30467549#pagina=33&tipos=residencial-venta&area=df&pos=43,30456868.0,4900000.0,"Venta de casa Río Niagara 10, Cuauhtémoc, 06500 Ciudad de México, CDMX #10, Colonia Cuauhtémoc, C.P. 06500",Casa,,Cuauhtémoc,Cuauhtémoc,6500.0,2.0,1.0,53.0,1.0,,[],41580.0,19.43263,-99.133178,2025-11-30 09:20:08
https://propiedades.com/inmuebles/departamento-en-venta-revolucion-santa-maria-nonoalco-df-29928966#pagina=21&tipos=residencial-venta&area=df&pos=30,27483939.0,6180000.0,"Se vende departamento en Revolución, Colonia Santa Maria Nonoalco, C.P. 03700",Departamento,"Nonoalco, Ciudad de México",Santa Maria Nonoalco,Desconocida,3700.0,2.0,3.0,142.0,2.0,,[],43230.0,,,2025-11-30 09:20:23
https://propiedades.com/inmuebles/departamento-en-venta-avenida-extremadura-36-36-insurgentes-mixcoac-df-29822990#pagina=6&tipos=residencial-venta&area=df&pos=28,27477468.0,3990000.0,"Se vende departamento Avenida Extremadura 36 #36, Colonia Insurgentes Mixcoac, C.P. 03920",Departamento,,Insurgentes Mixcoac,Benito Juárez,3920.0,1.0,2.0,61.0,2.0,,['Cisterna'],47820.0,19.372323,-99.183668,2025-11-30 09:20:42
https://propiedades.com/inmuebles/departamento-en-venta-huatusco-roma-sur-df-30481572#pagina=17&tipos=residencial-venta&area=df&pos=2,28023464.0,6900000.0,"Departamento disponible en venta en Huatusco, Colonia Roma Sur, C.P. 06760",Departamento,calle cerrada,Roma Sur,Cuauhtémoc,6760.0,1.0,2.0,0.0,2.0,50.0,[],54490.0,19.405833,-99.163304,2025-11-30 09:22:27
https://propiedades.com/inmuebles/departamento-en-venta-granjas-cabrera-df-30397065#pagina=20&tipos=residencial-venta&area=df&pos=47,29759728.0,2180000.0,"Venta departamento en , Colonia Granjas Cabrera, C.P. 13230",Departamento,,Granjas Cabrera,Desconocida,13230.0,2.0,1.0,64.0,1.0,,[],12890.0,,,2025-11-30 09:22:43
https://propiedades.com/inmuebles/departamento-en-venta-calz-de-tlalpan-1535-portales-sur-benito-juarez-03300-ciudad-de-mexico-cdmx-1535-portales-sur-df-30396686#pagina=12&tipos=residencial-venta&area=df&pos=20,30361918.0,3599000.0,"Se vende departamento en Calz. de Tlalpan 1535, Portales Sur, Benito Juárez, 03300 Ciudad de México, CDMX #1535Int. 44, Colonia Portales Sur, C.P. 03300",Departamento,Calzada de Tlalpan 1535,Portales Sur,Benito Juárez,3300.0,2.0,1.0,43.0,1.0,6.0,[],41970.0,19.367133,-99.142193,2025-11-30 09:22:57
https://propiedades.com/inmuebles/departamento-en-venta-av-mexico-coyoacan-321-xoco-df-28592269#pagina=5&tipos=residencial-venta&area=df&pos=47,26922312.0,6295000.0,"Se vende departamento Av. Mexico. Coyoacan. #321Int. 10, Colonia Xoco, C.P. 03330",Departamento,"Benito Juárez, Ciudad de México",Xoco,Desconocida,3330.0,3.0,2.0,120.0,,6.0,"['Cisterna', 'Telefonía', 'Aire acondicionado']",51810.0,,,2025-11-30 09:23:13
https://propiedades.com/inmuebles/casa-en-venta-blvd-adolfo-lopez-mateos-1888-los-alpes-alvaro-obregon-01010-ciudad-de-mexico-cdmx-1888-los-alpes-df-30400295#pagina=34&tipos=residencial-venta&area=df&pos=8,30477370.0,4493520.0,"Se vende casa en Blvd. Adolfo López Mateos 1888, Los Alpes, Álvaro Obregón, 01010 Ciudad de México, CDMX #1888, Colonia Los Alpes, C.P. 01010",Casa,Blvd. Adolfo López Mateos 1888,Los Alpes,Álvaro Obregón,1010.0,3.0,1.0,,1.0,,[],41810.0,19.359324,-99.193178,2025-11-30 09:23:31
https://propiedades.com/inmuebles/departamento-en-venta-lago-andromaco-53-amp-granada-miguel-hidalgo-11529-ciudad-de-mexico-cdmx-sn-ampliacion-granada-df-30432627#pagina=35&tipos=residencial-venta&area=df&pos=29,30427499.0,5190000.0,"Departamento disponible en venta en Lago Andromaco 53, Amp Granada, Miguel Hidalgo, 11529 Ciudad de México, CDMX #s/n, Colonia Ampliación Granada, C.P. 11529",Departamento,Lago Andromaco 53,Ampliación Granada,Miguel Hidalgo,11529.0,2.0,1.0,72.0,1.0,,[],65250.0,19.443458,-99.201816,2025-11-30 09:23:47
https://propiedades.com/inmuebles/departamento-en-venta-cdalago-erne-30-edif-w2-dep-2-reforma-pensil-miguel-hidalgo-ciudad-de-mexico-cdmx-cp-11440-reforma-pensil-df-29915588#pagina=2&tipos=residencial-venta&area=df&pos=26,30087432.0,1413000.0,"Se vende departamento Cda.lago Erne 30, Edif W2, Dep 2, Reforma Pensil, Miguel Hidalgo, Ciudad de México, CDMX, C.p 11440., Colonia Reforma Pensil, C.P. 11440",Departamento,"Miguel Hidalgo, Ciudad de México",Reforma Pensil,Miguel Hidalgo,11440.0,2.0,1.0,,0.0,36.0,[],12940.0,19.448592,-99.193172,2025-11-30 09:24:02
https://propiedades.com/inmuebles/departamento-en-venta-garibaldilagunilla-lagunilla-centro-cuauhtemoc-06010-ciudad-de-mexico-cdmx-centro-area-2-df-30544424#pagina=26&tipos=residencial-venta&area=df&pos=7,,1351975.0,"Se vende departamento Garibaldi/Lagunilla, Lagunilla, Centro, Cuauhtémoc, 06010 Ciudad de México, CDMX, Colonia Centro (Área 2), C.P. 06010",Departamento,,Centro (área 2),Cuauhtémoc,6010.0,1.0,1.0,,,50.0,[],36970.0,19.432448,-99.13609,2025-11-30 09:24:19
https://propiedades.com/inmuebles/casa-en-condominio-en-venta-c-hermenegildo-galeana-11-san-jeronimo-lidice-la-magdalena-contreras-02860-ciudad-de-mexico-cdm-11-san-jeronimo-lidice-df-30241855#pagina=13&tipos=residencial-venta&area=df&pos=31,29299997.0,9800000.0,"Casa en condominio disponible en venta en C. Hermenegildo Galeana 11, San Jerónimo Lídice, La Magdalena Contreras, 02860 Ciudad de México, CDM #11, Colonia San Jerónimo Lídice, C.P. 10200",Casa,Condominio Disponible en Venta en C. Hermenegildo Galeana 11,San Jerónimo Lídice,La Magdalena Contreras,2860.0,3.0,2.0,327.0,3.0,30.0,['Telefonía'],,19.326719,-99.22256,2025-11-30 09:24:30
https://propiedades.com/inmuebles/casa-en-venta-rancho-san-francisco-rancho-san-francisco-pueblo-san-bartolo-ameyalco-df-28819481#pagina=20&tipos=residencial-venta&area=df&pos=21,26679651.0,60000000.0,"Venta de casa RANCHO SAN FRANCISCO, Colonia Rancho San Francisco Pueblo San Bartolo Ameyalco, C.P. 01807",Casa,calle lo que la hace,Rancho San Francisco Pueblo San Bartolo Ameyalco,Milpa Alta,1807.0,6.0,6.0,0.0,,10.0,[],28950.0,19.191609,-99.023376,2025-11-30 09:24:45
https://propiedades.com/inmuebles/casa-en-venta-av-tlahuac-1577-uh-mirasoles-iztapalapa-09790-ciudad-de-mexico-cdmx-sn-los-mirasoles-df-30528249#pagina=30&tipos=residencial-venta&area=df&pos=9,29418201.0,1700000.0,"Venta de casa en Av. Tlahuac 1577, UH mirasoles, Iztapalapa, 09790 Ciudad de México, CDMX #s/n, Colonia Los Mirasoles, C.P. 09910",Casa,Avenida Tlahuac 1577,Los Mirasoles,Iztapalapa,9790.0,2.0,1.0,,,15.0,['Telefonía'],27600.0,19.30774,-99.08331,2025-11-30 09:25:14
https://propiedades.com/inmuebles/departamento-en-venta-guadalupe-insurgentes-df-30425321#pagina=16&tipos=residencial-venta&area=df&pos=20,29709199.0,3000000.0,"Venta de departamento , Colonia Guadalupe Insurgentes, C.P. 07870",Departamento,,Guadalupe Insurgentes,Desconocida,7870.0,2.0,2.0,65.0,1.0,,[],30810.0,,,2025-11-30 09:25:29
https://propiedades.com/inmuebles/departamento-en-venta-penthouse-con-roof-privado-y-terraza-en-roma-norte-roma-norte-df-30389933#pagina=6&tipos=residencial-venta&area=df&pos=3,28558471.0,15900000.0,"Se vende departamento PENTHOUSE CON ROOF PRIVADO Y TERRAZA EN ROMA NORTE, Colonia Roma Norte, C.P. 06700",Departamento,,Roma Norte,Cuauhtémoc,6700.0,2.0,2.0,220.0,2.0,1.0,['Cisterna'],54490.0,19.418323,-99.162565,2025-11-30 09:25:45
https://propiedades.com/inmuebles/departamento-en-venta-av-marina-nacional-237-anahuac-i-seccion-df-28709785#pagina=14&tipos=residencial-venta&area=df&pos=23,30509083.0,3347000.0,"Venta de departamento Av Marina Nacional #237, Colonia Anahuac I Sección, C.P. 11320",Departamento,,Anahuac I Sección,Miguel Hidalgo,11320.0,2.0,2.0,,1.0,4.0,['Cisterna'],39760.0,19.407116,-99.190617,2025-11-30 09:26:03
https://propiedades.com/inmuebles/departamento-en-venta-popocatepetl-santa-cruz-atoyac-df-29782616#pagina=4&tipos=residencial-venta&area=df&pos=31,27693303.0,4450000.0,"Se vende departamento Popocatepetl, Colonia Santa Cruz Atoyac, C.P. 03310",Departamento,,Santa Cruz Atoyac,Desconocida,3310.0,2.0,2.0,78.0,1.0,,[],45020.0,,,2025-11-30 09:26:19
https://propiedades.com/inmuebles/casa-en-venta-chiapas-roma-norte-df-29108286#pagina=26&tipos=residencial-venta&area=df&pos=2,,60000000.0,"Casa disponible en venta en Chiapas, Colonia Roma Norte, C.P. 06700",Casa,calle Chiapas en la Roma Norte. H4 - 20,Roma Norte,Cuauhtémoc,6700.0,4.0,2.0,,,95.0,[],43720.0,19.418323,-99.162565,2025-11-30 09:26:35
https://propiedades.com/inmuebles/departamento-en-venta-av-oceania-200-romero-rubio-venustiano-carranza-15400-ciudad-de-mexico-cdmx-200-romero-rubio-df-30407213#pagina=31&tipos=residencial-venta&area=df&pos=42,30304202.0,2747600.0,"Venta de departamento Av Oceanía 200, Romero Rubio, Venustiano Carranza, 15400 Ciudad de México, CDMX #200, Colonia Romero Rubio, C.P. 15400",Departamento,,Romero Rubio,Venustiano Carranza,15400.0,2.0,1.0,54.0,1.0,,[],16180.0,19.440794,-99.094385,2025-11-30 09:26:51
https://propiedades.com/inmuebles/departamento-en-venta-antillas-portales-sur-df-30473675#pagina=26&tipos=residencial-venta&area=df&pos=30,28909306.0,4462908.0,"Venta de departamento Antillas, Colonia Portales Sur, C.P. 03300",Departamento,,Portales Sur,Benito Juárez,3300.0,2.0,2.0,4.0,1.0,1.0,[],41970.0,19.361694,-99.148914,2025-11-30 09:27:06
https://propiedades.com/inmuebles/departamento-en-venta-san-francisco-xocotitla-del-gas-df-11930149#pagina=26&tipos=residencial-venta&area=df&pos=23,29790788.0,2900000.0,"Venta departamento en San Francisco Xocotitla, Colonia Del Gas, C.P. 02950",Departamento,,Del Gas,Desconocida,2950.0,2.0,2.0,65.0,2.0,5.0,[],36710.0,,,2025-11-30 09:27:22
https://propiedades.com/inmuebles/departamento-en-venta-blvd-miguel-de-cervantes-saavedra-granada-ciudad-de-mexico-cdmx-388-granada-df-30464650#pagina=6&tipos=residencial-venta&area=df&pos=2,30378668.0,8690000.0,"Venta de departamento Blvd. Miguel de Cervantes Saavedra, Granada, Ciudad de México, CDMX #388Int. T2 904, Colonia Granada, C.P. 11520",Departamento,"Granada, Ciudad de México",Granada,Desconocida,11520.0,2.0,2.0,126.0,,10.0,['Cisterna'],65250.0,,,2025-11-30 09:27:37
https://propiedades.com/inmuebles/casa-en-venta-pedro-de-alba-villa-de-cortes-df-30300994#pagina=18&tipos=residencial-venta&area=df&pos=3,30555987.0,8650000.0,"Se vende casa en Pedro de Alba, Colonia Villa de Cortes, C.P. 03530",Casa,Pedro de Alba,Villa de Cortes,Desconocida,3530.0,3.0,2.0,180.0,2.0,,[],12570.0,,,2025-11-30 09:28:23
https://propiedades.com/inmuebles/departamento-en-venta-ciudad-de-los-deportes-df-29958078#pagina=24&tipos=residencial-venta&area=df&pos=38,27562140.0,4618000.0,"Se vende departamento en , Colonia Ciudad de los Deportes, C.P. 03710",Departamento,,Ciudad de los Deportes,Benito Juárez,3710.0,2.0,2.0,0.0,1.0,,[],45250.0,19.382422,-99.17616,2025-11-30 09:28:42
https://propiedades.com/inmuebles/casa-en-venta-gral-arnulfo-r-gomez-amp-caracol-15650-ciudad-de-mexico-cdmx-sn-ampliacion-caracol-df-30537325#pagina=35&tipos=residencial-venta&area=df&pos=23,27323258.0,1800000.0,"Casa en venta disponible en Gral. Arnulfo R. Gómez, Amp Caracol, 15650 Ciudad de México, CDMX #s/n, Colonia Ampliación Caracol, C.P. 15650",Casa,Disponible en Gral. Arnulfo R. Gómez,Ampliación Caracol,Desconocida,15650.0,6.0,2.0,,1.0,13.0,[],9840.0,,,2025-11-30 09:28:59
https://propiedades.com/inmuebles/departamento-en-venta-la-morena-narvarte-poniente-df-27924990#pagina=25&tipos=residencial-venta&area=df&pos=1,27924996.0,8760000.0,"Venta departamento en La Morena, Colonia Narvarte Poniente, C.P. 03020",Departamento,,Narvarte Poniente,Benito Juárez,3020.0,1.0,2.0,116.0,2.0,,[],41310.0,19.392226,-99.157707,2025-11-30 09:29:15
https://propiedades.com/inmuebles/departamento-en-venta-prol-p-de-la-reforma-zedec-sta-fe-ciudad-de-mexico-cdmx-355-san-gabriel-df-30532946#pagina=35&tipos=residencial-venta&area=df&pos=22,30327541.0,3900000.0,"Venta de departamento en Prol. P.º de la Reforma, Zedec Sta Fé, Ciudad de México, CDMX #355, Colonia San Gabriel, C.P. 01310",Departamento,"Zedec Sta Fé, Ciudad de México",San Gabriel,Desconocida,1310.0,2.0,1.0,74.0,1.0,9.0,['Cisterna'],50300.0,,,2025-11-30 09:29:32
https://propiedades.com/inmuebles/departamento-en-venta-prolongacion-paseo-de-la-reforma-49-santa-fe-df-30225017#pagina=13&tipos=residencial-venta&area=df&pos=35,30591277.0,4000000.0,"Venta de departamento Prolongación Paseo de la Reforma #49, Colonia Santa Fe, C.P. 01376",Departamento,,Santa Fe,Álvaro Obregón,1376.0,1.0,2.0,70.0,1.0,8.0,[],51660.0,19.383964,-99.235094,2025-11-30 09:30:00
https://propiedades.com/inmuebles/departamento-en-venta-avenida-rio-churubusco-601-601-xoco-df-29243539#pagina=5&tipos=residencial-venta&area=df&pos=45,29428161.0,29000000.0,"Venta departamento en Avenida Río Churubusco 601 #601Int. 64, Colonia Xoco, C.P. 03330",Departamento,Avenida Río Churubusco 601 #601Int. 64,Xoco,Desconocida,3330.0,3.0,5.0,248.0,2.0,1.0,"['Cisterna', 'Telefonía', 'Aire acondicionado']",51810.0,,,2025-11-30 09:30:17
https://propiedades.com/inmuebles/casa-en-condominio-en-venta-av-toluca-911-olivar-de-los-padres-alvaro-obregon-01780-ciudad-de-mexico-cdmx-911-olivar-de-los-padres-df-30372292#pagina=14&tipos=residencial-venta&area=df&pos=13,25998285.0,11500000.0,"Casa en condominio en venta, Av Toluca 911, Olivar de los padres, Álvaro Obregón, 01780 Ciudad de México, CDMX #911Int. B 20, Colonia Olivar de los Padres, C.P. 01780",Casa,Condominio en Venta,Olivar de los Padres,Álvaro Obregón,1780.0,3.0,2.0,,,18.0,['Cisterna'],,19.337409,-99.219657,2025-11-30 09:30:33
https://propiedades.com/inmuebles/departamento-en-venta-lago-alberto-ahuehuetes-anahuac-df-30542634#pagina=18&tipos=residencial-venta&area=df&pos=28,28832871.0,8500000.0,"Departamento en venta disponible en Lago Alberto, Colonia Ahuehuetes Anahuac, C.P. 11450",Departamento,Disponible en Lago Alberto,Ahuehuetes Anahuac,Miguel Hidalgo,11450.0,2.0,2.0,49.0,5.0,,[],44270.0,19.449449,-99.189363,2025-11-30 09:30:48
https://propiedades.com/inmuebles/departamento-en-venta-monterrey-roma-sur-df-29382229#pagina=4&tipos=residencial-venta&area=df&pos=21,30560891.0,5561676.0,"Venta de departamento en Monterrey, Colonia Roma Sur, C.P. 06760",Departamento,Monterrey,Roma Sur,Cuauhtémoc,6760.0,1.0,1.0,52.0,,,[],54490.0,19.414367,-99.162995,2025-11-30 09:31:03
https://propiedades.com/inmuebles/casa-en-condominio-en-venta-ahuatenco-145-cuajimalpa-df-28649315#pagina=3&tipos=residencial-venta&area=df&pos=15,28276965.0,8500000.0,"Venta de casa en condominio en Ahuatenco #145, Colonia Cuajimalpa, C.P. 05000",Casa,Condominio en Ahuatenco #145,Cuajimalpa,Cuajimalpa,5000.0,3.0,4.0,,2.0,7.0,"['Cisterna', 'Telefonía']",,19.357981,-99.278199,2025-11-30 09:31:34
https://propiedades.com/inmuebles/departamento-en-venta-av-secretaria-de-marina-58-lomas-del-chamizal-cuajimalpa-de-morelos-05129-ciudad-de-mexico-cdmx-58-lomas-del-chamizal-df-30467559#pagina=13&tipos=residencial-venta&area=df&pos=42,16152910.0,13650000.0,"Se vende departamento en Av. Secretaría de Marina 58, Lomas del Chamizal, Cuajimalpa de Morelos, 05129 Ciudad de México, CDMX #58Int. 704, Colonia Lomas del Chamizal, C.P. 05129",Departamento,Avenida Secretaría de Marina 58,Lomas del Chamizal,Cuajimalpa,5129.0,3.0,3.0,257.0,3.0,3.0,"['Telefonía', 'Aire acondicionado']",44330.0,19.384363,-99.266052,2025-11-30 09:31:51
https://propiedades.com/inmuebles/departamento-en-venta-calzada-san-juan-de-aragon-439-439-granjas-modernas-df-30048895#pagina=28&tipos=residencial-venta&area=df&pos=11,29685866.0,1650000.0,"Venta de departamento Calzada San Juan de Aragón 439 #439, Colonia Granjas Modernas, C.P. 07460",Departamento,"Popular Rastro, Ciudad de México",Granjas Modernas,Desconocida,7460.0,2.0,1.0,60.0,1.0,,[],25110.0,,,2025-11-30 09:32:05
https://propiedades.com/inmuebles/departamento-en-venta-av-canal-de-tezontle-los-picos-de-iztacalco-i-a-08770-ciudad-de-mexico-cdmx-sn-los-picos-de-iztacalco-seccion-1a-df-30547542#pagina=11&tipos=residencial-venta&area=df&pos=9,30386893.0,1690000.0,"Departamento en venta, Av. Canal de Tezontle, Los Picos de Iztacalco I A, 08770 Ciudad de México, CDMX #s/nInt. 1- A, Colonia Los Picos de Iztacalco Sección 1a, C.P. 08770",Departamento,Venta,Los Picos de Iztacalco Sección 1a,Iztacalco,8770.0,2.0,1.0,55.0,1.0,30.0,"['Cisterna', 'Telefonía']",9350.0,19.395745,-99.097453,2025-11-30 09:32:21
https://propiedades.com/inmuebles/departamento-en-venta-departamento-con-3-recamaras-en-roma-norte-roma-norte-df-29455014#pagina=3&tipos=residencial-venta&area=df&pos=10,30099504.0,9860000.0,"Departamento en venta disponible en DEPARTAMENTO CON 3 RECAMARAS EN ROMA NORTE , Colonia Roma Norte, C.P. 06700",Departamento,,Roma Norte,Cuauhtémoc,6700.0,3.0,2.0,133.0,1.0,1.0,['Cisterna'],54490.0,19.418323,-99.162565,2025-11-30 09:32:37
https://propiedades.com/inmuebles/casa-en-venta-canutillo-df-30546790#pagina=18&tipos=residencial-venta&area=df&pos=25,29840838.0,8700000.0,"Se vende casa , Colonia Canutillo, C.P. 01560",Casa,"alcaldía Álvaro Obregón, Ciudad de México",Canutillo,Desconocida,1560.0,4.0,3.0,4.0,3.0,28.0,[],26520.0,,,2025-11-30 09:32:53
https://propiedades.com/inmuebles/casa-en-venta-av-de-las-torres-28-miguel-hidalgo-2da-secc-tlalpan-14250-ciudad-de-mexico-cdmx-miguel-hidalgo-2a-seccion-df-30545600#pagina=8&tipos=residencial-venta&area=df&pos=31,28377571.0,4800000.0,"Se vende casa en Av. de Las Torres 28, Miguel Hidalgo 2da Secc, Tlalpan, 14250 Ciudad de México, CDMX, Colonia Miguel Hidalgo 2A Sección, C.P. 14250",Casa,Avenida de Las Torres 28,Miguel Hidalgo Ii Sección,Miguel Hidalgo,14250.0,3.0,2.0,,3.0,19.0,[],22190.0,19.284333,-99.189439,2025-11-30 09:33:09
https://propiedades.com/inmuebles/departamento-en-venta-seneca-polanco-ii-seccion-df-30217236#pagina=19&tipos=residencial-venta&area=df&pos=31,30544826.0,15000000.0,"Departamento en venta, Seneca, Colonia Polanco II Sección, C.P. 11530",Departamento,Venta,Polanco Ii Sección,Miguel Hidalgo,11530.0,2.0,2.0,210.0,2.0,19.0,[],84460.0,19.429379,-99.196393,2025-11-30 09:33:24
https://propiedades.com/inmuebles/departamento-en-venta-departamento-exclusivo-con-2-recamaras-en-roma-norte-roma-norte-df-28519493#pagina=3&tipos=residencial-venta&area=df&pos=23,28360264.0,8650000.0,"Departamento disponible en venta en DEPARTAMENTO EXCLUSIVO CON 2 RECAMARAS EN ROMA NORTE, Colonia Roma Norte, C.P. 06700",Departamento,Departamento Exclusivo CON 2 Recamaras EN Roma Norte,Roma Norte,Cuauhtémoc,6700.0,2.0,2.0,5.0,1.0,,['Cisterna'],54490.0,19.418323,-99.162565,2025-11-30 09:33:39
https://propiedades.com/inmuebles/departamento-en-venta-segunda-privada-de-morelos-san-pedro-xalpa-ciudad-de-mexico-cdmx-58-san-pedro-xalpa-df-30327860#pagina=8&tipos=residencial-venta&area=df&pos=21,30518728.0,3200000.0,"Venta de departamento Segunda Privada de Morelos, San Pedro Xalpa, Ciudad de México, CDMX #58Int. 201, Colonia San Pedro Xalpa, C.P. 02710",Departamento,"San Pedro Xalpa, Ciudad de México",San Pedro Xalpa,Azcapotzalco,2710.0,3.0,2.0,,,30.0,['Telefonía'],21260.0,19.484255,-99.215103,2025-11-30 09:33:56
https://propiedades.com/inmuebles/casa-en-venta-lomas-de-chapultepec-vii-seccion-df-26171479#pagina=19&tipos=residencial-venta&area=df&pos=39,26171480.0,3600000.0,"Se vende casa , Colonia Lomas de Chapultepec VII Sección, C.P. 11000",Casa,Calle amplia poco transitada.904 m2 de terreno y 860 m2 de construcción.Linda entrada con fuente y muro llorón.Increíble puerta antigua hindú,Lomas de Chapultepec VII Sección,Miguel Hidalgo,11000.0,4.0,3.0,400.0,,17.0,[],66430.0,19.407116,-99.190617,2025-11-30 09:34:52
https://propiedades.com/inmuebles/casa-en-venta-bosques-de-las-lomas-ciudad-de-mexico-cdmx-bosques-de-las-lomas-df-30555074#pagina=32&tipos=residencial-venta&area=df&pos=42,30477108.0,15000000.0,"Se vende casa Bosques de las Lomas, Ciudad de México, CDMX, Colonia Bosques de las Lomas, C.P. 05120",Casa,,Bosques de las Lomas,Cuajimalpa,5120.0,4.0,3.0,75.0,4.0,,[],42970.0,19.388115,-99.251801,2025-11-30 09:35:09
https://propiedades.com/inmuebles/departamento-en-venta-jose-maria-pereda-lomas-de-chapultepec-ii-seccion-df-30386151#pagina=17&tipos=residencial-venta&area=df&pos=13,28640327.0,9800000.0,"Se vende departamento Jose Maria Pereda, Colonia Lomas de Chapultepec II Sección, C.P. 11000",Departamento,,Lomas de Chapultepec Ii Sección,Miguel Hidalgo,11000.0,3.0,3.0,256.0,2.0,55.0,[],58630.0,19.410697,-99.21981,2025-11-30 09:35:23
https://propiedades.com/inmuebles/casa-en-venta-cuajimalpa-cuajimalpa-df-29995236#pagina=20&tipos=residencial-venta&area=df&pos=19,29119196.0,3930000.0,"Casa disponible en venta en Cuajimalpa, Colonia Cuajimalpa, C.P. 05000",Casa,Cuajimalpa,Cuajimalpa,Cuajimalpa,5000.0,2.0,2.0,,,,[],29460.0,19.357981,-99.278199,2025-11-30 09:35:40
https://propiedades.com/inmuebles/departamento-en-venta-calz-de-tlalpan-2310-el-centinela-coyoacan-04450-ciudad-de-mexico-cdmx-2310-el-centinela-df-30486412#pagina=10&tipos=residencial-venta&area=df&pos=25,30110676.0,3850000.0,"Venta de departamento Calz. de Tlalpan 2310, El Centinela, Coyoacán, 04450 Ciudad de México, CDMX #2310, Colonia El Centinela, C.P. 04450",Departamento,,El Centinela,Coyoacán,4450.0,2.0,1.0,,2.0,,['Cisterna'],33420.0,19.335988,-99.139796,2025-11-30 09:35:56
https://propiedades.com/inmuebles/casa-en-venta-bosque-de-granados-bosque-de-las-lomas-ciudad-de-mexico-cdmx-bosques-de-las-lomas-df-30439646#pagina=25&tipos=residencial-venta&area=df&pos=21,30560778.0,44999000.0,"Se vende casa en Bosque de Granados, Bosque de las Lomas, Ciudad de México, CDMX, Colonia Bosques de las Lomas, C.P. 05120",Casa,"Bosque de las Lomas, Ciudad de México",Bosques de las Lomas,Cuajimalpa,5120.0,6.0,4.0,640.0,4.0,2.0,"['Cisterna', 'Telefonía']",42970.0,19.388056,-99.251277,2025-11-30 09:36:13
https://propiedades.com/inmuebles/departamento-en-venta-calle-jose-maria-vigil-94-escandon-ii-seccion-df-29790449#pagina=13&tipos=residencial-venta&area=df&pos=15,28508210.0,4850000.0,"Venta de departamento en Calle José María Vigil #94, Colonia Escandón II Sección, C.P. 11800",Departamento,Calle José María Vigil #94,Escandón Ii Sección,Miguel Hidalgo,11800.0,2.0,2.0,67.0,,,['Cisterna'],42820.0,19.407116,-99.190617,2025-11-30 09:36:27
https://propiedades.com/inmuebles/casa-en-venta-rubi-4-valle-escondido-tlalpan-14600-ciudad-de-mexico-cdmx-4-valle-escondido-df-30367300#pagina=11&tipos=residencial-venta&area=df&pos=42,29873914.0,8500000.0,"Se vende casa en Rubi 4, Valle Escondido, Tlalpan, 14600 Ciudad de México, CDMX #4, Colonia Valle Escondido, C.P. 14600",Casa,Rubi 4,Valle Escondido,Tlalpan,14600.0,4.0,3.0,,,12.0,['Cisterna'],26130.0,19.279132,-99.142887,2025-11-30 09:36:45
https://propiedades.com/inmuebles/departamento-en-venta-anahuac-i-secc-11320-ciudad-de-mexico-cdmx-anahuac-ii-seccion-df-30490047#pagina=24&tipos=residencial-venta&area=df&pos=11,29282411.0,5699000.0,"Departamento en venta, Anáhuac I Secc, 11320 Ciudad de México, CDMX, Colonia Anahuac II Sección, C.P. 11320",Departamento,Venta,Anahuac Ii Sección,Miguel Hidalgo,11320.0,2.0,2.0,65.0,2.0,1.0,[],39760.0,19.407116,-99.190617,2025-11-30 09:37:01
https://propiedades.com/inmuebles/departamento-en-venta-ampliacion-petrolera-df-30462840#pagina=16&tipos=residencial-venta&area=df&pos=26,30237834.0,3656697.0,"Departamento en venta disponible en , Colonia Ampliación Petrolera, C.P. 02470",Departamento,,Ampliación Petrolera,Desconocida,2470.0,3.0,2.0,60.0,2.0,,[],38950.0,,,2025-11-30 09:37:14
https://propiedades.com/inmuebles/casa-en-venta-av-san-jeronimo-san-jeronimo-lidice-df-30466586#pagina=18&tipos=residencial-venta&area=df&pos=27,29292877.0,9200000.0,"Casa disponible en venta en AV SAN JERÓNIMO, Colonia San Jerónimo Lídice, C.P. 10200",Casa,,San Jerónimo Lídice,La Magdalena Contreras,10200.0,3.0,4.0,0.0,3.0,35.0,[],31770.0,19.326719,-99.22256,2025-11-30 09:38:55
https://propiedades.com/inmuebles/departamento-en-venta-rio-papaloapan-cuauhtemoc-df-30521402#pagina=15&tipos=residencial-venta&area=df&pos=35,28295538.0,6431100.0,"Departamento en venta, Rio Papaloapan, Colonia Cuauhtémoc, C.P. 06500",Departamento,Venta,Cuauhtémoc,Cuauhtémoc,6500.0,2.0,2.0,0.0,1.0,,[],60120.0,19.441834,-99.127558,2025-11-30 09:39:12
https://propiedades.com/inmuebles/casa-en-venta-canal-tezhuilo-barrio-18-16034-ciudad-de-mexico-cdmx-sn-18-df-30511239#pagina=24&tipos=residencial-venta&area=df&pos=17,30508592.0,4800000.0,"Venta de casa en Canal Tezhuilo, Barrio 18, 16034 Ciudad de México, CDMX #s/n, Colonia 18, C.P. 16034",Casa,Canal Tezhuilo,18,Desconocida,16034.0,4.0,2.0,173.0,3.0,1.0,['Cisterna'],28210.0,,,2025-11-30 09:39:26
https://propiedades.com/inmuebles/casa-en-venta-cerro-gordo-346-campestre-churubusco-coyoacan-04200-ciudad-de-mexico-cdmx-346-campestre-churubusco-df-30540964#pagina=24&tipos=residencial-venta&area=df&pos=30,30148541.0,7350000.0,"Casa en venta, Cerro Gordo 346, Campestre Churubusco, Coyoacán, 04200 Ciudad de México, CDMX #346, Colonia Campestre Churubusco, C.P. 04200",Casa,Venta,Campestre Churubusco,Coyoacán,4200.0,3.0,2.0,235.0,2.0,50.0,[],21080.0,19.346188,-99.135629,2025-11-30 09:39:43
https://propiedades.com/inmuebles/departamento-en-venta-zacatecas-4-roma-norte-df-28146396#pagina=24&tipos=residencial-venta&area=df&pos=33,29714655.0,5379826.0,"Departamento en venta, Zacatecas #4, Colonia Roma Norte, C.P. 06700",Departamento,Venta,Roma Norte,Cuauhtémoc,6700.0,2.0,1.0,0.0,,1.0,[],54490.0,19.418323,-99.162565,2025-11-30 09:39:56
https://propiedades.com/inmuebles/departamento-en-venta-av-fuerte-de-loreto-ejercito-de-agua-prieta-ciudad-de-mexico-cdmx-ejercito-de-agua-prieta-df-30498635#pagina=34&tipos=residencial-venta&area=df&pos=23,30362449.0,421350.0,"Departamento en venta, Av Fuerte de Loreto, Ejército de Agua Prieta, Ciudad de México, CDMXInt. E11, Colonia Ejercito de Agua Prieta, C.P. 09578",Departamento,"Ejército de Agua Prieta, Ciudad de México",Ejercito de Agua Prieta,Desconocida,9578.0,2.0,1.0,51.0,1.0,,[],10820.0,,,2025-11-30 09:40:15
https://propiedades.com/inmuebles/departamento-en-venta-suit-con-amenidades-en-paseo-de-la-reforma-juarez-df-29428284#pagina=3&tipos=residencial-venta&area=df&pos=9,29445787.0,3562700.0,"Departamento en venta, SUIT CON AMENIDADES EN PASEO DE LA REFORMA , Colonia Juárez, C.P. 06600",Departamento,Paseo DE LA Reforma,Juárez,Cuauhtémoc,6600.0,2.0,1.0,40.0,1.0,1.0,['Cisterna'],56650.0,19.430966,-99.158874,2025-11-30 09:40:31
https://propiedades.com/inmuebles/casa-en-venta-benito-juarez-san-jeronimo-lidice-df-30161936#pagina=32&tipos=residencial-venta&area=df&pos=8,29305357.0,24000000.0,"Se vende casa en BENITO JUAREZ, Colonia San Jerónimo Lídice, C.P. 10200",Casa,Benito Juarez,San Jerónimo Lídice,La Magdalena Contreras,10200.0,4.0,4.0,607.0,8.0,4.0,"['Cisterna', 'Telefonía']",31770.0,19.31927,-99.231009,2025-11-30 09:40:46
https://propiedades.com/inmuebles/departamento-en-venta-carretera-mexico-toluca-contadero-df-30564576#pagina=22&tipos=residencial-venta&area=df&pos=20,30528403.0,1756889.0,"Se vende departamento en Carretera México Toluca, Colonia Contadero, C.P. 05500",Departamento,"Granjas Palo Alto, Ciudad de México",Contadero,Cuajimalpa,5500.0,1.0,1.0,19.0,,,[],51870.0,19.346598,-99.299359,2025-11-30 09:41:02
https://propiedades.com/inmuebles/departamento-en-venta-monte-alegre-portales-oriente-df-26663655#pagina=19&tipos=residencial-venta&area=df&pos=40,30361918.0,3700000.0,"Departamento disponible en venta en Monte Alegre, Colonia Portales Oriente, C.P. 03570",Departamento,,Portales Oriente,Benito Juárez,3570.0,2.0,1.0,60.0,1.0,,[],41970.0,19.360551,-99.142797,2025-11-30 09:41:18
https://propiedades.com/inmuebles/departamento-en-venta-don-manuelito-32-olivar-de-los-padres-df-27449523#pagina=22&tipos=residencial-venta&area=df&pos=44,28899126.0,4200000.0,"Venta de departamento en Don Manuelito #32, Colonia Olivar de los Padres, C.P. 01780",Departamento,Don Manuelito #32,Olivar de los Padres,Álvaro Obregón,1780.0,2.0,2.0,,2.0,,[],38570.0,19.339509,-99.214332,2025-11-30 09:42:00
https://propiedades.com/inmuebles/departamento-en-venta-tercera-cerrada-de-minas-edificio-c5-depto-304-arvide-alvaro-obregon-cdmx-01280-arvide-df-29686250#tipos=residencial-venta&area=df&pos=20,30547912.0,1470500.0,"Venta departamento en Tercera Cerrada de Minas, Edificio C5 depto. 304, Arvide, Álvaro Obregón, CDMX, 01280, Colonia Arvide, C.P. 01280",Departamento,,Arvide,Álvaro Obregón,1280.0,1.0,2.0,51.0,1.0,27.0,[],27470.0,19.383197,-99.202712,2025-11-30 09:42:15
https://propiedades.com/inmuebles/casa-en-venta-luis-g-inclan-2859-2859-villa-de-cortes-df-29500604#pagina=9&tipos=residencial-venta&area=df&pos=20,28453686.0,11600000.0,"Venta de casa Luis G. Inclán 2859 #2859, Colonia Villa de Cortes, C.P. 03530",Casa,,Villa de Cortes,Desconocida,3530.0,4.0,3.0,340.0,2.0,45.0,['Cisterna'],12570.0,,,2025-11-30 09:42:31
https://propiedades.com/inmuebles/casa-en-venta-ladera-jardines-del-pedregal-df-30122320#pagina=31&tipos=residencial-venta&area=df&pos=45,27717089.0,30990000.0,"Se vende casa en LADERA, Colonia Jardines del Pedregal, C.P. 01900",Casa,,Jardines del Pedregal,Tlalpan,1900.0,4.0,3.0,665.0,8.0,5.0,"['Cisterna', 'Telefonía']",27820.0,19.2953,-99.209786,2025-11-30 09:42:47
https://propiedades.com/inmuebles/casa-en-venta-desierto-de-los-leones-alcantarilla-df-29840564#pagina=32&tipos=residencial-venta&area=df&pos=11,30172503.0,22000000.0,"Casa en venta disponible en Desierto de los Leones, Colonia Alcantarilla, C.P. 01729",Casa,Disponible en Desierto de los Leones,Alcantarilla,Desconocida,1729.0,3.0,3.0,480.0,3.0,5.0,"['Cisterna', 'Telefonía']",30780.0,,,2025-11-30 09:43:05
https://propiedades.com/inmuebles/casa-en-condominio-en-venta-calle-lava-sn-jardines-del-pedregal-df-29853932#pagina=29&tipos=residencial-venta&area=df&pos=36,29980753.0,33800000.0,"Se vende casa en condominio Calle Lava #s/n, Colonia Jardines del Pedregal, C.P. 01900",Casa,Calle Lava #s/n,Jardines del Pedregal,Tlalpan,1900.0,3.0,3.0,,4.0,5.0,"['Cisterna', 'Telefonía']",,19.2953,-99.209786,2025-11-30 09:43:25
https://propiedades.com/inmuebles/casa-en-venta-crater-jardines-del-pedregal-01900-ciudad-de-mexico-cdmx-jardines-del-pedregal-df-30388754#pagina=28&tipos=residencial-venta&area=df&pos=32,30417079.0,34800000.0,"Venta de casa Cráter, Jardines del Pedregal, 01900 Ciudad de México, CDMX, Colonia Jardines del Pedregal, C.P. 01900",Casa,,Jardines del Pedregal,Tlalpan,1900.0,4.0,4.0,860.0,8.0,6.0,"['Cisterna', 'Telefonía']",27820.0,19.2953,-99.209786,2025-11-30 09:43:41
https://propiedades.com/inmuebles/departamento-en-venta-nuevo-leon-hipodromo-df-29883961#pagina=24&tipos=residencial-venta&area=df&pos=46,28558471.0,16680000.0,"Venta de departamento Nuevo León, Colonia Hipódromo, C.P. 06100",Departamento,,Hipódromo,Cuauhtémoc,6100.0,3.0,4.0,0.0,2.0,,[],62600.0,19.409371,-99.171213,2025-11-30 09:43:56
https://propiedades.com/inmuebles/departamento-en-venta-trabajadores-de-hierro-df-30519891#pagina=15&tipos=residencial-venta&area=df&pos=25,30485970.0,3541000.0,"Venta de departamento , Colonia Trabajadores de Hierro, C.P. 02650",Departamento,,Trabajadores de Hierro,Desconocida,2650.0,2.0,2.0,89.0,2.0,9.0,[],23610.0,,,2025-11-30 09:44:12
https://propiedades.com/inmuebles/departamento-en-venta-eje-central-lazaro-cardenas-1021-portales-nte-benito-juarez-07700-ciudad-de-mexico-cdmx-portales-norte-df-30344535#pagina=9&tipos=residencial-venta&area=df&pos=12,30517283.0,3890000.0,"Departamento disponible en venta en Eje Central Lázaro Cárdenas 1021, Portales Nte, Benito Juárez, 07700 Ciudad de México, CDMX, Colonia Portales Norte, C.P. 03303",Departamento,Eje Central Lázaro Cárdenas 1021,Portales Norte,Benito Juárez,7700.0,2.0,2.0,75.0,1.0,1.0,[],41970.0,19.369014,-99.150087,2025-11-30 09:44:27
https://propiedades.com/inmuebles/departamento-en-venta-departamento-con-terraza-y-amenidades-34-napoles-df-29962651#pagina=34&tipos=residencial-venta&area=df&pos=19,30499080.0,6700000.0,"Se vende departamento DEPARTAMENTO CON TERRAZA Y AMENIDADES #34, Colonia Napoles, C.P. 03810",Departamento,,Napoles,Desconocida,3810.0,2.0,2.0,100.0,2.0,1.0,['Cisterna'],51830.0,,,2025-11-30 09:44:59
https://propiedades.com/inmuebles/departamento-en-venta-c-gavilan-181-edif-4e-dep-402-gavilan-san-miguel-iztapalapa-ciudad-de-mexico-cdmx-cp-0936-san-miguel-df-29926880#tipos=residencial-venta&area=df&pos=19,30518852.0,1595000.0,"Venta de departamento en C. Gavilán 181, Edif 4-E, Dep 402, Gavilán, San Miguel, Iztapalapa, Ciudad de México, CDMX, C.p 0936, Colonia San Miguel, C.P. 09360",Departamento,"Iztapalapa, Ciudad de México",San Miguel,Miguel Hidalgo,9360.0,2.0,1.0,61.0,1.0,28.0,['Cisterna'],18920.0,19.411038,-99.185778,2025-11-30 09:45:17
https://propiedades.com/inmuebles/casa-en-venta-ojitlan-cafetales-cafetales-ii-ciudad-de-mexico-cdmx-cafetales-df-30434227#pagina=8&tipos=residencial-venta&area=df&pos=35,30241674.0,7900000.0,"Casa disponible en venta en Ojitlán, Cafetales, Cafetales II, Ciudad de México, CDMX, Colonia Cafetales, C.P. 04918",Casa,"Cafetales II, Ciudad de México",Cafetales,Coyoacán,4918.0,3.0,1.0,151.0,2.0,38.0,['Telefonía'],26740.0,19.310346,-99.110572,2025-11-30 09:45:33
https://propiedades.com/inmuebles/departamento-en-venta-mellado-51-valle-gomez-cuauhtemoc-06240-ciudad-de-mexico-cdmx-51-valle-gomez-df-30448592#pagina=10&tipos=residencial-venta&area=df&pos=13,30444495.0,1510000.0,"Departamento disponible en venta en Mellado 51, Valle Gómez, Cuauhtémoc, 06240 Ciudad de México, CDMX #51, Colonia Valle Gómez, C.P. 06240",Departamento,Mellado 51,Valle Gómez,Cuauhtémoc,6240.0,2.0,1.0,47.0,1.0,7.0,[],25030.0,19.458475,-99.124433,2025-11-30 09:45:47
https://propiedades.com/inmuebles/casa-en-venta-sur-105a-tlazintla-df-30413180#pagina=18&tipos=residencial-venta&area=df&pos=13,6156504.0,4100000.0,"Se vende casa Sur 105a, Colonia Tlazintla, C.P. 08710",Casa,,Tlazintla,Desconocida,8710.0,4.0,3.0,160.0,,,[],14310.0,,,2025-11-30 09:45:59
https://propiedades.com/inmuebles/departamento-en-venta-departamento-con-4-recamaras-y-amenidades-en-escandon-2-secc-escandon-ii-seccion-df-30485773#pagina=25&tipos=residencial-venta&area=df&pos=30,30378721.0,10139900.0,"Venta de departamento en DEPARTAMENTO CON 4 RECAMARAS Y AMENIDADES EN ESCANDON 2 SECC, Colonia Escandón II Sección, C.P. 11800",Departamento,Departamento CON 4 Recamaras Y Amenidades EN Escandon 2 Secc,Escandón Ii Sección,Miguel Hidalgo,11800.0,4.0,4.0,179.0,2.0,1.0,['Cisterna'],42820.0,19.407116,-99.190617,2025-11-30 09:46:27
https://propiedades.com/inmuebles/departamento-en-venta-francisco-i-madero-depto-150-302-torre-e-barrio-san-miguel-iztacalco--cdmx-cp-08650-san-miguel-df-30327537#tipos=residencial-venta&area=df&pos=3,30477167.0,1052000.0,"Venta de departamento Francisco I. Madero Depto 150, 302 Torre E, Barrio San Miguel, Iztacalco , CDMX, C.P. 08650, Colonia San Miguel, C.P. 08650",Departamento,,San Miguel,Miguel Hidalgo,8650.0,1.0,1.0,44.0,0.0,37.0,[],19250.0,19.411038,-99.185778,2025-11-30 09:46:44
https://propiedades.com/inmuebles/departamento-en-venta-cuajimalpa-df-30555992#pagina=22&tipos=residencial-venta&area=df&pos=22,30555991.0,2500000.0,"Se vende departamento en , Colonia Cuajimalpa, C.P. 05000",Departamento,,Cuajimalpa,Cuajimalpa,5000.0,2.0,1.0,59.0,1.0,,[],35080.0,19.357981,-99.278199,2025-11-30 09:46:59
https://propiedades.com/inmuebles/departamento-en-venta-antillas-portales-sur-df-30423854#pagina=16&tipos=residencial-venta&area=df&pos=34,28909306.0,4375000.0,"Venta de departamento Antillas, Colonia Portales Sur, C.P. 03300",Departamento,,Portales Sur,Benito Juárez,3300.0,2.0,2.0,4.0,1.0,,[],41970.0,19.361694,-99.148914,2025-11-30 09:47:16
https://propiedades.com/inmuebles/departamento-en-venta-departamento-con-4-recamaras-y-amenidades-en-escandon-escandon-i-seccion-df-30484446#pagina=24&tipos=residencial-venta&area=df&pos=20,30378721.0,10189900.0,"Departamento en venta, DEPARTAMENTO CON 4 RECAMARAS Y AMENIDADES EN ESCANDON , Colonia Escandón I Sección, C.P. 11800",Departamento,Escandon,Escandón I Sección,Miguel Hidalgo,11800.0,4.0,4.0,179.0,2.0,1.0,['Cisterna'],42820.0,19.407116,-99.190617,2025-11-30 09:47:32
https://propiedades.com/inmuebles/casa-en-condominio-en-venta-rosaleda-lomas-altas-11950-ciudad-de-mexico-cdmx-lomas-altas-df-30273049#pagina=28&tipos=residencial-venta&area=df&pos=47,26639651.0,28765000.0,"Venta casa en condominio en Rosaleda, Lomas Altas, 11950 Ciudad de México, CDMX, Colonia Lomas Altas, C.P. 11950",Casa,Condominio en Rosaleda,Lomas Altas,Desconocida,11950.0,3.0,4.0,,4.0,5.0,"['Cisterna', 'Telefonía']",,,,2025-11-30 09:48:20
https://propiedades.com/inmuebles/departamento-en-venta-sabadell-san-nicolas-tolentino-df-29832243#pagina=18&tipos=residencial-venta&area=df&pos=11,30222633.0,980000.0,"Departamento disponible en venta en SABADELL, Colonia San Nicolás Tolentino, C.P. 09850",Departamento,calle Sabadell No. 78,San Nicolás Tolentino,Desconocida,9850.0,2.0,1.0,,,35.0,[],11750.0,,,2025-11-30 09:48:36
https://propiedades.com/inmuebles/departamento-en-venta-calz-de-tlalpan-605-alamos-benito-juarez-03400-ciudad-de-mexico-cdmx-605-alamos-df-30508539#pagina=30&tipos=residencial-venta&area=df&pos=40,30475940.0,2672514.0,"Departamento en venta disponible en Calz. de Tlalpan 605, Álamos, Benito Juárez, 03400 Ciudad de México, CDMX #605, Colonia Álamos, C.P. 03400",Departamento,Calzada de Tlalpan 605,Álamos,Benito Juárez,3400.0,3.0,1.0,70.0,1.0,,[],38920.0,19.396509,-99.138054,2025-11-30 09:48:51
https://propiedades.com/inmuebles/departamento-en-venta-c-lago-athabasca-san-diego-ocoyoacac-miguel-hidalgo-11290-ciudad-de-mexico-cdmx-143-san-diego-ocoyoacac-df-30352776#pagina=32&tipos=residencial-venta&area=df&pos=23,28803457.0,1293000.0,"Departamento en venta disponible en C. Lago Athabasca, San Diego Ocoyoacac, Miguel Hidalgo, 11290 Ciudad de México, CDMX #143, Colonia San Diego Ocoyoacac, C.P. 11290",Departamento,Disponible en C. Lago Athabasca,San Diego Ocoyoacac,Miguel Hidalgo,11290.0,2.0,2.0,,1.0,,['Telefonía'],21200.0,19.461923,-99.192777,2025-11-30 09:49:05
https://propiedades.com/inmuebles/departamento-en-venta-calle-j-enrique-pestalozzi-sn-narvarte-poniente-df-29975856#pagina=11&tipos=residencial-venta&area=df&pos=32,29888089.0,6599000.0,"Se vende departamento en Calle J. Enrique Pestalozzi #s/n, Colonia Narvarte Poniente, C.P. 03020",Departamento,"Narvarte Poniente, Ciudad de México",Narvarte Poniente,Benito Juárez,3020.0,3.0,2.0,31.0,2.0,3.0,[],41310.0,19.389297,-99.16122,2025-11-30 09:49:20
https://propiedades.com/inmuebles/departamento-en-venta-san-luis-potosi-roma-norte-df-30311521#pagina=19&tipos=residencial-venta&area=df&pos=28,28360264.0,8650000.0,"Departamento en venta, San Luis Potosí, Colonia Roma Norte, C.P. 06700",Departamento,Venta,Roma Norte,Cuauhtémoc,6700.0,2.0,5.0,5.0,1.0,,[],54490.0,19.418323,-99.162565,2025-11-30 09:49:36
https://propiedades.com/inmuebles/departamento-en-venta-3a-cda-de-prol-juarez-131-las-tinajas-cuajimalpa-de-morelos-05370-ciudad-de-mexico-cdmx-131-las-tinajas-df-30518840#pagina=27&tipos=residencial-venta&area=df&pos=35,30544890.0,5783000.0,"Se vende departamento 3a. Cda. de Prol. Juárez 131, Las Tinajas, Cuajimalpa de Morelos, 05370 Ciudad de México, CDMX #131Int. 110, Colonia Las Tinajas, C.P. 05370",Departamento,,Las Tinajas,Cuajimalpa,5370.0,3.0,1.0,154.0,2.0,8.0,['Cisterna'],49470.0,19.352858,-99.28542,2025-11-30 09:49:54
https://propiedades.com/inmuebles/departamento-en-venta-parque-san-andres-df-30546787#pagina=24&tipos=residencial-venta&area=df&pos=35,30448784.0,4500000.0,"Departamento en venta, , Colonia Parque San Andrés, C.P. 04040",Departamento,Venta,Parque San Andrés,Azcapotzalco,4040.0,2.0,2.0,97.0,1.0,30.0,[],37250.0,19.490523,-99.180752,2025-11-30 09:50:09
https://propiedades.com/inmuebles/departamento-en-venta-letran-valle-df-27479140#pagina=23&tipos=residencial-venta&area=df&pos=23,30486224.0,5800000.0,"Venta de departamento en , Colonia Letrán Valle, C.P. 03650",Departamento,,Letrán Valle,Benito Juárez,3650.0,2.0,2.0,3.0,1.0,,[],43720.0,19.376082,-99.155022,2025-11-30 09:50:26
https://propiedades.com/inmuebles/departamento-en-venta-liverpool-juarez-df-29850652#pagina=24&tipos=residencial-venta&area=df&pos=3,29428284.0,3719000.0,"Departamento en venta, Liverpool, Colonia Juárez, C.P. 06600",Departamento,,Juárez,Cuauhtémoc,6600.0,2.0,1.0,0.0,,,[],56650.0,19.43327,-99.147684,2025-11-30 09:50:43
https://propiedades.com/inmuebles/departamento-en-venta-lazaro-cardenas-189-guerrero-df-30092040#pagina=7&tipos=residencial-venta&area=df&pos=10,30528006.0,2185000.0,"Departamento en venta disponible en Lazaro Cardenas #189, Colonia Guerrero, C.P. 06300",Departamento,Disponible en Lazaro Cardenas #189,Guerrero,Desconocida,6300.0,2.0,1.0,47.0,1.0,7.0,['Cisterna'],16480.0,,,2025-11-30 09:51:18
https://propiedades.com/inmuebles/casa-en-venta-gardenia-los-angeles-ciudad-de-mexico-cdmx-sn-los-angeles-df-30541636#pagina=27&tipos=residencial-venta&area=df&pos=17,28679792.0,6950000.0,"Venta casa en Gardenia, Los Ángeles, Ciudad de México, CDMX #s/n, Colonia Los Ángeles, C.P. 09830",Casa,"Los Ángeles, Ciudad de México",Los Ángeles,Desconocida,9830.0,3.0,7.0,54.0,3.0,,[],12910.0,,,2025-11-30 09:51:34
https://propiedades.com/inmuebles/departamento-en-venta-av-baja-california-roma-sur-df-29922166#pagina=23&tipos=residencial-venta&area=df&pos=26,30198104.0,12213000.0,"Se vende departamento Av. Baja California, Colonia Roma Sur, C.P. 06760",Departamento,,Roma Sur,Cuauhtémoc,6760.0,3.0,2.0,45.0,2.0,,[],54490.0,19.405833,-99.163304,2025-11-30 09:51:48
https://propiedades.com/inmuebles/departamento-en-venta-napoles-df-27562140#pagina=21&tipos=residencial-venta&area=df&pos=23,30448996.0,4500000.0,"Venta de departamento en , Colonia Napoles, C.P. 03810",Departamento,,Napoles,Desconocida,3810.0,1.0,2.0,76.0,1.0,,[],51830.0,,,2025-11-30 09:52:05
https://propiedades.com/inmuebles/casa-en-venta-canada-barrio-san-lucas-df-28398096#pagina=34&tipos=residencial-venta&area=df&pos=6,30471488.0,8200000.0,"Casa en venta, Canada, Colonia Barrio San Lucas, C.P. 04030",Casa,,Barrio San Lucas,Coyoacán,4030.0,3.0,3.0,,2.0,40.0,['Cisterna'],45260.0,19.315626,-99.132968,2025-11-30 09:52:21
https://propiedades.com/inmuebles/departamento-en-venta-tacuba-df-30555996#pagina=21&tipos=residencial-venta&area=df&pos=35,30361922.0,2381000.0,"Departamento disponible en venta en , Colonia Tacuba, C.P. 11410",Departamento,"Miguel Hidalgo, Ciudad de México",Tacuba,Desconocida,11410.0,2.0,1.0,69.0,1.0,20.0,[],28000.0,,,2025-11-30 09:52:37
https://propiedades.com/inmuebles/casa-en-venta-c-pensilvania-napoles-ciudad-de-mexico-cdmx-sn-napoles-df-30421476#pagina=28&tipos=residencial-venta&area=df&pos=12,30361308.0,6300000.0,"Casa en venta, C. Pensilvania, Nápoles, Ciudad de México, CDMX #s/n, Colonia Napoles, C.P. 03810",Casa,"Nápoles, Ciudad de México",Napoles,Desconocida,3810.0,3.0,2.0,100.0,1.0,1.0,[],34670.0,,,2025-11-30 09:52:52
https://propiedades.com/inmuebles/departamento-en-venta-del-angel-64-san-jose-insurgentes-df-27245945#pagina=10&tipos=residencial-venta&area=df&pos=20,30378623.0,19246240.0,"Departamento en venta disponible en Del Angel #64, Colonia San José Insurgentes, C.P. 03900",Departamento,Disponible en Del Angel #64,San José Insurgentes,Desconocida,3900.0,3.0,5.0,215.0,2.0,,[],47820.0,,,2025-11-30 09:53:06
https://propiedades.com/inmuebles/departamento-en-venta-francisco-del-paso-y-troncoso-107-jardin-balbuena-venustiano-carranza-15900-ciudad-de-mexico-cdm-107-jardin-balbuena-df-30435358#pagina=30&tipos=residencial-venta&area=df&pos=45,30012021.0,1233908.0,"Se vende departamento Francisco del Paso y Troncoso 107, Jardín Balbuena, Venustiano Carranza, 15900 Ciudad de México, CDM #107, Colonia Jardín Balbuena, C.P. 15900",Departamento,,Jardín Balbuena,Venustiano Carranza,15900.0,1.0,1.0,,1.0,,[],19560.0,19.415415,-99.107064,2025-11-30 09:53:21
https://propiedades.com/inmuebles/casa-en-venta-av-centenario-exhacienda-de-tarango-df-27607224#pagina=21&tipos=residencial-venta&area=df&pos=19,27450172.0,10900000.0,"Venta de casa Av. Centenario, Colonia Ex-Hacienda de Tarango, C.P. 01618",Casa,,Ex-hacienda de Tarango,Desconocida,1618.0,3.0,3.0,0.0,3.0,,[],40170.0,,,2025-11-30 09:53:37
https://propiedades.com/inmuebles/departamento-en-venta-torres-de-san-juan-preparatoria-3-07450-ciudad-de-mexico-cdmx-dm-nacional-df-30519414#pagina=6&tipos=residencial-venta&area=df&pos=39,30485712.0,1998500.0,"Departamento en venta disponible en Torres de San Juan, Preparatoria 3, 07450 Ciudad de México, CDMX, Colonia DM Nacional, C.P. 07450",Departamento,Disponible en Torres de San Juan,Dm Nacional,Desconocida,7450.0,2.0,1.0,58.0,1.0,20.0,[],19680.0,,,2025-11-30 09:55:16
https://propiedades.com/inmuebles/casa-en-venta-hortensia-139-casa-20-miguel-hidalgo-3ra-secc-tlalpan-ciudad-de-mexico-cdmx-miguel-hidalgo-3a-seccion-df-30327433#tipos=residencial-venta&area=df&pos=40,30569716.0,4471000.0,"Casa en venta, Hortensia 139, Casa 20, Miguel Hidalgo 3ra Secc, Tlalpan, Ciudad de México, CDMX, Colonia Miguel Hidalgo 3A Sección, C.P. 14250",Casa,"Tlalpan, Ciudad de México",Miguel Hidalgo Iii Sección,Miguel Hidalgo,14250.0,3.0,5.0,238.0,2.0,20.0,[],18330.0,19.407116,-99.190617,2025-11-30 09:55:30
https://propiedades.com/inmuebles/departamento-en-venta-av-cuauhtemoc-doctores-df-29782633#pagina=4&tipos=residencial-venta&area=df&pos=26,29782632.0,3590000.0,"Se vende departamento en Av. Cuauhtémoc, Colonia Doctores, C.P. 06720",Departamento,Avenida Cuauhtémoc,Doctores,Cuauhtémoc,6720.0,1.0,1.0,0.0,1.0,,[],20910.0,19.412404,-99.154669,2025-11-30 09:55:44
https://propiedades.com/inmuebles/casa-en-venta-rancho-del-arco-los-girasoles-df-29895954#pagina=21&tipos=residencial-venta&area=df&pos=17,30172640.0,8000000.0,"Venta de casa Rancho del Arco, Colonia Los Girasoles, C.P. 04920",Casa,,Los Girasoles,Desconocida,4920.0,4.0,5.0,,3.0,10.0,[],36250.0,,,2025-11-30 09:56:02
https://propiedades.com/inmuebles/departamento-en-venta-palenque-vertiz-narvarte-df-30155840#pagina=22&tipos=residencial-venta&area=df&pos=26,25389085.0,11950000.0,"Venta de departamento en palenque, Colonia Vertiz Narvarte, C.P. 03600",Departamento,,Vertiz Narvarte,Benito Juárez,3600.0,3.0,4.0,226.0,2.0,,[],41310.0,19.384424,-99.145643,2025-11-30 09:56:18
https://propiedades.com/inmuebles/casa-en-venta-educacion-manzana-04400-ciudad-de-mexico-cdmx-sn-educacion-df-30432878#pagina=26&tipos=residencial-venta&area=df&pos=38,30020750.0,8995000.0,"Casa disponible en venta en Educación. Manzana , 04400 Ciudad de México, CDMX #s/n, Colonia Educación, C.P. 04400",Casa,Educación. Manzana,Educación,Coyoacán,4400.0,4.0,2.0,,,9.0,"['Cisterna', 'Telefonía', 'Aire acondicionado']",24480.0,19.335412,-99.132144,2025-11-30 09:56:34
https://propiedades.com/inmuebles/departamento-en-venta-av-emperadores-19-portales-oriente-benito-juarez-03570-ciudad-de-mexico-cdmx-19-portales-oriente-df-30432519#pagina=8&tipos=residencial-venta&area=df&pos=14,28909306.0,4500000.0,"Departamento en venta, Av. Emperadores 19, Portales Oriente, Benito Juárez, 03570 Ciudad de México, CDMX #19, Colonia Portales Oriente, C.P. 03570",Departamento,Venta,Portales Oriente,Benito Juárez,3570.0,2.0,2.0,4.0,1.0,1.0,[],41970.0,19.360551,-99.142797,2025-11-30 09:56:51
https://propiedades.com/inmuebles/departamento-en-venta-lope-de-vega-sn-polanco-v-seccion-df-30167936#pagina=6&tipos=residencial-venta&area=df&pos=22,29844139.0,400000.0,"Venta de departamento Lope de Vega #s/nInt. 301, Colonia Polanco V Sección, C.P. 11560",Departamento,"img alt=""Foto de Departamento en Lago Iseo 305, Ciudad de México",Polanco V Sección,Miguel Hidalgo,11560.0,2.0,1.0,88.0,2.0,20.0,[],84460.0,19.429379,-99.196393,2025-11-30 09:57:02
https://propiedades.com/inmuebles/departamento-en-venta-progreso-nacional-df-30546796#pagina=21&tipos=residencial-venta&area=df&pos=34,30591294.0,1900000.0,"Departamento disponible en venta en , Colonia Progreso Nacional, C.P. 07600",Departamento,,Progreso Nacional,Desconocida,7600.0,3.0,2.0,0.0,1.0,,[],,,,2025-11-30 09:57:17
https://propiedades.com/inmuebles/departamento-en-venta-departamento-en-venta-con-2-recamaras-family-en-col-napoles-napoles-df-30499080#pagina=2&tipos=residencial-venta&area=df&pos=6,28301253.0,7015000.0,"Venta departamento en DEPARTAMENTO EN VENTA CON 2 RECAMARAS FAMILY EN COL NAPOLES, Colonia Napoles, C.P. 03810",Departamento,Departamento EN Venta CON 2 Recamaras Family EN Col Napoles,Napoles,Desconocida,3810.0,2.0,2.0,100.0,1.0,1.0,['Cisterna'],51830.0,,,2025-11-30 09:57:33
https://propiedades.com/inmuebles/casa-en-condominio-en-venta-cerrada-la-presa-4-san-jeronimo-lidice-df-30439639#pagina=27&tipos=residencial-venta&area=df&pos=36,28408597.0,23200000.0,"Venta de casa en condominio CERRADA LA PRESA #4, Colonia San Jerónimo Lídice, C.P. 10200",Casa,CALLE PRIVADA EMPEDRADA A UNOS MINUTOS DE PERIFÉRICO Y DE LA SUPERVÍA. DISTRIBUIDA EN TRE,San Jerónimo Lídice,La Magdalena Contreras,10200.0,3.0,4.0,,,10.0,['Cisterna'],,19.326719,-99.22256,2025-11-30 09:58:07
https://propiedades.com/inmuebles/casa-en-venta-donatello-1-insurgentes-mixcoac-df-27477469#pagina=30&tipos=residencial-venta&area=df&pos=12,30237077.0,25500000.0,"Venta de casa en Donatello #1, Colonia Insurgentes Mixcoac, C.P. 03920",Casa,"Benito Juárez, Ciudad de México",Insurgentes Mixcoac,Benito Juárez,3920.0,3.0,3.0,477.0,3.0,,[],45250.0,19.384551,-99.188198,2025-11-30 09:58:24
https://propiedades.com/inmuebles/departamento-en-venta-av-popocaepetl-415-santa-cruz-atoyac-df-28450435#pagina=6&tipos=residencial-venta&area=df&pos=27,29970400.0,6295000.0,"Se vende departamento A.V. POPOCAEPETL #415Int. 2, Colonia Santa Cruz Atoyac, C.P. 03310",Departamento,,Santa Cruz Atoyac,Desconocida,3310.0,3.0,2.0,45.0,2.0,6.0,"['Cisterna', 'Telefonía', 'Aire acondicionado']",45020.0,,,2025-11-30 09:58:38
https://propiedades.com/inmuebles/casa-en-condominio-en-venta-enrique-rebsamen-1059-del-valle-norte-df-28145687#pagina=32&tipos=residencial-venta&area=df&pos=28,28451631.0,11900000.0,"Casa en condominio en venta disponible en Enrique Rebsamen #1059, Colonia Del Valle Norte, C.P. 03103",Casa,calle tranquila,Del Valle Norte,Benito Juárez,3103.0,3.0,4.0,0.0,,,[],,19.373635,-99.157408,2025-11-30 09:58:52
https://propiedades.com/inmuebles/departamento-en-venta-jose-rosas-moreno-san-rafael-df-27489824#pagina=6&tipos=residencial-venta&area=df&pos=32,66.0,2434366.0,"Departamento en venta disponible en Jose Rosas Moreno, Colonia San Rafael, C.P. 06470",Departamento,,San Rafael,Cuauhtémoc,6470.0,1.0,1.0,95.0,1.0,,[],44580.0,19.437945,-99.162422,2025-11-30 09:59:08
https://propiedades.com/inmuebles/departamento-en-venta-san-francisco-xocotitla-19-19-del-gas-df-29790788#pagina=24&tipos=residencial-venta&area=df&pos=47,11930149.0,2730000.0,"Venta de departamento San Francisco Xocotitla 19 #19, Colonia Del Gas, C.P. 02950",Departamento,,Del Gas,Desconocida,2950.0,2.0,2.0,65.0,2.0,5.0,['Cisterna'],36710.0,,,2025-11-30 09:59:21
https://propiedades.com/inmuebles/casa-en-venta-carrasco-toriello-guerra-df-29004542#pagina=20&tipos=residencial-venta&area=df&pos=10,30215533.0,8814245.0,"Casa en venta disponible en Carrasco, Colonia Toriello Guerra, C.P. 14050",Casa,"Toriello Guerra, Ciudad de México",Toriello Guerra,Desconocida,14050.0,3.0,3.0,156.0,2.0,,[],29310.0,,,2025-11-30 09:59:38
https://propiedades.com/inmuebles/casa-en-venta-mazatlan-condesa-df-26247935#pagina=5&tipos=residencial-venta&area=df&pos=5,29341494.0,12980000.0,"Se vende casa Mazatlan, Colonia Condesa, C.P. 06140",Casa,"Colonia Condesa, Ciudad de México",Condesa,Cuauhtémoc,6140.0,2.0,2.0,,2.0,,[],73470.0,19.414864,-99.176429,2025-11-30 09:59:51
https://propiedades.com/inmuebles/departamento-en-venta-departamento-con-2-recamaras-en-col-cuauhtemoc-cuauhtemoc-df-30431499#pagina=6&tipos=residencial-venta&area=df&pos=4,30431465.0,9500000.0,"Se vende departamento DEPARTAMENTO CON 2 RECAMARAS EN COL CUAUHTÉMOC , Colonia Cuauhtémoc, C.P. 06500",Departamento,,Cuauhtémoc,Cuauhtémoc,6500.0,2.0,2.0,133.0,2.0,1.0,['Cisterna'],60120.0,19.43263,-99.133178,2025-11-30 10:00:08
https://propiedades.com/inmuebles/departamento-en-venta-gabriel-mancera-del-valle-centro-df-29949516#pagina=22&tipos=residencial-venta&area=df&pos=43,29722515.0,6600000.0,"Venta de departamento en Gabriel Mancera, Colonia Del Valle Centro, C.P. 03100",Departamento,Gabriel Mancera,Del Valle Centro,Benito Juárez,3100.0,2.0,2.0,0.0,2.0,,[],42630.0,19.387851,-99.163879,2025-11-30 10:00:25
https://propiedades.com/inmuebles/departamento-en-venta-agricola-oriental-08500-ciudad-de-mexico-cdmx-agricola-oriental-df-30404398#pagina=30&tipos=residencial-venta&area=df&pos=47,30389357.0,2125000.0,"Se vende departamento Agrícola Oriental, 08500 Ciudad de México, CDMX, Colonia Agrícola Oriental, C.P. 08500",Departamento,,Agrícola Oriental,Iztacalco,8500.0,2.0,1.0,45.0,1.0,10.0,['Cisterna'],24150.0,19.404564,-99.069504,2025-11-30 10:01:23
https://propiedades.com/inmuebles/departamento-en-venta-departamento-con-3-recamaras-a-una-cuadra-de-napoles-ciudad-de-los-deportes-df-29912880#pagina=2&tipos=residencial-venta&area=df&pos=10,30549283.0,8850000.0,"Venta departamento en DEPARTAMENTO CON 3 RECAMARAS A UNA CUADRA DE NAPOLES, Colonia Ciudad de los Deportes, C.P. 03710",Departamento,,Ciudad de los Deportes,Benito Juárez,3710.0,3.0,3.0,,2.0,,['Cisterna'],45250.0,19.382422,-99.17616,2025-11-30 10:01:35
https://propiedades.com/inmuebles/departamento-en-venta-carola-df-30443584#pagina=20&tipos=residencial-venta&area=df&pos=18,30385469.0,2890000.0,"Venta de departamento , Colonia Carola, C.P. 01180",Departamento,,Carola,Desconocida,1180.0,3.0,2.0,60.0,1.0,,[],35570.0,,,2025-11-30 10:01:54
https://propiedades.com/inmuebles/departamento-en-venta-calle-rio-grijalva-35-cuauhtemoc-06500-ciudad-de-mexico-cdmx-35-cuauhtemoc-df-30312970#pagina=31&tipos=residencial-venta&area=df&pos=25,30521402.0,7142500.0,"Departamento disponible en venta en Calle Río Grijalva 35, Cuauhtémoc, 06500 Ciudad de México, CDMX #35, Colonia Cuauhtémoc, C.P. 06500",Departamento,Calle Río Grijalva 35,Cuauhtémoc,Cuauhtémoc,6500.0,2.0,2.0,10.0,1.0,1.0,[],60120.0,19.43349,-99.170055,2025-11-30 10:02:11
https://propiedades.com/inmuebles/casa-en-venta-medano-12-12-insurgentes-cuicuilco-df-28666052#pagina=10&tipos=residencial-venta&area=df&pos=10,26775482.0,19990000.0,"Casa en venta, Medano 12 #12, Colonia Insurgentes Cuicuilco, C.P. 04530",Casa,Venta,Insurgentes Cuicuilco,Desconocida,4530.0,4.0,5.0,69.0,3.0,,[],32920.0,,,2025-11-30 10:02:21
https://propiedades.com/inmuebles/casa-en-venta-barrio-santa-catarina-df-29762120#pagina=20&tipos=residencial-venta&area=df&pos=15,25492757.0,21850000.0,"Venta casa en , Colonia Barrio Santa Catarina, C.P. 04010",Casa,,Barrio Santa Catarina,Desconocida,4010.0,3.0,3.0,0.0,3.0,14.0,[],51890.0,,,2025-11-30 10:02:53
https://propiedades.com/inmuebles/departamento-en-venta-calzada-de-tlalpan-1535-torre-portales-depto-44-portales-sur-benito-juarez-cdmx-cp-03300-portales-sur-df-30361918#tipos=residencial-venta&area=df&pos=12,29685514.0,3599000.0,"Venta de departamento Calzada de Tlalpan 1535 Torre Portales depto. 44, Portales Sur, Benito Juárez, CDMX, C.P. 03300, Colonia Portales Sur, C.P. 03300",Departamento,,Portales Sur,Benito Juárez,3300.0,2.0,1.0,43.0,1.0,6.0,['Cisterna'],41970.0,19.361694,-99.148914,2025-11-30 10:03:10
https://propiedades.com/inmuebles/departamento-en-venta-dakota-napoles-ciudad-de-mexico-cdmx-napoles-df-30321632#pagina=10&tipos=residencial-venta&area=df&pos=29,28951118.0,5400000.0,"Se vende departamento en Dakota, Nápoles, Ciudad de México, CDMX, Colonia Napoles, C.P. 03810",Departamento,"Nápoles, Ciudad de México",Napoles,Desconocida,3810.0,3.0,2.0,153.0,1.0,50.0,['Cisterna'],51830.0,,,2025-11-30 10:03:22
https://propiedades.com/inmuebles/departamento-en-venta-av-popocatepetl-233-sta-cruz-atoyac-benito-juarez-03310-ciudad-de-mexico-cdmx-233-santa-cruz-atoyac-df-30291146#pagina=35&tipos=residencial-venta&area=df&pos=40,30517324.0,3700000.0,"Venta de departamento en Av. Popocatépetl 233, Sta Cruz Atoyac, Benito Juárez, 03310 Ciudad de México, CDMX #233, Colonia Santa Cruz Atoyac, C.P. 03310",Departamento,Avenida Popocatépetl 233,Santa Cruz Atoyac,Benito Juárez,3310.0,2.0,1.0,73.0,1.0,14.0,"['Cisterna', 'Telefonía']",45020.0,19.365509,-99.16513,2025-11-30 10:03:37
https://propiedades.com/inmuebles/departamento-en-venta-jose-maria-agreda-y-sanchez-transito-df-30260277#pagina=19&tipos=residencial-venta&area=df&pos=38,28760482.0,1590000.0,"Se vende departamento en Jose Maria Agreda y Sánchez, Colonia Transito, C.P. 06820",Departamento,,Transito,Desconocida,6820.0,1.0,1.0,68.0,1.0,,[],20270.0,,,2025-11-30 10:03:53
https://propiedades.com/inmuebles/departamento-en-venta-ignacio-manuel-altamirano-7-san-rafael-df-27770320#pagina=12&tipos=residencial-venta&area=df&pos=12,30296242.0,1920000.0,"Departamento disponible en venta en Ignacio Manuel Altamirano #7, Colonia San Rafael, C.P. 06470",Departamento,Ignacio Manuel Altamirano #7,San Rafael,Cuauhtémoc,6470.0,1.0,1.0,22.0,,,['Cisterna'],44580.0,19.437945,-99.162422,2025-11-30 10:04:22
https://propiedades.com/inmuebles/departamento-en-venta-cuajimalpa-df-30555991#pagina=23&tipos=residencial-venta&area=df&pos=13,30555992.0,2300000.0,"Departamento en venta, , Colonia Cuajimalpa, C.P. 05000",Departamento,Venta,Cuajimalpa,Cuajimalpa,5000.0,2.0,1.0,64.0,1.0,,[],35080.0,19.334326,-99.310418,2025-11-30 10:04:37
https://propiedades.com/inmuebles/departamento-en-venta-rio-niagara-25-25-cuauhtemoc-df-28789645#pagina=33&tipos=residencial-venta&area=df&pos=46,30544726.0,6750000.0,"Venta de departamento Río Niagara 25 #25, Colonia Cuauhtémoc, C.P. 06500",Departamento,,Cuauhtémoc,Cuauhtémoc,6500.0,2.0,2.0,20.0,1.0,14.0,['Cisterna'],60120.0,19.43263,-99.133178,2025-11-30 10:04:55
https://propiedades.com/inmuebles/departamento-en-venta-av-baja-california-hipodromo-df-30214051#pagina=23&tipos=residencial-venta&area=df&pos=36,30511422.0,10218964.0,"Departamento en venta disponible en AV. BAJA CALIFORNIA, Colonia Hipódromo, C.P. 06100",Departamento,,Hipódromo,Cuauhtémoc,6100.0,3.0,2.0,0.0,2.0,,[],62600.0,19.409371,-99.171213,2025-11-30 10:05:10
https://propiedades.com/inmuebles/departamento-en-venta-pedro-moreno-guerrero-df-30488462#pagina=15&tipos=residencial-venta&area=df&pos=15,30494475.0,2888276.0,"Departamento en venta disponible en Pedro Moreno, Colonia Guerrero, C.P. 06300",Departamento,Disponible en Pedro Moreno,Guerrero,Desconocida,6300.0,2.0,1.0,0.0,1.0,,[],16480.0,,,2025-11-30 10:05:28
https://propiedades.com/inmuebles/departamento-en-venta-gabriel-mancera-del-valle-centro-df-30488605#pagina=3&tipos=residencial-venta&area=df&pos=35,30458838.0,7100000.0,"Venta de departamento en Gabriel Mancera, Colonia Del Valle Centro, C.P. 03100",Departamento,"Col del Valle Centro, Ciudad de México",Del Valle Centro,Benito Juárez,3100.0,3.0,2.0,0.0,2.0,12.0,[],42630.0,19.386924,-99.163602,2025-11-30 10:05:43
https://propiedades.com/inmuebles/casa-en-venta-encino-grande-tetelpan-01700-ciudad-de-mexico-cdmx-tetelpan-df-30362225#pagina=28&tipos=residencial-venta&area=df&pos=23,30295358.0,25000000.0,"Casa en venta disponible en Encino Grande, Tetelpan, 01700 Ciudad de México, CDMX, Colonia Tetelpan, C.P. 01700",Casa,Disponible en Encino Grande,Tetelpan,Desconocida,1700.0,2.0,4.0,150.0,,,['Cisterna'],34770.0,,,2025-11-30 10:05:59
https://propiedades.com/inmuebles/departamento-en-venta-benito-juarez-89-albert-benito-juarez-03560-ciudad-de-mexico-cdmx-89-albert-df-30507498#pagina=2&tipos=residencial-venta&area=df&pos=8,29841110.0,1650000.0,"Venta de departamento Benito Juárez 89, Albert, Benito Juárez, 03560 Ciudad de México, CDMX #89, Colonia Albert, C.P. 03560",Departamento,,Albert,Benito Juárez,3560.0,2.0,1.0,,,40.0,"['Cisterna', 'Telefonía']",36630.0,19.370601,-99.139406,2025-11-30 10:06:13
https://propiedades.com/inmuebles/departamento-en-venta-ermita-iztapalapa-392-el-molino-iztapalapa-iztapalapa-09000-ciudad-de-mexico-cdmx-392-san-pablo-df-30241585#pagina=12&tipos=residencial-venta&area=df&pos=3,29685629.0,1026000.0,"Se vende departamento Ermita Iztapalapa 392, El Molino Iztapalapa, Iztapalapa, 09000 Ciudad de México, CDMX #392, Colonia San Pablo, C.P. 09000",Departamento,,San Pablo,Coyoacán,9000.0,2.0,1.0,43.0,1.0,,[],13490.0,19.321995,-99.138793,2025-11-30 10:06:27
https://propiedades.com/inmuebles/departamento-en-venta-san-lorenzo-tlaltenango-df-30555952#pagina=18&tipos=residencial-venta&area=df&pos=12,30553761.0,3468000.0,"Venta de departamento , Colonia San Lorenzo Tlaltenango, C.P. 11210",Departamento,,San Lorenzo Tlaltenango,Desconocida,11210.0,2.0,2.0,75.0,2.0,9.0,[],40360.0,,,2025-11-30 10:06:42
https://propiedades.com/inmuebles/departamento-en-venta-c-lago-zurich-243-amp-granada-miguel-hidalgo-11528-ciudad-de-mexico-cdmx-243-granada-df-30518814#pagina=26&tipos=residencial-venta&area=df&pos=10,30414700.0,8335040.0,"Departamento disponible en venta en C. Lago Zurich 243, Amp Granada, Miguel Hidalgo, 11528 Ciudad de México, CDMX #243Int. 23G, Colonia Granada, C.P. 11520",Departamento,C. Lago Zurich 243,Granada,Miguel Hidalgo,11528.0,2.0,1.0,105.0,2.0,,['Cisterna'],65250.0,19.445559,-99.203473,2025-11-30 10:07:33
https://propiedades.com/inmuebles/departamento-en-venta-pino-622-622-arenal-df-29296541#pagina=12&tipos=residencial-venta&area=df&pos=26,11930149.0,2900000.0,"Venta de departamento en Pino 622 #622Int. 7, Colonia Arenal, C.P. 02980",Departamento,"Atlampa, Ciudad de México",Arenal,Desconocida,2980.0,2.0,1.0,65.0,2.0,,[],33450.0,,,2025-11-30 10:07:47
https://propiedades.com/inmuebles/departamento-en-venta-tamaulipas-13-depto-3-cuajimalpa-cdmx-cp-05000-cuajimalpa-df-29907176#pagina=2&tipos=residencial-venta&area=df&pos=45,30569717.0,3529000.0,"Departamento en venta, Tamaulipas 13 Depto 3, Cuajimalpa, CDMX, C.P. 05000, Colonia Cuajimalpa, C.P. 05000",Departamento,,Cuajimalpa,Cuajimalpa,5000.0,3.0,2.0,120.0,2.0,30.0,['Cisterna'],35080.0,19.357981,-99.278199,2025-11-30 10:08:03
https://propiedades.com/inmuebles/departamento-en-venta-maestro-antonio-caso-tabacalera-df-23819882#pagina=19&tipos=residencial-venta&area=df&pos=41,28240277.0,4548273.0,"Se vende departamento Maestro Antonio Caso, Colonia Tabacalera, C.P. 06030",Departamento,,Tabacalera,Desconocida,6030.0,2.0,1.0,0.0,1.0,,[],61480.0,,,2025-11-30 10:08:19
https://propiedades.com/inmuebles/departamento-en-venta-pueblo-de-san-juan-de-aragon-ciudad-de-mexico-cdmx-ex-ejido-san-juan-de-aragon-sector-33-df-30518560#pagina=27&tipos=residencial-venta&area=df&pos=47,29522515.0,1625000.0,"Se vende departamento Pueblo de San Juan de Aragón, Ciudad de México, CDMX, Colonia Ex Ejido San Juan de Aragón Sector 33, C.P. 07940",Departamento,,Ex Ejido San Juan de Aragón Sector 33,Desconocida,7940.0,2.0,1.0,63.0,2.0,,[],8940.0,,,2025-11-30 10:08:32
https://propiedades.com/inmuebles/departamento-en-venta-zapotecas-ajusco-04300-ciudad-de-mexico-cdmx-ajusco-df-30396308#pagina=14&tipos=residencial-venta&area=df&pos=8,30569263.0,3250000.0,"Venta de departamento Zapotecas, Ajusco, 04300 Ciudad de México, CDMX, Colonia Ajusco, C.P. 04300",Departamento,,Ajusco,Desconocida,4300.0,2.0,2.0,67.0,1.0,1.0,['Cisterna'],34050.0,,,2025-11-30 10:08:47
https://propiedades.com/inmuebles/departamento-en-venta-c-bajio-368-codigo-2-roma-sur-cuauhtemoc-06100-ciudad-de-mexico-cdmx-368-hipodromo-condesa-df-30241752#pagina=14&tipos=residencial-venta&area=df&pos=10,28452334.0,6500000.0,"Departamento en venta disponible en C. Bajío 368, código 2, Roma Sur, Cuauhtémoc, 06100 Ciudad de México, CDMX #368, Colonia Hipódromo Condesa, C.P. 06170",Departamento,Disponible en C. Bajío 368,Hipódromo Condesa,Cuauhtémoc,6100.0,2.0,2.0,87.0,1.0,7.0,[],62600.0,19.409266,-99.179582,2025-11-30 10:09:01
https://propiedades.com/inmuebles/departamento-en-venta-cedro-santa-maria-la-ribera-df-30344623#pagina=7&tipos=residencial-venta&area=df&pos=38,29445798.0,2775000.0,"Se vende departamento cedro , Colonia Santa Maria La Ribera, C.P. 06400",Departamento,,Santa Maria la Ribera,Desconocida,6400.0,1.0,1.0,46.0,,,[],36890.0,,,2025-11-30 10:09:17
https://propiedades.com/inmuebles/casa-en-condominio-en-venta-privada-san-francisco-sn-barrio-san-francisco-df-28764551#pagina=9&tipos=residencial-venta&area=df&pos=5,30206251.0,9580000.0,"Se vende casa en condominio en Privada San Francisco #s/n, Colonia Barrio San Francisco, C.P. 10500",Casa,Condominio en Privada San Francisco #s/n,Barrio San Francisco,Tláhuac,10500.0,4.0,4.0,340.0,3.0,11.0,['Cisterna'],,19.270391,-99.00475,2025-11-30 10:09:33
https://propiedades.com/inmuebles/departamento-en-venta-san-rafael-sn-san-rafael-df-29440102#pagina=30&tipos=residencial-venta&area=df&pos=29,29353682.0,4190000.0,"Departamento disponible en venta en San Rafael #s/n, Colonia San Rafael, C.P. 06470",Departamento,"Cuauhtémoc, Ciudad de México",San Rafael,Cuauhtémoc,6470.0,1.0,2.0,65.0,1.0,7.0,[],44580.0,19.441588,-99.166431,2025-11-30 10:09:50
https://propiedades.com/inmuebles/casa-en-venta-clavel-mz-50-lt-22-degollado-mexicatlalli-df-28853157#pagina=35&tipos=residencial-venta&area=df&pos=3,30452964.0,2500000.0,"Casa disponible en venta en Clavel #Mz 50 lt 22, Colonia Degollado - Mexicatlalli, C.P. 09705",Casa,Clavel #mz 50 Lt 22,Degollado - Mexicatlalli,Desconocida,9705.0,6.0,1.0,,2.0,20.0,['Cisterna'],20840.0,,,2025-11-30 10:11:21
https://propiedades.com/inmuebles/departamento-en-venta-antonio-noemi-6-6-lomas-de-memetla-df-29992217#pagina=11&tipos=residencial-venta&area=df&pos=40,29037854.0,2300000.0,"Departamento en venta, Antonio Noemí 6 #6, Colonia Lomas de Memetla, C.P. 05330",Departamento,Venta,Lomas de Memetla,Desconocida,5330.0,1.0,1.0,,,20.0,['Cisterna'],42750.0,,,2025-11-30 10:11:33
https://propiedades.com/inmuebles/departamento-en-venta-felipe-carrillo-puerto-198-anahuac-ii-seccion-df-30072347#pagina=13&tipos=residencial-venta&area=df&pos=16,30588720.0,2400000.0,"Venta de departamento Felipe Carrillo Puerto #198, Colonia Anahuac II Sección, C.P. 11320",Departamento,,Anahuac Ii Sección,Miguel Hidalgo,11320.0,3.0,1.0,47.0,,7.0,['Cisterna'],39760.0,19.407116,-99.190617,2025-11-30 10:11:52
https://propiedades.com/inmuebles/departamento-en-venta-san-miguel-df-30555998#pagina=24&tipos=residencial-venta&area=df&pos=9,30427535.0,2063200.0,"Departamento disponible en venta en , Colonia San Miguel, C.P. 09360",Departamento,"Iztapalapa, Ciudad de México",San Miguel,Miguel Hidalgo,9360.0,2.0,1.0,49.0,1.0,6.0,[],18920.0,19.411038,-99.185778,2025-11-30 10:12:07
https://propiedades.com/inmuebles/departamento-en-venta-calle-rio-grijalva-cuauhtemoc-06500-ciudad-de-mexico-cdmx-cuauhtemoc-df-30404003#pagina=34&tipos=residencial-venta&area=df&pos=46,28295538.0,6500000.0,"Departamento disponible en venta en Calle Río Grijalva, Cuauhtémoc, 06500 Ciudad de México, CDMX, Colonia Cuauhtémoc, C.P. 06500",Departamento,Calle Río Grijalva,Cuauhtémoc,Cuauhtémoc,6500.0,2.0,2.0,90.0,1.0,1.0,[],60120.0,19.43349,-99.170055,2025-11-30 10:12:22
https://propiedades.com/inmuebles/casa-en-venta-juarez-df-30171249#pagina=19&tipos=residencial-venta&area=df&pos=19,,20000000.0,"Se vende casa , Colonia Juárez, C.P. 06600",Casa,,Juárez,Cuauhtémoc,6600.0,7.0,6.0,0.0,,85.0,[],59910.0,19.43327,-99.147684,2025-11-30 10:12:37
https://propiedades.com/inmuebles/departamento-en-venta-icacos-5854-narvarte-oriente-benito-juarez-03023-ciudad-de-mexico-cdmx-narvarte-oriente-df-30334470#pagina=2&tipos=residencial-venta&area=df&pos=37,30334167.0,3222090.0,"Departamento en venta disponible en Icacos 58-54, Narvarte Oriente, Benito Juárez, 03023 Ciudad de México, CDMX, Colonia Narvarte Oriente, C.P. 03023",Departamento,Disponible en Icacos 58-54,Narvarte Oriente,Benito Juárez,3023.0,3.0,1.0,76.0,,1.0,[],41310.0,19.393267,-99.150258,2025-11-30 10:12:52
https://propiedades.com/inmuebles/departamento-en-venta-c-uno-59-acacias-benito-juarez-03240-ciudad-de-mexico-cdmx-59-acacias-df-30541678#pagina=9&tipos=residencial-venta&area=df&pos=22,,8300000.0,"Departamento en venta disponible en C. Uno 59, Acacias, Benito Juárez, 03240 Ciudad de México, CDMX #59, Colonia Acacias, C.P. 03240",Departamento,Disponible en C. Uno 59,Acacias,Benito Juárez,3240.0,3.0,3.0,,,25.0,"['Cisterna', 'Telefonía']",51020.0,19.363974,-99.174171,2025-11-30 10:13:08
https://propiedades.com/inmuebles/departamento-en-venta-carlos-b-zetina-escandon-i-seccion-df-29740625#pagina=5&tipos=residencial-venta&area=df&pos=2,27431004.0,8382000.0,"Departamento disponible en venta en Carlos B. Zetina, Colonia Escandón I Sección, C.P. 11800",Departamento,Carlos B. Zetina,Escandón I Sección,Miguel Hidalgo,11800.0,1.0,2.0,74.0,2.0,,[],42820.0,19.407116,-99.190617,2025-11-30 10:13:22
https://propiedades.com/inmuebles/casa-en-venta-ticul-116-jardines-del-ajusco-df-30320934#pagina=9&tipos=residencial-venta&area=df&pos=36,29533229.0,13500000.0,"Casa en venta disponible en Ticul #116, Colonia Jardines del Ajusco, C.P. 14200",Casa,"tlalpan, ciudad de méxico",Jardines del Ajusco,Desconocida,14200.0,4.0,4.0,9.0,6.0,25.0,['Cisterna'],14570.0,,,2025-11-30 10:13:40
https://propiedades.com/inmuebles/casa-en-venta-bandera-274-la-laguna-ticoman-gustavo-a-madero-07330-ciudad-de-mexico-cdmx-274-santa-maria-ticoman-df-30545397#pagina=2&tipos=residencial-venta&area=df&pos=19,30296542.0,6000000.0,"Venta de casa Bandera 274, La Laguna Ticoman, Gustavo A. Madero, 07330 Ciudad de México, CDMX #274, Colonia Santa Maria Ticoman, C.P. 07330",Casa,,Santa Maria Ticoman,Gustavo A. Madero,7330.0,6.0,4.0,,2.0,20.0,"['Cisterna', 'Telefonía']",15270.0,19.515409,-99.131891,2025-11-30 10:14:35
https://propiedades.com/inmuebles/departamento-en-venta-departamento-con-2-recamaras-y-amenidades-en-roma-norte-16-roma-norte-df-29008612#pagina=10&tipos=residencial-venta&area=df&pos=2,29714655.0,5.0,"Departamento en venta disponible en DEPARTAMENTO CON 2 RECAMARAS Y AMENIDADES EN ROMA NORTE #16, Colonia Roma Norte, C.P. 06700",Departamento,Disponible en Departamento CON 2 Recamaras Y Amenidades EN Roma Norte #16,Roma Norte,Cuauhtémoc,6700.0,2.0,2.0,70.0,1.0,1.0,['Cisterna'],54490.0,19.418323,-99.162565,2025-11-30 10:14:49
https://propiedades.com/inmuebles/departamento-en-venta-bernardo-quintana-51-santa-fe-df-28487224#pagina=14&tipos=residencial-venta&area=df&pos=17,30556002.0,12100000.0,"Departamento disponible en venta en BERNARDO QUINTANA #51, Colonia Santa Fe, C.P. 01210",Departamento,,Santa Fe,Álvaro Obregón,1210.0,3.0,3.0,220.0,3.0,13.0,['Cisterna'],52900.0,19.383964,-99.235094,2025-11-30 10:15:08
https://propiedades.com/inmuebles/departamento-en-venta-c-11-san-pedro-de-los-pinos-03800-ciudad-de-mexico-cdmx-san-pedro-de-los-pinos-df-30411208#pagina=9&tipos=residencial-venta&area=df&pos=25,,1600000.0,"Venta departamento en C. 11, San Pedro de los Pinos, 03800 Ciudad de México, CDMXInt. 14, Colonia San Pedro de los Pinos, C.P. 03800",Departamento,C. 11,San Pedro de los Pinos,Desconocida,3800.0,1.0,1.0,,,30.0,[],39790.0,,,2025-11-30 10:15:25
https://propiedades.com/inmuebles/departamento-en-venta-av-insurgentes-nte-1938-lindavista-gustavo-a-madero-07300-ciudad-de-mexico-cdmx-1938-lindavista-norte-df-30407340#pagina=11&tipos=residencial-venta&area=df&pos=22,28545937.0,2770000.0,"Se vende departamento en Av. Insurgentes Nte. 1938, Lindavista, Gustavo A. Madero, 07300 Ciudad de México, CDMX #1938, Colonia Lindavista Norte, C.P. 07300",Departamento,Avenida Insurgentes Nte. 1938,Lindavista Norte,Gustavo A. Madero,7300.0,2.0,1.0,66.0,,1.0,['Cisterna'],34430.0,19.485215,-99.124549,2025-11-30 10:15:38
https://propiedades.com/inmuebles/casa-en-condominio-en-venta-avenida-san-francisco-139-139-barrio-san-francisco-df-28938585#pagina=14&tipos=residencial-venta&area=df&pos=7,30096157.0,5950000.0,"Venta de casa en condominio Avenida San Francisco 139 #139Int. 3, Colonia Barrio San Francisco, C.P. 10500",Casa,Avenida San Francisco 139 #139Int. 3,Barrio San Francisco,Tláhuac,10500.0,3.0,3.0,,2.0,31.0,['Cisterna'],,19.270391,-99.00475,2025-11-30 10:15:52
https://propiedades.com/inmuebles/casa-en-venta-callejon-de-soledad-san-nicolas-totolapan-df-28876854#pagina=4&tipos=residencial-venta&area=df&pos=38,30408093.0,9300000.0,"Se vende casa en Callejón de Soledad, Colonia San Nicolás Totolapan, C.P. 10900",Casa,Callejón de Soledad,San Nicolás Totolapan,La Magdalena Contreras,10900.0,1.0,3.0,300.0,4.0,23.0,[],20420.0,19.297943,-99.244117,2025-11-30 10:16:08
https://propiedades.com/inmuebles/departamento-en-venta-euler-polanco-v-seccion-df-28911296#pagina=25&tipos=residencial-venta&area=df&pos=47,29420598.0,9990000.0,"Departamento disponible en venta en Euler, Colonia Polanco V Sección, C.P. 11560",Departamento,Euler,Polanco V Sección,Miguel Hidalgo,11560.0,3.0,2.0,210.0,2.0,,[],84460.0,19.429379,-99.196393,2025-11-30 10:16:24
https://propiedades.com/inmuebles/casa-en-venta-aquiles-serdan-jesus-y-san-juan-cdad-de-apizaco-tlax-ampliacion-cocoyotes-df-30296028#pagina=32&tipos=residencial-venta&area=df&pos=4,30157758.0,3700000.0,"Casa disponible en venta en Aquiles Serdán, Jesús y San Juan, Cdad. de Apizaco, Tlax., Colonia Ampliación Cocoyotes, C.P. 07180",Casa,Aquiles Serdán,Ampliación Cocoyotes,Desconocida,7180.0,3.0,5.0,260.0,1.0,,['Cisterna'],27470.0,,,2025-11-30 10:16:41
https://propiedades.com/inmuebles/departamento-en-venta-periferico-ampliacion-fuentes-del-pedregal-df-26232736#pagina=20&tipos=residencial-venta&area=df&pos=17,30351798.0,7500000.0,"Departamento en venta, periférico, Colonia Ampliación Fuentes del Pedregal, C.P. 14110",Departamento,Venta,Ampliación Fuentes del Pedregal,Desconocida,14110.0,3.0,1.0,0.0,1.0,,['Aire acondicionado'],47970.0,,,2025-11-30 10:17:02
https://propiedades.com/inmuebles/casa-en-venta-san-mateo-df-30458587#pagina=17&tipos=residencial-venta&area=df&pos=5,,2025108.0,"Casa en venta, , Colonia San Mateo, C.P. 13040",Casa,Venta,San Mateo,Desconocida,13040.0,4.0,2.0,,,,['Aire acondicionado'],11370.0,,,2025-11-30 10:17:35
https://propiedades.com/inmuebles/casa-en-venta-lomas-quebradas-san-jeronimo-lidice-df-28553808#pagina=20&tipos=residencial-venta&area=df&pos=43,,19000000.0,"Se vende casa en Lomas Quebradas, Colonia San Jerónimo Lídice, C.P. 10200",Casa,Lomas Quebradas,San Jerónimo Lídice,La Magdalena Contreras,10200.0,3.0,3.0,0.0,,,[],31770.0,19.319228,-99.235567,2025-11-30 10:17:51
https://propiedades.com/inmuebles/departamento-en-venta-departamento-de-3-recamaras-y-amenidades-en-del-valle-del-valle-sur-df-30432873#pagina=29&tipos=residencial-venta&area=df&pos=5,30003088.0,8860000.0,"Se vende departamento en DEPARTAMENTO DE 3 RECAMARAS Y AMENIDADES EN DEL VALLE , Colonia Del Valle Sur, C.P. 03104",Departamento,"dos lugares de estacionamiento (elevauto) en la colonia Del Valle Centro, Ciudad de México",Del Valle Sur,Benito Juárez,3104.0,3.0,2.0,125.0,2.0,1.0,['Cisterna'],42630.0,19.389128,-99.175683,2025-11-30 10:18:06
https://propiedades.com/inmuebles/departamento-en-venta-av-sta-lucia-899-colina-del-sur-alvaro-obregon-01430-ciudad-de-mexico-cdmx-899-colina-del-sur-df-30505594#pagina=30&tipos=residencial-venta&area=df&pos=4,29133130.0,2305500.0,"Departamento en venta, Av. Sta. Lucia 899, Colina del Sur, Álvaro Obregón, 01430 Ciudad de México, CDMX #899, Colonia Colina del Sur, C.P. 01430",Departamento,Venta,Colina del Sur,Álvaro Obregón,1430.0,3.0,1.0,,1.0,23.0,"['Cisterna', 'Telefonía']",19060.0,19.362921,-99.220752,2025-11-30 10:18:24
https://propiedades.com/inmuebles/departamento-en-venta-simon-bolivar-714-alamos-df-27909823#pagina=10&tipos=residencial-venta&area=df&pos=32,30575698.0,2750000.0,"Se vende departamento en Simon Bolivar #714Int. 204, Colonia Álamos, C.P. 03400",Departamento,Simon Bolivar #714int. 204,Álamos,Benito Juárez,3400.0,2.0,1.0,52.0,1.0,21.0,[],38920.0,19.394749,-99.142949,2025-11-30 10:18:37
https://propiedades.com/inmuebles/departamento-en-venta-campos-eliseos-polanco-i-seccion-df-26937832#pagina=17&tipos=residencial-venta&area=df&pos=6,27365501.0,2150000.0,"Departamento en venta disponible en Campos Eliseos, Colonia Polanco I Sección, C.P. 11510",Departamento,Disponible en Campos Eliseos,Polanco I Sección,Miguel Hidalgo,11510.0,3.0,3.0,260.0,4.0,17.0,[],84460.0,19.429379,-99.196393,2025-11-30 10:19:02
https://propiedades.com/inmuebles/departamento-en-venta-penthouse-con-roof-privado-en-polanco-iv-secc-polanco-iv-seccion-df-30485820#pagina=2&tipos=residencial-venta&area=df&pos=12,27503847.0,28800000.0,"Departamento en venta disponible en PENTHOUSE CON ROOF PRIVADO EN POLANCO IV SECC, Colonia Polanco IV Sección, C.P. 11550",Departamento,Disponible en Penthouse CON Roof Privado EN Polanco Iv Secc,Polanco Iv Sección,Miguel Hidalgo,11550.0,2.0,3.0,251.0,2.0,1.0,['Cisterna'],84460.0,19.431891,-99.194951,2025-11-30 10:19:17
https://propiedades.com/inmuebles/departamento-en-venta-serapio-rendon-21-san-rafael-cuauhtemoc-06470-ciudad-de-mexico-cdmx-21-san-rafael-df-30357798#pagina=28&tipos=residencial-venta&area=df&pos=43,29922177.0,4450000.0,"Venta de departamento Serapio Rendon 21, San Rafael, Cuauhtémoc, 06470 Ciudad de México, CDMX #21, Colonia San Rafael, C.P. 06470",Departamento,,San Rafael,Cuauhtémoc,6470.0,1.0,1.0,15.0,1.0,1.0,[],44580.0,19.437945,-99.162422,2025-11-30 10:19:32
https://propiedades.com/inmuebles/casa-en-venta-infanteria-de-marina-8-lomas-del-chamizal-cuajimalpa-de-morelos-05129-ciudad-de-mexico-cdmx-8-lomas-del-chamizal-df-30220074#pagina=14&tipos=residencial-venta&area=df&pos=9,30049479.0,9300000.0,"Venta de casa en Infantería de Marina 8, Lomas del Chamizal, Cuajimalpa de Morelos, 05129 Ciudad de México, CDMX #8, Colonia Lomas del Chamizal, C.P. 05129",Casa,Infantería de Marina 8,Lomas del Chamizal,Cuajimalpa,5129.0,2.0,3.0,267.0,2.0,25.0,['Cisterna'],31970.0,19.388275,-99.265147,2025-11-30 10:19:46
https://propiedades.com/inmuebles/casa-en-venta-cda-de-nueces-251-hogar-y-seguridad-azcapotzalco-02820-ciudad-de-mexico-cdmx-251-nueva-santa-maria-df-30411800#pagina=9&tipos=residencial-venta&area=df&pos=34,,11500000.0,"Venta casa en Cda. de Nueces 251, Hogar y Seguridad, Azcapotzalco, 02820 Ciudad de México, CDMX #251, Colonia Nueva Santa Maria, C.P. 02800",Casa,Cda. de Nueces 251,Nueva Santa Maria,Azcapotzalco,2820.0,6.0,6.0,214.0,,20.0,['Cisterna'],6430.0,19.463835,-99.168221,2025-11-30 10:20:03
https://propiedades.com/inmuebles/casa-en-venta-bosque-de-las-lomas-bosque-de-las-lomas-df-30153137#pagina=14&tipos=residencial-venta&area=df&pos=28,30555984.0,2000000.0,"Venta de casa Bosque de las Lomas, Colonia Bosque de las Lomas, C.P. 11700",Casa,,Bosque de las Lomas,Cuajimalpa,11700.0,3.0,1.0,0.0,4.0,,[],42970.0,19.400533,-99.240839,2025-11-30 10:20:48
https://propiedades.com/inmuebles/casa-en-condominio-en-venta-avenida-san-jeronimo-san-jeronimo-lidice-df-30202427#pagina=30&tipos=residencial-venta&area=df&pos=37,29521541.0,20200000.0,"Venta de casa en condominio en Avenida San Jerónimo, Colonia San Jerónimo Lídice, C.P. 10200",Casa,Avenida San Jerónimo,San Jerónimo Lídice,La Magdalena Contreras,10200.0,3.0,3.0,,3.0,2.0,"['Cisterna', 'Telefonía']",,19.323152,-99.228826,2025-11-30 10:21:05
https://propiedades.com/inmuebles/departamento-en-venta-avenida-cuauhtemoc-156-156-doctores-df-30168834#pagina=32&tipos=residencial-venta&area=df&pos=45,30560891.0,5950000.0,"Departamento en venta disponible en Avenida Cuauhtémoc 156 #156, Colonia Doctores, C.P. 06720",Departamento,"Doctores, Ciudad de México",Doctores,Cuauhtémoc,6720.0,2.0,1.0,59.0,1.0,1.0,['Telefonía'],20910.0,19.421626,-99.143332,2025-11-30 10:21:20
https://propiedades.com/inmuebles/departamento-en-venta-departamento-con-roof-privado-en-colonia-cuauhtemoc-tabacalera-df-30039788#pagina=6&tipos=residencial-venta&area=df&pos=16,27589475.0,7142500.0,"Venta departamento en DEPARTAMENTO CON ROOF PRIVADO EN COLONIA CUAUHTEMOC, Colonia Tabacalera, C.P. 06030",Departamento,calle tranquila con vista a un parque 70m2 Habitables,Tabacalera,Desconocida,6030.0,2.0,2.0,,1.0,1.0,[],61480.0,,,2025-11-30 10:21:36
https://propiedades.com/inmuebles/departamento-en-venta-libertad-df-30425322#pagina=16&tipos=residencial-venta&area=df&pos=7,30427758.0,2660000.0,"Se vende departamento en , Colonia Libertad, C.P. 02050",Departamento,"C.P. 02020, Ciudad de México",Libertad,Desconocida,2050.0,2.0,2.0,59.0,,,[],17010.0,,,2025-11-30 10:21:51
https://propiedades.com/inmuebles/departamento-en-venta-chicontepec-hipodromo-df-30466566#pagina=17&tipos=residencial-venta&area=df&pos=31,30432884.0,7900000.0,"Venta de departamento CHICONTEPEC, Colonia Hipódromo, C.P. 06100",Departamento,"Cuauhtémoc, Ciudad de México",Hipódromo,Cuauhtémoc,6100.0,2.0,2.0,0.0,2.0,6.0,[],62600.0,19.413881,-99.167828,2025-11-30 10:22:07
https://propiedades.com/inmuebles/departamento-en-venta-juarez-df-30536452#pagina=3&tipos=residencial-venta&area=df&pos=42,29852613.0,7100000.0,"Venta de departamento _ , Colonia Juárez, C.P. 06600",Departamento,,Juárez,Cuauhtémoc,6600.0,3.0,2.0,210.0,2.0,,[],56650.0,19.43327,-99.147684,2025-11-30 10:22:23
https://propiedades.com/inmuebles/casa-en-venta-3-cerrada-monte-alto-23-23-jesus-del-monte-df-29943500#pagina=27&tipos=residencial-venta&area=df&pos=14,6782469.0,4900000.0,"Casa en venta, 3 Cerrada Monte Alto 23 #23, Colonia Jesús del Monte, C.P. 05260",Casa,"C.P. 05260, Ciudad de México",Jesús del Monte,Desconocida,5260.0,3.0,3.0,,3.0,10.0,"['Cisterna', 'Telefonía']",27690.0,,,2025-11-30 10:22:37
https://propiedades.com/inmuebles/departamento-en-venta-del-angel-64-san-jose-insurgentes-benito-juarez-03900-ciudad-de-mexico-cdmx-64-san-jose-insurgentes-df-30378769#pagina=7&tipos=residencial-venta&area=df&pos=31,28664273.0,11300000.0,"Venta departamento en Del Angel 64, San José Insurgentes, Benito Juárez, 03900 Ciudad de México, CDMX #64, Colonia San José Insurgentes, C.P. 03900",Departamento,Del Angel 64,San José Insurgentes,Benito Juárez,3900.0,3.0,2.0,165.0,2.0,,[],47820.0,19.36711,-99.184133,2025-11-30 10:22:51
https://propiedades.com/inmuebles/casa-en-condominio-en-venta-camino-real-a-tetelpan-san-agustin-del-pueblo-tetelpan-df-28408597#pagina=12&tipos=residencial-venta&area=df&pos=45,30038842.0,24000000.0,"Casa en condominio disponible en venta en Camino Real a Tetelpan, Colonia San Agustín del Pueblo Tetelpan, C.P. 01700",Casa,Condominio Disponible en Venta en Camino Real A Tetelpan,San Agustín del Pueblo Tetelpan,Desconocida,1700.0,4.0,5.0,,,7.0,['Cisterna'],,,,2025-11-30 10:23:07
https://propiedades.com/inmuebles/casa-en-venta-ticul-jardines-del-ajusco-df-29998566#pagina=21&tipos=residencial-venta&area=df&pos=41,29481437.0,13200000.0,"Casa en venta, Ticul, Colonia Jardines del Ajusco, C.P. 14200",Casa,Venta,Jardines del Ajusco,Desconocida,14200.0,4.0,4.0,500.0,4.0,,[],14570.0,,,2025-11-30 10:23:43
https://propiedades.com/inmuebles/departamento-en-venta-agustin-gonzales-de-cossio-del-valle-centro-df-27596362#pagina=5&tipos=residencial-venta&area=df&pos=20,30010771.0,9490000.0,"Se vende departamento Agustín Gonzales de Cossio, Colonia Del Valle Centro, C.P. 03100",Departamento,,Del Valle Centro,Benito Juárez,3100.0,2.0,3.0,133.0,2.0,,[],42630.0,19.386924,-99.163602,2025-11-30 10:24:05
https://propiedades.com/inmuebles/departamento-en-venta-eje-central-lazaro-cardenas-189-guerrero-cuauhtemoc-06300-ciudad-de-mexico-cdmx-guerrero-df-30296886#tipos=residencial-venta&area=df&pos=33,30528006.0,1924000.0,"Venta de departamento en Eje Central Lázaro Cárdenas 189, Guerrero, Cuauhtémoc, 06300 Ciudad de México, CDMX, Colonia Guerrero, C.P. 06300",Departamento,Eje Central Lázaro Cárdenas 189,Guerrero,Cuauhtémoc,6300.0,2.0,1.0,47.0,1.0,7.0,[],16480.0,19.443982,-99.139378,2025-11-30 10:24:21
https://propiedades.com/inmuebles/departamento-en-venta-av-de-las-torres-valle-escondido-ciudad-de-mexico-cdmx-33-valle-escondido-df-30490237#pagina=25&tipos=residencial-venta&area=df&pos=28,30206732.0,2490000.0,"Se vende departamento en Av. de las Torres, Valle Escondido, Ciudad de México, CDMX #33, Colonia Valle Escondido, C.P. 14600",Departamento,"Valle Escondido, Ciudad de México",Valle Escondido,Desconocida,14600.0,2.0,1.0,75.0,1.0,1.0,['Cisterna'],34990.0,,,2025-11-30 10:24:36
https://propiedades.com/inmuebles/casa-en-venta-londres-juarez-df-30516434#pagina=15&tipos=residencial-venta&area=df&pos=36,30582919.0,28500000.0,"Venta de casa LONDRES, Colonia Juárez, C.P. 06600",Casa,,Juárez,Cuauhtémoc,6600.0,3.0,4.0,310.0,1.0,,[],59910.0,19.43327,-99.147684,2025-11-30 10:24:51
https://propiedades.com/inmuebles/departamento-en-venta-diego-becerra-san-jose-insurgentes-df-30155747#pagina=24&tipos=residencial-venta&area=df&pos=10,30432796.0,13210810.0,"Venta de departamento en DIEGO BECERRA, Colonia San José Insurgentes, C.P. 03900",Departamento,Diego Becerra,San José Insurgentes,Desconocida,3900.0,3.0,3.0,0.0,4.0,,[],47820.0,,,2025-11-30 10:25:08
https://propiedades.com/inmuebles/departamento-en-venta-c-gabino-barreda-89-san-rafael-cuauhtemoc-06470-ciudad-de-mexico-cdmx-89-san-rafael-df-30432132#pagina=29&tipos=residencial-venta&area=df&pos=39,30563222.0,5100000.0,"Venta departamento en C. Gabino Barreda 89, San Rafael, Cuauhtémoc, 06470 Ciudad de México, CDMX #89, Colonia San Rafael, C.P. 06470",Departamento,C. Gabino Barreda 89,San Rafael,Cuauhtémoc,6470.0,2.0,2.0,64.0,1.0,1.0,[],44580.0,19.438513,-99.163704,2025-11-30 10:25:24
https://propiedades.com/inmuebles/departamento-en-venta-calzada-de-tlalpan-2971-2971-pueblo-de-santa-ursula-coapa-df-29946233#pagina=35&tipos=residencial-venta&area=df&pos=35,25904087.0,4500000.0,"Se vende departamento en Calzada de Tlalpan 2971 #2971, Colonia Pueblo de Santa Ursula Coapa, C.P. 04650",Departamento,Calzada de Tlalpan 2971 #2971,Pueblo de Santa Ursula Coapa,Coyoacán,4650.0,2.0,2.0,400.0,2.0,12.0,"['Cisterna', 'Telefonía']",26500.0,19.349861,-99.161975,2025-11-30 10:25:39
https://propiedades.com/inmuebles/departamento-en-venta-av-chapultepec-49-colonia-centro-roma-nte-cuauhtemoc-06040-ciudad-de-mexico-cdmx-roma-norte-df-30333846#tipos=residencial-venta&area=df&pos=35,28669216.0,2390000.0,"Departamento en venta disponible en Av Chapultepec 49, Colonia Centro, Roma Nte., Cuauhtémoc, 06040 Ciudad de México, CDMX, Colonia Roma Norte, C.P. 06700",Departamento,Disponible en Av Chapultepec 49,Roma Norte,Cuauhtémoc,6040.0,1.0,1.0,33.0,0.0,1.0,[],54490.0,19.418323,-99.162565,2025-11-30 10:25:57
https://propiedades.com/inmuebles/casa-en-venta-francisco-landino-67-67-santa-ana-centro-df-30053141#pagina=13&tipos=residencial-venta&area=df&pos=28,29079672.0,4600000.0,"Casa en venta disponible en Francisco Landino 67 #67, Colonia Santa Ana Centro, C.P. 13300",Casa,Disponible en Francisco Landino 67 #67,Santa Ana Centro,Cuauhtémoc,13300.0,3.0,2.0,,,1.0,[],19680.0,19.43263,-99.133178,2025-11-30 10:26:13
https://propiedades.com/inmuebles/departamento-en-venta-sierra-candela-lomas-de-chapultepec-i-seccion-df-29903695#pagina=20&tipos=residencial-venta&area=df&pos=1,29334296.0,14995000.0,"Departamento en venta, Sierra Candela, Colonia Lomas de Chapultepec I Sección, C.P. 11000",Departamento,Venta,Lomas de Chapultepec I Sección,Miguel Hidalgo,11000.0,3.0,3.0,300.0,3.0,30.0,[],58630.0,19.410697,-99.21981,2025-11-30 10:27:51
https://propiedades.com/inmuebles/departamento-en-venta-moderna-df-27483253#pagina=26&tipos=residencial-venta&area=df&pos=26,30334170.0,2500000.0,"Departamento en venta disponible en , Colonia Moderna, C.P. 03510",Departamento,Disponible en,Moderna,Desconocida,3510.0,1.0,2.0,60.0,1.0,,[],25030.0,,,2025-11-30 10:28:08
https://propiedades.com/inmuebles/departamento-en-venta-calz-de-guadalupe-tepeyac-insurgentes-ciudad-de-mexico-cdmx-742-aragon-la-villa-df-30537502#pagina=30&tipos=residencial-venta&area=df&pos=24,30519144.0,1700000.0,"Venta de departamento Calz de Guadalupe, Tepeyac Insurgentes, Ciudad de México, CDMX #742, Colonia Aragón la Villa, C.P. 07000",Departamento,"Tepeyac Insurgentes, Ciudad de México",Aragón la Villa,Desconocida,7000.0,3.0,1.0,,,20.0,[],16900.0,,,2025-11-30 10:28:23
https://propiedades.com/inmuebles/casa-en-venta-calle-del-portal-26-26-jardines-del-sur-df-29700625#pagina=35&tipos=residencial-venta&area=df&pos=21,29808933.0,5500000.0,"Venta de casa en Calle del Portal 26 #26, Colonia Jardines del Sur, C.P. 16050",Casa,Calle del Portal 26 #26,Jardines del Sur,Desconocida,16050.0,4.0,3.0,200.0,3.0,,[],18400.0,,,2025-11-30 10:28:36
https://propiedades.com/inmuebles/departamento-en-venta-san-pedro-xalpa-df-30556010#pagina=18&tipos=residencial-venta&area=df&pos=7,30031628.0,2137500.0,"Venta departamento en , Colonia San Pedro Xalpa, C.P. 02710",Departamento,,San Pedro Xalpa,Azcapotzalco,2710.0,2.0,2.0,60.0,1.0,,[],21260.0,19.483774,-99.210195,2025-11-30 10:28:53
https://propiedades.com/inmuebles/departamento-en-venta-calz-san-juan-de-aragon-preparatoria-3-ciudad-de-mexico-cdmx-sn-dm-nacional-df-30477488#pagina=34&tipos=residencial-venta&area=df&pos=36,30519414.0,2037000.0,"Departamento en venta disponible en Calz. San Juan de Aragón, Preparatoria 3, Ciudad de México, CDMX #s/n, Colonia DM Nacional, C.P. 07450",Departamento,"Preparatoria 3, Ciudad de México",Dm Nacional,Desconocida,7450.0,2.0,1.0,58.0,1.0,20.0,['Cisterna'],19680.0,,,2025-11-30 10:29:09
https://propiedades.com/inmuebles/departamento-en-venta-av-del-castillo-cuautepec-de-madero-ciudad-de-mexico-cdmx-ampliacion-cocoyotes-df-30346999#pagina=30&tipos=residencial-venta&area=df&pos=31,,3100000.0,"Departamento en venta disponible en Av del Castillo, Cuautepec de Madero, Ciudad de México, CDMX, Colonia Ampliación Cocoyotes, C.P. 07180",Departamento,"Cuautepec de Madero, Ciudad de México",Ampliación Cocoyotes,Desconocida,7180.0,3.0,2.0,,,51.0,[],13440.0,,,2025-11-30 10:29:25
https://propiedades.com/inmuebles/casa-en-venta-colinas-del-bosque-df-30199433#pagina=22&tipos=residencial-venta&area=df&pos=35,29110781.0,90000000.0,"Casa en venta disponible en , Colonia Colinas del Bosque, C.P. 14608",Casa,Disponible en,Colinas del Bosque,Desconocida,14608.0,2.0,4.0,,,,[],35730.0,,,2025-11-30 10:29:42
https://propiedades.com/inmuebles/departamento-en-venta-av-ejercito-nacional-mexicano-769-granada-miguel-hidalgo-11520-ciudad-de-mexico-cdmx-769-granada-df-30473107#pagina=7&tipos=residencial-venta&area=df&pos=18,30537460.0,18400000.0,"Venta de departamento en Av. Ejército Nacional Mexicano 769, Granada, Miguel Hidalgo, 11520 Ciudad de México, CDMX #769, Colonia Granada, C.P. 11520",Departamento,Avenida Ejército Nacional Mexicano 769,Granada,Miguel Hidalgo,11520.0,3.0,3.0,165.0,3.0,3.0,[],65250.0,19.438374,-99.198213,2025-11-30 10:29:58
https://propiedades.com/inmuebles/casa-en-venta-coatepec-roma-sur-06760-ciudad-de-mexico-cdmx-sn-roma-sur-df-30464815#pagina=29&tipos=residencial-venta&area=df&pos=1,29541335.0,11000000.0,"Se vende casa Coatepec, Roma Sur, 06760 Ciudad de México, CDMX #s/n, Colonia Roma Sur, C.P. 06760",Casa,,Roma Sur,Cuauhtémoc,6760.0,4.0,3.0,,,40.0,"['Cisterna', 'Telefonía']",43720.0,19.405833,-99.163304,2025-11-30 10:30:12
https://propiedades.com/inmuebles/departamento-en-venta-avenida-santa-fe-475-475-lomas-de-santa-fe-30206593#pagina=21&tipos=residencial-venta&area=df&pos=7,,13390000.0,"Se vende departamento en Avenida Santa Fe 475 #475, Colonia Lomas de Santa Fe, C.P. 05300",Departamento,Avenida Santa Fe 475 #475,Lomas de Santa Fe,Álvaro Obregón,5300.0,3.0,4.0,,,19.0,['Cisterna'],,19.370142,-99.266131,2025-11-30 10:30:36
https://propiedades.com/inmuebles/departamento-en-venta-avenida-de-los-poetas-tres-cumbres-santa-fe-san-mateo-tlaltenango-df-19707333#pagina=19&tipos=residencial-venta&area=df&pos=36,29756871.0,12300000.0,"Venta de departamento en AVENIDA DE LOS POETAS, TRES CUMBRES, SANTA FE, Colonia San Mateo Tlaltenango, C.P. 05600",Departamento,Avenida DE LOS Poetas,San Mateo Tlaltenango,Desconocida,5600.0,3.0,2.0,173.0,2.0,2.0,[],52900.0,,,2025-11-30 10:30:51
https://propiedades.com/inmuebles/casa-en-venta-av-rio-churubusco-general-pedro-maria-anaya-df-29702362#pagina=23&tipos=residencial-venta&area=df&pos=14,28490472.0,10900000.0,"Venta casa en Av. Rio Churubusco, Colonia General Pedro Maria Anaya, C.P. 03340",Casa,,General Pedro Maria Anaya,Desconocida,3340.0,4.0,3.0,0.0,2.0,,[],39640.0,,,2025-11-30 10:31:08
https://propiedades.com/inmuebles/departamento-en-venta-juventino-rosas-1-peralvillo-cuauhtemoc-06220-ciudad-de-mexico-cdmx-peralvillo-df-30396403#tipos=residencial-venta&area=df&pos=15,27472271.0,2131146.0,"Venta de departamento en ""Juventino Rosas 1, Peralvillo, Cuauhtémoc, 06220 Ciudad de México, CDMX "", Colonia Peralvillo, C.P. 06220",Departamento,"""juventino Rosas 1",Peralvillo,Cuauhtémoc,6220.0,2.0,2.0,54.0,1.0,1.0,[],19750.0,19.458704,-99.132834,2025-11-30 10:31:23
https://propiedades.com/inmuebles/departamento-en-venta-departamento-con-2-recamaras-y-amenidades-en-napoles-napoles-df-29554454#pagina=9&tipos=residencial-venta&area=df&pos=2,29706553.0,6100000.0,"Se vende departamento DEPARTAMENTO CON 2 RECAMARAS Y AMENIDADES EN NAPOLES, Colonia Napoles, C.P. 03810",Departamento,Napoles,Napoles,Desconocida,3810.0,2.0,2.0,83.0,1.0,1.0,['Cisterna'],51830.0,,,2025-11-30 10:31:34
https://propiedades.com/inmuebles/departamento-en-venta-santa-maria-la-ribera-df-30462827#pagina=15&tipos=residencial-venta&area=df&pos=29,30344623.0,2850000.0,"Se vende departamento , Colonia Santa Maria La Ribera, C.P. 06400",Departamento,,Santa Maria la Ribera,Desconocida,6400.0,1.0,1.0,37.0,,,[],36890.0,,,2025-11-30 10:31:51
https://propiedades.com/inmuebles/departamento-en-venta-monte-chimborazo-11000-ciudad-de-mexico-cdmx-sn-lomas-de-chapultepec-v-seccion-df-30417006#pagina=11&tipos=residencial-venta&area=df&pos=4,29993040.0,7900000.0,"Venta de departamento en Monte Chimborazo, 11000 Ciudad de México, CDMX #s/n, Colonia Lomas de Chapultepec V Sección, C.P. 11000",Departamento,Monte Chimborazo,Lomas de Chapultepec V Sección,Miguel Hidalgo,11000.0,2.0,2.0,134.0,,30.0,[],58630.0,19.410697,-99.21981,2025-11-30 10:32:07
https://propiedades.com/inmuebles/casa-en-venta-colegio-jardines-del-pedregal-01900-ciudad-de-mexico-cdmx-jardines-del-pedregal-df-30477483#pagina=25&tipos=residencial-venta&area=df&pos=26,30417079.0,42000000.0,"Casa disponible en venta en Colegio, Jardines del Pedregal, 01900 Ciudad de México, CDMX, Colonia Jardines del Pedregal, C.P. 01900",Casa,Colegio,Jardines del Pedregal,Tlalpan,1900.0,3.0,3.0,0.0,8.0,9.0,"['Cisterna', 'Telefonía']",27820.0,19.290403,-99.220395,2025-11-30 10:32:22
https://propiedades.com/inmuebles/casa-en-venta-miguel-hidalgo-1a-seccion-tlalpan-14000-ciudad-de-mexico-cdmx-610-tlalpan-centro-df-30519428#pagina=7&tipos=residencial-venta&area=df&pos=22,29862169.0,5500000.0,"Se vende casa en Miguel Hidalgo, 1a. Sección, Tlalpan, 14000 Ciudad de México, CDMX #610, Colonia Tlalpan Centro, C.P. 14000",Casa,Miguel Hidalgo,Tlalpan Centro,Cuauhtémoc,14000.0,3.0,3.0,,2.0,30.0,['Cisterna'],30640.0,19.43263,-99.133178,2025-11-30 10:32:35
https://propiedades.com/inmuebles/casa-en-condominio-en-venta-pablo-de-la-llave-bosques-de-tetlameya-df-29951149#pagina=8&tipos=residencial-venta&area=df&pos=4,,15000000.0,"Casa en condominio en venta, Pablo de la Llave, Colonia Bosques de Tetlameya, C.P. 04730",Casa,Condominio en Venta,Bosques de Tetlameya,Desconocida,4730.0,3.0,4.0,,,50.0,[],,,,2025-11-30 10:32:49
https://propiedades.com/inmuebles/departamento-en-venta-av-instituto-politecnico-nacional-lindavista-norte-df-30537469#pagina=27&tipos=residencial-venta&area=df&pos=7,30545502.0,5680000.0,"Se vende departamento en Av Instituto Politécnico Nacional, Colonia Lindavista Norte, C.P. 07300",Departamento,,Lindavista Norte,Gustavo A. Madero,7300.0,2.0,2.0,65.0,2.0,1.0,['Cisterna'],34430.0,19.505739,-99.148014,2025-11-30 10:33:37
https://propiedades.com/inmuebles/casa-en-venta-c-chilpancingo-hipodromo-ciudad-de-mexico-cdmx-hipodromo-df-30511754#pagina=13&tipos=residencial-venta&area=df&pos=8,30222495.0,10000000.0,"Casa en venta disponible en C. Chilpancingo, Hipódromo, Ciudad de México, CDMX, Colonia Hipódromo, C.P. 06100",Casa,"Hipódromo, Ciudad de México",Hipódromo,Cuauhtémoc,6100.0,3.0,5.0,99.0,2.0,,[],73470.0,19.413881,-99.167828,2025-11-30 10:33:54
https://propiedades.com/inmuebles/departamento-en-venta-ignacio-ramirez-tabacalera-df-29416476#pagina=34&tipos=residencial-venta&area=df&pos=27,28240277.0,3940000.0,"Se vende departamento Ignacio Ramírez, Colonia Tabacalera, C.P. 06030",Departamento,,Tabacalera,Desconocida,6030.0,2.0,1.0,17.0,1.0,,[],61480.0,,,2025-11-30 10:34:11
https://propiedades.com/inmuebles/departamento-en-venta-paseo-de-laureles-bosques-de-las-lomas-bosques-de-las-lomas-df-16738814#pagina=18&tipos=residencial-venta&area=df&pos=18,24998320.0,11700000.0,"Departamento disponible en venta en PASEO DE LAURELES, BOSQUES DE LAS LOMAS, Colonia Bosques de las Lomas, C.P. 05120",Departamento,avenida principal de Bosques de las Lomas a unos pasos de Pabellon Bosques,Bosques de las Lomas,Cuajimalpa,5120.0,3.0,5.0,0.0,3.0,20.0,[],46010.0,19.388115,-99.251801,2025-11-30 10:34:28
https://propiedades.com/inmuebles/departamento-en-venta-segunda-cda-de-cedral-san-andres-totoltepec-14640-ciudad-de-mexico-cdmx-sn-ejidos-de-san-pedro-martir-df-30533791#pagina=26&tipos=residencial-venta&area=df&pos=18,30296583.0,3990000.0,"Se vende departamento Segunda Cda. de Cedral, San Andrés Totoltepec, 14640 Ciudad de México, CDMX #s/n, Colonia Ejidos de San Pedro Mártir, C.P. 14640",Departamento,,Ejidos de San Pedro Mártir,Tlalpan,14640.0,2.0,1.0,120.0,1.0,,"['Cisterna', 'Telefonía']",33600.0,19.269349,-99.157411,2025-11-30 10:34:45
https://propiedades.com/inmuebles/casa-en-venta-julian-adame-el-molino-df-30271730#pagina=18&tipos=residencial-venta&area=df&pos=40,28150505.0,13700000.0,"Se vende casa en JULIAN ADAME, Colonia El Molino, C.P. 05240",Casa,Julian Adame,El Molino,Desconocida,5240.0,3.0,3.0,292.0,1.0,,[],42770.0,,,2025-11-30 10:35:14
https://propiedades.com/inmuebles/departamento-en-venta-blvd-adolfo-lopez-mateos-los-alpes-df-27431002#pagina=4&tipos=residencial-venta&area=df&pos=19,29321507.0,8228773.0,"Se vende departamento en Blvd. Adolfo López Mateos, Colonia Los Alpes, C.P. 01010",Departamento,Blvd. Adolfo López Mateos,Los Alpes,Álvaro Obregón,1010.0,2.0,2.0,85.0,2.0,,[],59230.0,19.359324,-99.193178,2025-11-30 10:35:29
https://propiedades.com/inmuebles/departamento-en-venta-av-insurgentes-sur-roma-norte-df-30161210#pagina=22&tipos=residencial-venta&area=df&pos=9,29865175.0,4590000.0,"Venta de departamento Av Insurgentes Sur, Colonia Roma Norte, C.P. 06700",Departamento,,Roma Norte,Cuauhtémoc,6700.0,2.0,1.0,0.0,,,[],54490.0,19.418323,-99.162565,2025-11-30 10:35:45
https://propiedades.com/inmuebles/departamento-en-venta-eje-central-lazaro-cardenas-narvarte-oriente-ciudad-de-mexico-cdmx-879-narvarte-oriente-df-30490132#pagina=27&tipos=residencial-venta&area=df&pos=40,30327419.0,4300000.0,"Venta de departamento en Eje Central Lázaro Cárdenas, Narvarte Oriente, Ciudad de México, CDMX #879 Int. piso 7, Colonia Narvarte Oriente, C.P. 03023",Departamento,"Narvarte Oriente, Ciudad de México",Narvarte Oriente,Benito Juárez,3023.0,2.0,2.0,78.0,2.0,7.0,['Cisterna'],41310.0,19.389297,-99.16122,2025-11-30 10:36:04
https://propiedades.com/inmuebles/departamento-en-venta-edgar-allan-poe-polanco-i-seccion-df-27715645#pagina=20&tipos=residencial-venta&area=df&pos=34,30434473.0,16200000.0,"Venta de departamento en Edgar Allan poe, Colonia Polanco I Sección, C.P. 11510",Departamento,"en venta en Polanco, Ciudad de México",Polanco I Sección,Miguel Hidalgo,11510.0,2.0,3.0,180.0,2.0,,[],84460.0,19.429379,-99.196393,2025-11-30 10:36:16
https://propiedades.com/inmuebles/departamento-en-venta-departamento-con-2-recamaras-y-amenidades-en-gral-anaya-general-pedro-maria-anaya-df-30216188#pagina=6&tipos=residencial-venta&area=df&pos=14,30216212.0,5246100.0,"Departamento en venta, DEPARTAMENTO CON 2 RECAMARAS Y AMENIDADES EN GRAL ANAYA, Colonia General Pedro Maria Anaya, C.P. 03340",Departamento,,General Pedro Maria Anaya,Desconocida,3340.0,2.0,2.0,52.0,1.0,1.0,['Cisterna'],44010.0,,,2025-11-30 10:36:53
https://propiedades.com/inmuebles/departamento-en-venta-maremoto-16-san-jeronimo-aculco-la-magdalena-contreras-01904-ciudad-de-mexico-cdmx-16-san-jeronimo-aculco-df-30420788#pagina=12&tipos=residencial-venta&area=df&pos=6,30554165.0,5500000.0,"Venta de departamento Maremoto 16, San Jerónimo Aculco, La Magdalena Contreras, 01904 Ciudad de México, CDMX #16, Colonia San Jerónimo Aculco, C.P. 01904",Departamento,,San Jerónimo Aculco,La Magdalena Contreras,1904.0,3.0,2.0,143.0,2.0,,[],39780.0,19.326719,-99.22256,2025-11-30 10:37:09
https://propiedades.com/inmuebles/departamento-en-venta-ignacio-manuel-altamirano-39san-rafael-cuauhtemoc-06470-ciudad-de-mexico-cdmx-san-rafael-df-30334330#pagina=2&tipos=residencial-venta&area=df&pos=27,27547292.0,2822229.0,"Venta departamento en Ignacio Manuel Altamirano 39San Rafael, Cuauhtémoc, 06470 Ciudad de México, CDMX, Colonia San Rafael, C.P. 06470",Departamento,Ignacio Manuel Altamirano 39san Rafael,San Rafael,Cuauhtémoc,6470.0,1.0,1.0,95.0,1.0,1.0,[],44580.0,19.437945,-99.162422,2025-11-30 10:37:26
https://propiedades.com/inmuebles/casa-en-venta-hermenegildo-galeana-altavista-df-30016792#pagina=3&tipos=residencial-venta&area=df&pos=33,30002070.0,16500000.0,"Casa en venta, Hermenegildo Galeana, Colonia Altavista, C.P. 01060",Casa,Venta,Altavista,Desconocida,1060.0,3.0,2.0,380.0,,35.0,[],53910.0,,,2025-11-30 10:37:41
https://propiedades.com/inmuebles/departamento-en-venta-centro-area-4-df-27792260#pagina=22&tipos=residencial-venta&area=df&pos=23,30389357.0,2150000.0,"Se vende departamento , Colonia Centro (Área 4), C.P. 06040",Departamento,,Centro (área 4),Cuauhtémoc,6040.0,2.0,1.0,0.0,1.0,3.0,[],36970.0,19.43263,-99.133178,2025-11-30 10:37:56
https://propiedades.com/inmuebles/departamento-en-venta-anaxagoras-narvarte-poniente-benito-juarez-03020-ciudad-de-mexico-cdmx-narvarte-poniente-df-30519096#pagina=11&tipos=residencial-venta&area=df&pos=12,29834500.0,3450000.0,"Se vende departamento Anaxágoras, Narvarte Poniente, Benito Juárez, 03020 Ciudad de México, CDMX, Colonia Narvarte Poniente, C.P. 03020",Departamento,,Narvarte Poniente,Benito Juárez,3020.0,3.0,1.0,41.0,2.0,,[],41310.0,19.392226,-99.157707,2025-11-30 10:38:12
https://propiedades.com/inmuebles/casa-en-venta-san-clemente-sur-df-30556001#pagina=17&tipos=residencial-venta&area=df&pos=22,30451676.0,6900000.0,"Venta de casa en , Colonia San Clemente Sur, C.P. 01740",Casa,,San Clemente Sur,Desconocida,1740.0,1.0,2.0,0.0,8.0,52.0,[],27630.0,,,2025-11-30 10:38:27
https://propiedades.com/inmuebles/casa-en-venta-tetelpan-df-27450173#pagina=28&tipos=residencial-venta&area=df&pos=4,30180655.0,11700000.0,"Se vende casa , Colonia Tetelpan, C.P. 01700",Casa,"Álvaro Obregón, Ciudad de México",Tetelpan,Desconocida,1700.0,4.0,5.0,477.0,4.0,,[],34770.0,,,2025-11-30 10:38:44
https://propiedades.com/inmuebles/departamento-en-venta-av-constitucion-de-apatzingan-122-edif-e-depto-202-tepalcates-iztapalapa-ciudad-de-mexico-cdmx-tepalcates-df-30386893#tipos=residencial-venta&area=df&pos=46,30186012.0,1691500.0,"Venta de departamento Av. Constitución de Apatzingán 122 Edif E, Depto 202, Tepalcates, Iztapalapa, Ciudad de México, CDMX, Colonia Tepalcates, C.P. 09210",Departamento,"Iztapalapa, Ciudad de México",Tepalcates,Iztapalapa,9210.0,2.0,1.0,55.0,1.0,31.0,['Cisterna'],14500.0,19.391276,-99.04635,2025-11-30 10:38:59
https://propiedades.com/inmuebles/casa-en-venta-santa-cecilia-df-30462848#pagina=17&tipos=residencial-venta&area=df&pos=21,180.0,12000000.0,"Casa en venta disponible en , Colonia Santa Cecilia, C.P. 04930",Casa,"Santa Cecilia, Ciudad de México",Santa Cecilia,Desconocida,4930.0,2.0,3.0,360.0,4.0,,[],22730.0,,,2025-11-30 10:39:12
https://propiedades.com/inmuebles/departamento-en-venta-departamento-con-3-recamaras-a-pasos-del-parque-gandhi-43-polanco-v-seccion-df-28364563#pagina=3&tipos=residencial-venta&area=df&pos=8,28974165.0,36439200.0,"Venta de departamento en DEPARTAMENTO CON 3 RECAMARAS A PASOS DEL PARQUE GANDHI #43, Colonia Polanco V Sección, C.P. 11560",Departamento,Departamento CON 3 Recamaras A Pasos DEL Parque Gandhi #43,Polanco V Sección,Miguel Hidalgo,11560.0,3.0,3.0,5.0,2.0,1.0,['Cisterna'],84460.0,19.429379,-99.196393,2025-11-30 10:40:07
